[
    {
        "user": "U8BL7N95G",
        "text": "<@U8BL7N95G> has joined the channel",
        "type": "message",
        "subtype": "channel_join",
        "ts": "1512721094.000266"
    },
    {
        "user": "U54MB54QL",
        "text": "<@U54MB54QL> has joined the channel",
        "type": "message",
        "subtype": "channel_join",
        "ts": "1512724661.000304"
    },
    {
        "user": "U8BPQJNUA",
        "text": "<@U8BPQJNUA> has joined the channel",
        "type": "message",
        "subtype": "channel_join",
        "ts": "1512740077.000080"
    },
    {
        "user": "U8BT59TCL",
        "text": "<@U8BT59TCL> has joined the channel",
        "type": "message",
        "subtype": "channel_join",
        "ts": "1512747313.000696"
    },
    {
        "user": "U8CU5JQ31",
        "text": "<@U8CU5JQ31> has joined the channel",
        "type": "message",
        "subtype": "channel_join",
        "ts": "1512747702.000745"
    },
    {
        "user": "U8B8R0V24",
        "text": "<@U8B8R0V24> has joined the channel",
        "type": "message",
        "subtype": "channel_join",
        "ts": "1512754080.000385"
    }
]