[
    {
        "user": "U58JYGKQV",
        "text": "<@U58JYGKQV> has joined the channel",
        "type": "message",
        "subtype": "channel_join",
        "ts": "1493883368.700616"
    },
    {
        "user": "U58G7BGPL",
        "text": "<@U58G7BGPL> has joined the channel",
        "type": "message",
        "subtype": "channel_join",
        "ts": "1493883642.747114"
    },
    {
        "user": "U57S783CG",
        "text": "<@U57S783CG> has joined the channel",
        "type": "message",
        "subtype": "channel_join",
        "ts": "1493885000.995743"
    },
    {
        "user": "U59BM87V5",
        "text": "<@U59BM87V5> has joined the channel",
        "type": "message",
        "subtype": "channel_join",
        "ts": "1493887685.536345"
    },
    {
        "user": "U59CH84J3",
        "text": "<@U59CH84J3> has joined the channel",
        "type": "message",
        "subtype": "channel_join",
        "ts": "1493892239.496557"
    },
    {
        "user": "U59C3HJEA",
        "text": "<@U59C3HJEA> has joined the channel",
        "type": "message",
        "subtype": "channel_join",
        "ts": "1493892979.641697"
    },
    {
        "user": "U57TRPR1N",
        "text": "<@U57TRPR1N> has joined the channel",
        "type": "message",
        "subtype": "channel_join",
        "ts": "1493893161.676005"
    },
    {
        "user": "U58FW3TPD",
        "text": "<@U58FW3TPD> has joined the channel",
        "type": "message",
        "subtype": "channel_join",
        "ts": "1493893309.703405"
    },
    {
        "user": "U56A4ULMV",
        "text": "<@U56A4ULMV> has joined the channel",
        "type": "message",
        "subtype": "channel_join",
        "ts": "1493893648.767847"
    },
    {
        "user": "U58KRJGBE",
        "text": "<@U58KRJGBE> has joined the channel",
        "type": "message",
        "subtype": "channel_join",
        "ts": "1493895031.020234"
    },
    {
        "user": "U57U3R6AC",
        "text": "<@U57U3R6AC> has joined the channel",
        "type": "message",
        "subtype": "channel_join",
        "ts": "1493895224.054275"
    },
    {
        "user": "U58GG2VS7",
        "text": "<@U58GG2VS7> has joined the channel",
        "type": "message",
        "subtype": "channel_join",
        "ts": "1493896705.320667"
    },
    {
        "user": "U58GGMCCB",
        "text": "<@U58GGMCCB> has joined the channel",
        "type": "message",
        "subtype": "channel_join",
        "ts": "1493896809.339219"
    },
    {
        "user": "U59CVM3AS",
        "text": "<@U59CVM3AS> has joined the channel",
        "type": "message",
        "subtype": "channel_join",
        "ts": "1493897437.451135"
    },
    {
        "user": "U59CZRP3Q",
        "text": "<@U59CZRP3Q> has joined the channel",
        "type": "message",
        "subtype": "channel_join",
        "ts": "1493898124.572644"
    },
    {
        "user": "U58LJD1S8",
        "text": "<@U58LJD1S8> has joined the channel",
        "type": "message",
        "subtype": "channel_join",
        "ts": "1493899479.851636"
    },
    {
        "user": "U58KP81NE",
        "text": "<@U58KP81NE> has joined the channel",
        "type": "message",
        "subtype": "channel_join",
        "ts": "1493902149.457078"
    },
    {
        "user": "U58039U3A",
        "text": "<@U58039U3A> has joined the channel",
        "type": "message",
        "subtype": "channel_join",
        "ts": "1493902436.531464"
    },
    {
        "user": "U597AKNBF",
        "text": "<@U597AKNBF> has joined the channel",
        "type": "message",
        "subtype": "channel_join",
        "ts": "1493966253.272672"
    }
]