[
    {
        "user": "U832SNJCU",
        "text": "<@U832SNJCU> has joined the channel",
        "type": "message",
        "subtype": "channel_join",
        "ts": "1511185115.000360"
    },
    {
        "user": "U8383AVEE",
        "text": "<@U8383AVEE> has joined the channel",
        "type": "message",
        "subtype": "channel_join",
        "ts": "1511206489.000409"
    },
    {
        "user": "U82L68NG0",
        "text": "<@U82L68NG0> has joined the channel",
        "type": "message",
        "subtype": "channel_join",
        "ts": "1511213810.000368"
    }
]