[
    {
        "user": "U56J2U40Y",
        "text": "<@U56J2U40Y> has joined the channel",
        "type": "message",
        "subtype": "channel_join",
        "ts": "1493706187.175810"
    },
    {
        "user": "U57B4V82H",
        "text": "<@U57B4V82H> has joined the channel",
        "type": "message",
        "subtype": "channel_join",
        "ts": "1493706530.215936"
    },
    {
        "user": "U582L1GTG",
        "text": "<@U582L1GTG> has joined the channel",
        "type": "message",
        "subtype": "channel_join",
        "ts": "1493707291.308864"
    },
    {
        "user": "U56J9DERE",
        "text": "<@U56J9DERE> has joined the channel",
        "type": "message",
        "subtype": "channel_join",
        "ts": "1493707819.374924"
    },
    {
        "user": "U578KJJEN",
        "text": "<@U578KJJEN> has joined the channel",
        "type": "message",
        "subtype": "channel_join",
        "ts": "1493708266.434051"
    }
]