[
    {
        "user": "U79DLPJ58",
        "text": "<@U79DLPJ58> has joined the channel",
        "type": "message",
        "subtype": "channel_join",
        "ts": "1506496492.000095"
    },
    {
        "user": "U79BK6DT5",
        "text": "<@U79BK6DT5> has joined the channel",
        "type": "message",
        "subtype": "channel_join",
        "ts": "1506497523.000015"
    },
    {
        "user": "U7AC4G414",
        "text": "<@U7AC4G414> has joined the channel",
        "type": "message",
        "subtype": "channel_join",
        "ts": "1506505518.000287"
    },
    {
        "user": "U79H494GL",
        "text": "<@U79H494GL> has joined the channel",
        "type": "message",
        "subtype": "channel_join",
        "ts": "1506505708.000094"
    },
    {
        "user": "U7AJ2AX71",
        "text": "<@U7AJ2AX71> has joined the channel",
        "type": "message",
        "subtype": "channel_join",
        "ts": "1506505717.000296"
    },
    {
        "user": "U79H4B476",
        "text": "<@U79H4B476> has joined the channel",
        "type": "message",
        "subtype": "channel_join",
        "ts": "1506505719.000468"
    },
    {
        "user": "U78RTCV4G",
        "text": "<@U78RTCV4G> has joined the channel",
        "type": "message",
        "subtype": "channel_join",
        "ts": "1506505828.000180"
    },
    {
        "user": "U790BDYV7",
        "text": "<@U790BDYV7> has joined the channel",
        "type": "message",
        "subtype": "channel_join",
        "ts": "1506505957.000102"
    },
    {
        "user": "U7AJA7B3R",
        "text": "<@U7AJA7B3R> has joined the channel",
        "type": "message",
        "subtype": "channel_join",
        "ts": "1506506807.000037"
    },
    {
        "user": "U79HDBYG4",
        "text": "<@U79HDBYG4> has joined the channel",
        "type": "message",
        "subtype": "channel_join",
        "ts": "1506506967.000013"
    },
    {
        "user": "U78S5CY7J",
        "text": "<@U78S5CY7J> has joined the channel",
        "type": "message",
        "subtype": "channel_join",
        "ts": "1506507533.000100"
    },
    {
        "user": "U79HQKJHJ",
        "text": "<@U79HQKJHJ> has joined the channel",
        "type": "message",
        "subtype": "channel_join",
        "ts": "1506508667.000189"
    },
    {
        "user": "U79LEG893",
        "text": "<@U79LEG893> has joined the channel",
        "type": "message",
        "subtype": "channel_join",
        "ts": "1506509529.000254"
    },
    {
        "user": "U79EP9Q03",
        "text": "<@U79EP9Q03> has joined the channel",
        "type": "message",
        "subtype": "channel_join",
        "ts": "1506511263.000338"
    },
    {
        "user": "U79NAD137",
        "text": "<@U79NAD137> has joined the channel",
        "type": "message",
        "subtype": "channel_join",
        "ts": "1506517111.000384"
    },
    {
        "user": "U79JM1U74",
        "text": "<@U79JM1U74> has joined the channel",
        "type": "message",
        "subtype": "channel_join",
        "ts": "1506518478.000155"
    },
    {
        "user": "U79HFNN8K",
        "text": "<@U79HFNN8K> has joined the channel",
        "type": "message",
        "subtype": "channel_join",
        "ts": "1506521712.000634"
    },
    {
        "user": "U794SEPH7",
        "text": "<@U794SEPH7> has joined the channel",
        "type": "message",
        "subtype": "channel_join",
        "ts": "1506522585.000634"
    },
    {
        "user": "U7AGU0PU6",
        "text": "<@U7AGU0PU6> has joined the channel",
        "type": "message",
        "subtype": "channel_join",
        "ts": "1506523018.000713"
    },
    {
        "user": "U7ALX5JKG",
        "text": "<@U7ALX5JKG> has joined the channel",
        "type": "message",
        "subtype": "channel_join",
        "ts": "1506534487.000619"
    }
]