[
    {
        "user": "U7Q488NUT",
        "text": "<@U7Q488NUT> has joined the channel",
        "type": "message",
        "subtype": "channel_join",
        "ts": "1509003267.000128"
    },
    {
        "user": "U7Q4UPE0K",
        "text": "<@U7Q4UPE0K> has joined the channel",
        "type": "message",
        "subtype": "channel_join",
        "ts": "1509006431.000085"
    },
    {
        "user": "U7Q546WTD",
        "text": "<@U7Q546WTD> has joined the channel",
        "type": "message",
        "subtype": "channel_join",
        "ts": "1509007722.000148"
    },
    {
        "type": "message",
        "subtype": "file_comment",
        "text": "<@U5MRK12JK> commented on <@U54KSDKCY>’s file <https:\/\/growthhackingfrance.slack.com\/files\/U54KSDKCY\/F7L0NJKNU\/screenshot_20171019-103634.png|Screenshot_20171019-103634.png>: Il ressemble à quoi le mail que tu as envoyé <@U6RU1K5BL>?",
        "file": {
            "id": "F7L0NJKNU",
            "created": 1508402518,
            "timestamp": 1508402518,
            "name": "Screenshot_20171019-103634.png",
            "title": "Screenshot_20171019-103634.png",
            "mimetype": "image\/png",
            "filetype": "png",
            "pretty_type": "PNG",
            "user": "U54KSDKCY",
            "editable": false,
            "size": 152781,
            "mode": "hosted",
            "is_external": false,
            "external_type": "",
            "is_public": true,
            "public_url_shared": false,
            "display_as_bot": false,
            "username": "",
            "url_private": "https:\/\/files.slack.com\/files-pri\/T53A65FDZ-F7L0NJKNU\/screenshot_20171019-103634.png?t=xoxe-173346185475-301971345667-302189523445-be5392310f98480a534c383e5d92ddc3",
            "url_private_download": "https:\/\/files.slack.com\/files-pri\/T53A65FDZ-F7L0NJKNU\/download\/screenshot_20171019-103634.png?t=xoxe-173346185475-301971345667-302189523445-be5392310f98480a534c383e5d92ddc3",
            "thumb_64": "https:\/\/files.slack.com\/files-tmb\/T53A65FDZ-F7L0NJKNU-a13f1140c1\/screenshot_20171019-103634_64.png?t=xoxe-173346185475-301971345667-302189523445-be5392310f98480a534c383e5d92ddc3",
            "thumb_80": "https:\/\/files.slack.com\/files-tmb\/T53A65FDZ-F7L0NJKNU-a13f1140c1\/screenshot_20171019-103634_80.png?t=xoxe-173346185475-301971345667-302189523445-be5392310f98480a534c383e5d92ddc3",
            "thumb_360": "https:\/\/files.slack.com\/files-tmb\/T53A65FDZ-F7L0NJKNU-a13f1140c1\/screenshot_20171019-103634_360.png?t=xoxe-173346185475-301971345667-302189523445-be5392310f98480a534c383e5d92ddc3",
            "thumb_360_w": 203,
            "thumb_360_h": 360,
            "thumb_480": "https:\/\/files.slack.com\/files-tmb\/T53A65FDZ-F7L0NJKNU-a13f1140c1\/screenshot_20171019-103634_480.png?t=xoxe-173346185475-301971345667-302189523445-be5392310f98480a534c383e5d92ddc3",
            "thumb_480_w": 270,
            "thumb_480_h": 480,
            "thumb_160": "https:\/\/files.slack.com\/files-tmb\/T53A65FDZ-F7L0NJKNU-a13f1140c1\/screenshot_20171019-103634_160.png?t=xoxe-173346185475-301971345667-302189523445-be5392310f98480a534c383e5d92ddc3",
            "thumb_720": "https:\/\/files.slack.com\/files-tmb\/T53A65FDZ-F7L0NJKNU-a13f1140c1\/screenshot_20171019-103634_720.png?t=xoxe-173346185475-301971345667-302189523445-be5392310f98480a534c383e5d92ddc3",
            "thumb_720_w": 405,
            "thumb_720_h": 720,
            "thumb_800": "https:\/\/files.slack.com\/files-tmb\/T53A65FDZ-F7L0NJKNU-a13f1140c1\/screenshot_20171019-103634_800.png?t=xoxe-173346185475-301971345667-302189523445-be5392310f98480a534c383e5d92ddc3",
            "thumb_800_w": 800,
            "thumb_800_h": 1422,
            "thumb_960": "https:\/\/files.slack.com\/files-tmb\/T53A65FDZ-F7L0NJKNU-a13f1140c1\/screenshot_20171019-103634_960.png?t=xoxe-173346185475-301971345667-302189523445-be5392310f98480a534c383e5d92ddc3",
            "thumb_960_w": 540,
            "thumb_960_h": 960,
            "thumb_1024": "https:\/\/files.slack.com\/files-tmb\/T53A65FDZ-F7L0NJKNU-a13f1140c1\/screenshot_20171019-103634_1024.png?t=xoxe-173346185475-301971345667-302189523445-be5392310f98480a534c383e5d92ddc3",
            "thumb_1024_w": 576,
            "thumb_1024_h": 1024,
            "image_exif_rotation": 1,
            "original_w": 1080,
            "original_h": 1920,
            "permalink": "https:\/\/growthhackingfrance.slack.com\/files\/U54KSDKCY\/F7L0NJKNU\/screenshot_20171019-103634.png",
            "permalink_public": "https:\/\/slack-files.com\/T53A65FDZ-F7L0NJKNU-506bf26075",
            "channels": [],
            "groups": [],
            "ims": [],
            "comments_count": 7,
            "initial_comment": {
                "id": "Fc7LPY9LAZ",
                "created": 1508402518,
                "timestamp": 1508402518,
                "user": "U54KSDKCY",
                "is_intro": true,
                "comment": "<@U6RU1K5BL> : Vous faites quelque chose de spécial dans votre e-mail de validation ou c'est juste Google qui est de plus en plus malin ? (lire intrusif).\nSurpris ce matin d'avoir un rappel Google pour me dire de valider cet email. :open_mouth:"
            }
        },
        "comment": {
            "id": "Fc7QFRSYAG",
            "created": 1509032706,
            "timestamp": 1509032706,
            "user": "U5MRK12JK",
            "is_intro": false,
            "comment": "Il ressemble à quoi le mail que tu as envoyé <@U6RU1K5BL>?"
        },
        "is_intro": false,
        "ts": "1509032706.000185"
    },
    {
        "type": "message",
        "subtype": "file_comment",
        "text": "<@U5MRK12JK> commented on <@U54KSDKCY>’s file <https:\/\/growthhackingfrance.slack.com\/files\/U54KSDKCY\/F7L0NJKNU\/screenshot_20171019-103634.png|Screenshot_20171019-103634.png>: Ca veut dire qu'on peut faire en sort que google relance à notre place, c'est juste monstrueux",
        "file": {
            "id": "F7L0NJKNU",
            "created": 1508402518,
            "timestamp": 1508402518,
            "name": "Screenshot_20171019-103634.png",
            "title": "Screenshot_20171019-103634.png",
            "mimetype": "image\/png",
            "filetype": "png",
            "pretty_type": "PNG",
            "user": "U54KSDKCY",
            "editable": false,
            "size": 152781,
            "mode": "hosted",
            "is_external": false,
            "external_type": "",
            "is_public": true,
            "public_url_shared": false,
            "display_as_bot": false,
            "username": "",
            "url_private": "https:\/\/files.slack.com\/files-pri\/T53A65FDZ-F7L0NJKNU\/screenshot_20171019-103634.png?t=xoxe-173346185475-301971345667-302189523445-be5392310f98480a534c383e5d92ddc3",
            "url_private_download": "https:\/\/files.slack.com\/files-pri\/T53A65FDZ-F7L0NJKNU\/download\/screenshot_20171019-103634.png?t=xoxe-173346185475-301971345667-302189523445-be5392310f98480a534c383e5d92ddc3",
            "thumb_64": "https:\/\/files.slack.com\/files-tmb\/T53A65FDZ-F7L0NJKNU-a13f1140c1\/screenshot_20171019-103634_64.png?t=xoxe-173346185475-301971345667-302189523445-be5392310f98480a534c383e5d92ddc3",
            "thumb_80": "https:\/\/files.slack.com\/files-tmb\/T53A65FDZ-F7L0NJKNU-a13f1140c1\/screenshot_20171019-103634_80.png?t=xoxe-173346185475-301971345667-302189523445-be5392310f98480a534c383e5d92ddc3",
            "thumb_360": "https:\/\/files.slack.com\/files-tmb\/T53A65FDZ-F7L0NJKNU-a13f1140c1\/screenshot_20171019-103634_360.png?t=xoxe-173346185475-301971345667-302189523445-be5392310f98480a534c383e5d92ddc3",
            "thumb_360_w": 203,
            "thumb_360_h": 360,
            "thumb_480": "https:\/\/files.slack.com\/files-tmb\/T53A65FDZ-F7L0NJKNU-a13f1140c1\/screenshot_20171019-103634_480.png?t=xoxe-173346185475-301971345667-302189523445-be5392310f98480a534c383e5d92ddc3",
            "thumb_480_w": 270,
            "thumb_480_h": 480,
            "thumb_160": "https:\/\/files.slack.com\/files-tmb\/T53A65FDZ-F7L0NJKNU-a13f1140c1\/screenshot_20171019-103634_160.png?t=xoxe-173346185475-301971345667-302189523445-be5392310f98480a534c383e5d92ddc3",
            "thumb_720": "https:\/\/files.slack.com\/files-tmb\/T53A65FDZ-F7L0NJKNU-a13f1140c1\/screenshot_20171019-103634_720.png?t=xoxe-173346185475-301971345667-302189523445-be5392310f98480a534c383e5d92ddc3",
            "thumb_720_w": 405,
            "thumb_720_h": 720,
            "thumb_800": "https:\/\/files.slack.com\/files-tmb\/T53A65FDZ-F7L0NJKNU-a13f1140c1\/screenshot_20171019-103634_800.png?t=xoxe-173346185475-301971345667-302189523445-be5392310f98480a534c383e5d92ddc3",
            "thumb_800_w": 800,
            "thumb_800_h": 1422,
            "thumb_960": "https:\/\/files.slack.com\/files-tmb\/T53A65FDZ-F7L0NJKNU-a13f1140c1\/screenshot_20171019-103634_960.png?t=xoxe-173346185475-301971345667-302189523445-be5392310f98480a534c383e5d92ddc3",
            "thumb_960_w": 540,
            "thumb_960_h": 960,
            "thumb_1024": "https:\/\/files.slack.com\/files-tmb\/T53A65FDZ-F7L0NJKNU-a13f1140c1\/screenshot_20171019-103634_1024.png?t=xoxe-173346185475-301971345667-302189523445-be5392310f98480a534c383e5d92ddc3",
            "thumb_1024_w": 576,
            "thumb_1024_h": 1024,
            "image_exif_rotation": 1,
            "original_w": 1080,
            "original_h": 1920,
            "permalink": "https:\/\/growthhackingfrance.slack.com\/files\/U54KSDKCY\/F7L0NJKNU\/screenshot_20171019-103634.png",
            "permalink_public": "https:\/\/slack-files.com\/T53A65FDZ-F7L0NJKNU-506bf26075",
            "channels": [],
            "groups": [],
            "ims": [],
            "comments_count": 7,
            "initial_comment": {
                "id": "Fc7LPY9LAZ",
                "created": 1508402518,
                "timestamp": 1508402518,
                "user": "U54KSDKCY",
                "is_intro": true,
                "comment": "<@U6RU1K5BL> : Vous faites quelque chose de spécial dans votre e-mail de validation ou c'est juste Google qui est de plus en plus malin ? (lire intrusif).\nSurpris ce matin d'avoir un rappel Google pour me dire de valider cet email. :open_mouth:"
            }
        },
        "comment": {
            "id": "Fc7PQELK5E",
            "created": 1509032737,
            "timestamp": 1509032737,
            "user": "U5MRK12JK",
            "is_intro": false,
            "comment": "Ca veut dire qu'on peut faire en sort que google relance à notre place, c'est juste monstrueux",
            "reactions": [
                {
                    "name": "+1",
                    "users": [
                        "U54KSDKCY"
                    ],
                    "count": 1
                }
            ]
        },
        "is_intro": false,
        "ts": "1509032737.000481"
    },
    {
        "type": "message",
        "user": "U54NAL317",
        "text": "google le fait automatiquement",
        "ts": "1509032769.000111"
    },
    {
        "type": "message",
        "user": "U54NAL317",
        "text": "pour les billets d'avion, la confirmation d'inscription à une newsletter, le rappel d'un rendez-vous",
        "ts": "1509032801.000585"
    },
    {
        "type": "message",
        "user": "U54NAL317",
        "text": "ça devient un peu flippant",
        "ts": "1509032805.000618"
    },
    {
        "type": "message",
        "user": "U54KSDKCY",
        "text": "Oui mais là on est juste sur un e-mail d'activation de compte .. :confused: C'est ouf de nous faire un rappel pour ça",
        "ts": "1509032939.000406"
    },
    {
        "type": "message",
        "user": "U54NAL317",
        "text": "oui même système de rappel de confirmation à une newsletter",
        "ts": "1509033072.000358"
    },
    {
        "type": "message",
        "user": "U54NAL317",
        "text": "google lit le contenu voit le mots \"confirmation\" \"veuillez-confirmer\", \"n'oubliez pas de confirmer\".. et hop",
        "ts": "1509033107.000576"
    },
    {
        "type": "message",
        "user": "U54NAL317",
        "text": "En ce moment, j'ai des notifications Google maps \"partez maintenant si vous souhaitez arriver à l'heure à votre rdv chez X\" alors que je n'ai pas mis ce rendez-vous dans google calendar",
        "ts": "1509033158.000267",
        "reactions": [
            {
                "name": "robot_face",
                "users": [
                    "U543MU39P",
                    "U5SRSJC5B"
                ],
                "count": 2
            }
        ]
    },
    {
        "type": "message",
        "user": "U54KSDKCY",
        "text": "Quelle époque :') ",
        "ts": "1509034429.000657"
    },
    {
        "user": "U7QV3SN21",
        "text": "<@U7QV3SN21> has joined the channel",
        "type": "message",
        "subtype": "channel_join",
        "ts": "1509084825.000177"
    },
    {
        "user": "U7Q63PKLG",
        "text": "<@U7Q63PKLG> has joined the channel",
        "type": "message",
        "subtype": "channel_join",
        "ts": "1509087137.000120"
    }
]