[
    {
        "user": "U82DNP7L7",
        "text": "<@U82DNP7L7> has joined the channel",
        "type": "message",
        "subtype": "channel_join",
        "ts": "1510829752.000328"
    },
    {
        "user": "U80RX6J0Z",
        "text": "<@U80RX6J0Z> has joined the channel",
        "type": "message",
        "subtype": "channel_join",
        "ts": "1510831739.000021"
    },
    {
        "user": "U81JLG72R",
        "text": "<@U81JLG72R> has joined the channel",
        "type": "message",
        "subtype": "channel_join",
        "ts": "1510842268.000226"
    }
]