[
    {
        "user": "U7JSAQRBP",
        "text": "<@U7JSAQRBP> has joined the channel",
        "type": "message",
        "subtype": "channel_join",
        "ts": "1508142848.000251"
    },
    {
        "user": "U7JL28JG3",
        "text": "<@U7JL28JG3> has joined the channel",
        "type": "message",
        "subtype": "channel_join",
        "ts": "1508143257.000401"
    },
    {
        "user": "U7JL9E9B3",
        "text": "<@U7JL9E9B3> has joined the channel",
        "type": "message",
        "subtype": "channel_join",
        "ts": "1508191661.000294"
    },
    {
        "user": "U7K8KVCKE",
        "text": "<@U7K8KVCKE> has joined the channel",
        "type": "message",
        "subtype": "channel_join",
        "ts": "1508196894.000160"
    },
    {
        "user": "U7JQDF08H",
        "text": "<@U7JQDF08H> has joined the channel",
        "type": "message",
        "subtype": "channel_join",
        "ts": "1508223486.000103"
    }
]