[
    {
        "user": "U846S42Q4",
        "text": "<@U846S42Q4> has joined the channel",
        "type": "message",
        "subtype": "channel_join",
        "ts": "1511347334.000465"
    },
    {
        "type": "message",
        "user": "U54SF0U1Y",
        "text": "Un outil de chat à me conseiller pour un site ? Un truc gratuit et beau",
        "ts": "1511367789.000283"
    },
    {
        "type": "message",
        "user": "U54NAL317",
        "text": "<http:\/\/tawk.to|tawk.to>",
        "ts": "1511367807.000508",
        "reactions": [
            {
                "name": "+1",
                "users": [
                    "U54KSDKCY",
                    "U54SF0U1Y"
                ],
                "count": 2
            }
        ]
    },
    {
        "type": "message",
        "user": "U54SF0U1Y",
        "text": "Leur business model c’est de vendre les agents ? Smart",
        "ts": "1511367872.000352"
    },
    {
        "type": "message",
        "user": "U54NAL317",
        "text": "on l'a utilisé pendant un an et tout s'est bien passé",
        "ts": "1511368167.000358"
    },
    {
        "type": "message",
        "user": "U54NAL317",
        "text": "oui",
        "ts": "1511368168.000040"
    },
    {
        "type": "message",
        "user": "U54SF0U1Y",
        "text": "Super merci !",
        "ts": "1511368504.000065"
    },
    {
        "type": "message",
        "user": "U563EC30V",
        "text": "j'utilise Chatlio c'est pas mal pour l'interfacage Slack mais sinon ya toujours Intercom &amp; Drift qui sont bons",
        "ts": "1511370433.000287",
        "reactions": [
            {
                "name": "+1",
                "users": [
                    "U54SF0U1Y"
                ],
                "count": 1
            }
        ]
    },
    {
        "type": "message",
        "user": "U54KSDKCY",
        "text": "J'ai travaillé avec <http:\/\/Tawk.to|Tawk.to>, ils ont des features premium pour model, mais le tool est super cool, modifiable, le support est top si besoin. Free j'ai rien vu de tel. ",
        "ts": "1511370907.000472",
        "reactions": [
            {
                "name": "+1",
                "users": [
                    "U54SF0U1Y"
                ],
                "count": 1
            }
        ]
    },
    {
        "type": "message",
        "user": "U7G04SPAL",
        "text": "Pour peu d'utilisateurs on a utilisé crisp, c'était pas mal",
        "ts": "1511394866.000082",
        "reactions": [
            {
                "name": "+1",
                "users": [
                    "U54SF0U1Y",
                    "U58ASTCP9"
                ],
                "count": 2
            }
        ]
    },
    {
        "type": "message",
        "user": "U7TQ5FHT4",
        "text": "On est sur Crisp également. ça fait le taff :wink:",
        "ts": "1511394994.000092",
        "reactions": [
            {
                "name": "+1",
                "users": [
                    "U54SF0U1Y"
                ],
                "count": 1
            }
        ]
    },
    {
        "type": "message",
        "user": "U54SF0U1Y",
        "text": "Ce Slack ne s’arrête jamais ! Merci !",
        "ts": "1511395176.000066",
        "reactions": [
            {
                "name": "heart",
                "users": [
                    "U5519FU87",
                    "U5B14H0PR",
                    "U7G04SPAL",
                    "U7TQ5FHT4"
                ],
                "count": 4
            }
        ]
    }
]