[
    {
        "user": "U5Q09TD3K",
        "text": "<@U5Q09TD3K> has joined the channel",
        "type": "message",
        "subtype": "channel_join",
        "ts": "1496910498.484830"
    },
    {
        "user": "U5PSVHNFJ",
        "text": "<@U5PSVHNFJ> has joined the channel",
        "type": "message",
        "subtype": "channel_join",
        "ts": "1496911027.614374"
    },
    {
        "user": "U5Q1R690R",
        "text": "<@U5Q1R690R> has joined the channel",
        "type": "message",
        "subtype": "channel_join",
        "ts": "1496917117.113259"
    },
    {
        "user": "U5QJCSCJF",
        "text": "<@U5QJCSCJF> has joined the channel",
        "type": "message",
        "subtype": "channel_join",
        "ts": "1496925973.034645"
    },
    {
        "user": "U5Q1GKU72",
        "text": "<@U5Q1GKU72> has joined the channel",
        "type": "message",
        "subtype": "channel_join",
        "ts": "1496928062.666897"
    }
]