[
    {
        "user": "U5PAJ6AKW",
        "text": "<@U5PAJ6AKW> has joined the channel",
        "type": "message",
        "subtype": "channel_join",
        "ts": "1496749059.298239"
    },
    {
        "user": "U5Q52D37G",
        "text": "<@U5Q52D37G> has joined the channel",
        "type": "message",
        "subtype": "channel_join",
        "ts": "1496756121.177960"
    },
    {
        "user": "U5NNT82E4",
        "text": "<@U5NNT82E4> has joined the channel",
        "type": "message",
        "subtype": "channel_join",
        "ts": "1496762226.682401"
    }
]