[
    {
        "user": "U5R410XC3",
        "text": "<@U5R410XC3> has joined the channel",
        "type": "message",
        "subtype": "channel_join",
        "ts": "1496991719.369557"
    },
    {
        "user": "U5QL06Q4R",
        "text": "<@U5QL06Q4R> has joined the channel",
        "type": "message",
        "subtype": "channel_join",
        "ts": "1496997586.568341"
    },
    {
        "user": "U5S3VNW2J",
        "text": "<@U5S3VNW2J> has joined the channel",
        "type": "message",
        "subtype": "channel_join",
        "ts": "1497007796.737766"
    },
    {
        "user": "U5QTCTK33",
        "text": "<@U5QTCTK33> has joined the channel",
        "type": "message",
        "subtype": "channel_join",
        "ts": "1497025147.251380"
    }
]