[
    {
        "user": "U61C6MSQJ",
        "text": "<@U61C6MSQJ> has joined the channel",
        "type": "message",
        "subtype": "channel_join",
        "ts": "1498723209.976961"
    },
    {
        "user": "U61DV3KQC",
        "text": "<@U61DV3KQC> has joined the channel",
        "type": "message",
        "subtype": "channel_join",
        "ts": "1498724171.208130"
    },
    {
        "user": "U61FPU729",
        "text": "<@U61FPU729> has joined the channel",
        "type": "message",
        "subtype": "channel_join",
        "ts": "1498725851.620355"
    },
    {
        "user": "U61DTU467",
        "text": "<@U61DTU467> has joined the channel",
        "type": "message",
        "subtype": "channel_join",
        "ts": "1498739590.791363"
    },
    {
        "user": "U62AQH47Q",
        "text": "<@U62AQH47Q> has joined the channel",
        "type": "message",
        "subtype": "channel_join",
        "ts": "1498740178.947195"
    },
    {
        "user": "U61KHARMG",
        "text": "<@U61KHARMG> has joined the channel",
        "type": "message",
        "subtype": "channel_join",
        "ts": "1498749611.633500"
    },
    {
        "user": "U61LBFC2E",
        "text": "<@U61LBFC2E> has joined the channel",
        "type": "message",
        "subtype": "channel_join",
        "ts": "1498751683.527756"
    },
    {
        "user": "U615BJ0LR",
        "text": "<@U615BJ0LR> has joined the channel",
        "type": "message",
        "subtype": "channel_join",
        "ts": "1498755425.998676"
    },
    {
        "user": "U61LBKVEF",
        "text": "<@U61LBKVEF> has joined the channel",
        "type": "message",
        "subtype": "channel_join",
        "ts": "1498757783.890249"
    }
]