[
    {
        "user": "U853MHHLL",
        "text": "<@U853MHHLL> has joined the channel",
        "type": "message",
        "subtype": "channel_join",
        "ts": "1511518426.000319"
    },
    {
        "user": "U85UA9F8E",
        "text": "<@U85UA9F8E> has joined the channel",
        "type": "message",
        "subtype": "channel_join",
        "ts": "1511519982.000330"
    },
    {
        "user": "U852PD4CA",
        "text": "<@U852PD4CA> has joined the channel",
        "type": "message",
        "subtype": "channel_join",
        "ts": "1511520623.000311"
    },
    {
        "user": "U84K5V3PB",
        "text": "<@U84K5V3PB> has joined the channel",
        "type": "message",
        "subtype": "channel_join",
        "ts": "1511532719.000031"
    },
    {
        "user": "U859D62MS",
        "text": "<@U859D62MS> has joined the channel",
        "type": "message",
        "subtype": "channel_join",
        "ts": "1511550995.000194"
    }
]