[
    {
        "user": "U5S5VE94L",
        "text": "<@U5S5VE94L> has joined the channel",
        "type": "message",
        "subtype": "channel_join",
        "ts": "1497256571.372277"
    },
    {
        "user": "U5S51RC74",
        "text": "<@U5S51RC74> has joined the channel",
        "type": "message",
        "subtype": "channel_join",
        "ts": "1497259632.087769"
    },
    {
        "user": "U5T1L218E",
        "text": "<@U5T1L218E> has joined the channel",
        "type": "message",
        "subtype": "channel_join",
        "ts": "1497269914.185717"
    },
    {
        "user": "U5SCPGV9Q",
        "text": "<@U5SCPGV9Q> has joined the channel",
        "type": "message",
        "subtype": "channel_join",
        "ts": "1497286363.092133"
    }
]