[
    {
        "user": "U57A41GGZ",
        "text": "<@U57A41GGZ> has joined the channel",
        "type": "message",
        "subtype": "channel_join",
        "ts": "1493795307.235195"
    },
    {
        "user": "U58ME5DHC",
        "text": "<@U58ME5DHC> has joined the channel",
        "type": "message",
        "subtype": "channel_join",
        "ts": "1493798410.728618"
    },
    {
        "user": "U577MDZA4",
        "text": "<@U577MDZA4> has joined the channel",
        "type": "message",
        "subtype": "channel_join",
        "ts": "1493798431.733088"
    },
    {
        "user": "U57R59JKV",
        "text": "<@U57R59JKV> has joined the channel",
        "type": "message",
        "subtype": "channel_join",
        "ts": "1493798476.742360"
    },
    {
        "user": "U58MZUF39",
        "text": "<@U58MZUF39> has joined the channel",
        "type": "message",
        "subtype": "channel_join",
        "ts": "1493798633.772344"
    },
    {
        "user": "U57TDD9QS",
        "text": "<@U57TDD9QS> has joined the channel",
        "type": "message",
        "subtype": "channel_join",
        "ts": "1493799037.844854"
    },
    {
        "user": "U57AQ7U1F",
        "text": "<@U57AQ7U1F> has joined the channel",
        "type": "message",
        "subtype": "channel_join",
        "ts": "1493799059.848751"
    },
    {
        "user": "U57TENW1G",
        "text": "<@U57TENW1G> has joined the channel",
        "type": "message",
        "subtype": "channel_join",
        "ts": "1493799260.884752"
    },
    {
        "user": "U57UZV9QU",
        "text": "<@U57UZV9QU> has joined the channel",
        "type": "message",
        "subtype": "channel_join",
        "ts": "1493800032.029009"
    },
    {
        "user": "U57V1KNBE",
        "text": "<@U57V1KNBE> has joined the channel",
        "type": "message",
        "subtype": "channel_join",
        "ts": "1493800305.082404"
    },
    {
        "user": "U57B0D95F",
        "text": "<@U57B0D95F> has joined the channel",
        "type": "message",
        "subtype": "channel_join",
        "ts": "1493800731.164301"
    },
    {
        "user": "U581726KF",
        "text": "<@U581726KF> has joined the channel",
        "type": "message",
        "subtype": "channel_join",
        "ts": "1493801500.318369"
    },
    {
        "user": "U58N1LR3Q",
        "text": "<@U58N1LR3Q> has joined the channel",
        "type": "message",
        "subtype": "channel_join",
        "ts": "1493801910.402152"
    },
    {
        "user": "U57RT1XHR",
        "text": "<@U57RT1XHR> has joined the channel",
        "type": "message",
        "subtype": "channel_join",
        "ts": "1493801995.419812"
    },
    {
        "user": "U58NB6PNJ",
        "text": "<@U58NB6PNJ> has joined the channel",
        "type": "message",
        "subtype": "channel_join",
        "ts": "1493803400.703864"
    },
    {
        "user": "U581LHXLM",
        "text": "<@U581LHXLM> has joined the channel",
        "type": "message",
        "subtype": "channel_join",
        "ts": "1493803618.747945"
    },
    {
        "user": "U57U9QG3C",
        "text": "<@U57U9QG3C> has joined the channel",
        "type": "message",
        "subtype": "channel_join",
        "ts": "1493803881.801529"
    },
    {
        "user": "U58P6B207",
        "text": "<@U58P6B207> has joined the channel",
        "type": "message",
        "subtype": "channel_join",
        "ts": "1493805103.043629"
    },
    {
        "user": "U5823FQHK",
        "text": "<@U5823FQHK> has joined the channel",
        "type": "message",
        "subtype": "channel_join",
        "ts": "1493806307.280964"
    },
    {
        "user": "U57UTKBUJ",
        "text": "<@U57UTKBUJ> has joined the channel",
        "type": "message",
        "subtype": "channel_join",
        "ts": "1493806755.363235"
    },
    {
        "user": "U57C4V797",
        "text": "<@U57C4V797> has joined the channel",
        "type": "message",
        "subtype": "channel_join",
        "ts": "1493806884.386258"
    },
    {
        "user": "U57UZREMQ",
        "text": "<@U57UZREMQ> has joined the channel",
        "type": "message",
        "subtype": "channel_join",
        "ts": "1493807854.556890"
    },
    {
        "user": "U579FD66L",
        "text": "<@U579FD66L> has joined the channel",
        "type": "message",
        "subtype": "channel_join",
        "ts": "1493808551.674552"
    },
    {
        "user": "U579QKVPS",
        "text": "<@U579QKVPS> has joined the channel",
        "type": "message",
        "subtype": "channel_join",
        "ts": "1493810153.951411"
    },
    {
        "user": "U57CQCVS5",
        "text": "<@U57CQCVS5> has joined the channel",
        "type": "message",
        "subtype": "channel_join",
        "ts": "1493810301.976188"
    },
    {
        "user": "U58PPGQCE",
        "text": "<@U58PPGQCE> has joined the channel",
        "type": "message",
        "subtype": "channel_join",
        "ts": "1493811224.135290"
    },
    {
        "user": "U58055L90",
        "text": "<@U58055L90> has joined the channel",
        "type": "message",
        "subtype": "channel_join",
        "ts": "1493811236.137416"
    },
    {
        "user": "U582Z4BCM",
        "text": "<@U582Z4BCM> has joined the channel",
        "type": "message",
        "subtype": "channel_join",
        "ts": "1493811508.184319"
    },
    {
        "user": "U57TGAYE7",
        "text": "<@U57TGAYE7> has joined the channel",
        "type": "message",
        "subtype": "channel_join",
        "ts": "1493811582.196812"
    },
    {
        "user": "U581PA1GU",
        "text": "<@U581PA1GU> has joined the channel",
        "type": "message",
        "subtype": "channel_join",
        "ts": "1493811884.248395"
    },
    {
        "user": "U581T0QQL",
        "text": "<@U581T0QQL> has joined the channel",
        "type": "message",
        "subtype": "channel_join",
        "ts": "1493812509.360376"
    },
    {
        "user": "U581TLY3E",
        "text": "<@U581TLY3E> has joined the channel",
        "type": "message",
        "subtype": "channel_join",
        "ts": "1493812616.380679"
    },
    {
        "user": "U57TPFMEX",
        "text": "<@U57TPFMEX> has joined the channel",
        "type": "message",
        "subtype": "channel_join",
        "ts": "1493812787.412229"
    },
    {
        "user": "U58QL90LF",
        "text": "<@U58QL90LF> has joined the channel",
        "type": "message",
        "subtype": "channel_join",
        "ts": "1493813289.511599"
    },
    {
        "user": "U57D8UM97",
        "text": "<@U57D8UM97> has joined the channel",
        "type": "message",
        "subtype": "channel_join",
        "ts": "1493813415.536466"
    },
    {
        "user": "U580PR7C2",
        "text": "<@U580PR7C2> has joined the channel",
        "type": "message",
        "subtype": "channel_join",
        "ts": "1493814219.702725"
    },
    {
        "user": "U58QSM0CF",
        "text": "<@U58QSM0CF> has joined the channel",
        "type": "message",
        "subtype": "channel_join",
        "ts": "1493814226.704344"
    },
    {
        "user": "U57DF0EM7",
        "text": "<@U57DF0EM7> has joined the channel",
        "type": "message",
        "subtype": "channel_join",
        "ts": "1493814292.718903"
    },
    {
        "user": "U57DKJR5F",
        "text": "<@U57DKJR5F> has joined the channel",
        "type": "message",
        "subtype": "channel_join",
        "ts": "1493814944.862660"
    },
    {
        "user": "U57U70U2F",
        "text": "<@U57U70U2F> has joined the channel",
        "type": "message",
        "subtype": "channel_join",
        "ts": "1493815295.942807"
    },
    {
        "user": "U582S77DJ",
        "text": "<@U582S77DJ> has joined the channel",
        "type": "message",
        "subtype": "channel_join",
        "ts": "1493816923.368515"
    },
    {
        "user": "U57BHF200",
        "text": "<@U57BHF200> has joined the channel",
        "type": "message",
        "subtype": "channel_join",
        "ts": "1493818368.812153"
    },
    {
        "user": "U58RVQT8W",
        "text": "<@U58RVQT8W> has joined the channel",
        "type": "message",
        "subtype": "channel_join",
        "ts": "1493820163.431344"
    },
    {
        "user": "U582C8FC2",
        "text": "<@U582C8FC2> has joined the channel",
        "type": "message",
        "subtype": "channel_join",
        "ts": "1493820231.456333"
    },
    {
        "user": "U57G4AJ9X",
        "text": "<@U57G4AJ9X> has joined the channel",
        "type": "message",
        "subtype": "channel_join",
        "ts": "1493823191.584165"
    },
    {
        "user": "U58T5MUMC",
        "text": "<@U58T5MUMC> has joined the channel",
        "type": "message",
        "subtype": "channel_join",
        "ts": "1493823779.828253"
    },
    {
        "user": "U58UFPEK0",
        "text": "<@U58UFPEK0> has joined the channel",
        "type": "message",
        "subtype": "channel_join",
        "ts": "1493827299.220752"
    },
    {
        "user": "U54KPFEJC",
        "text": "<@U54KPFEJC> has joined the channel",
        "type": "message",
        "subtype": "channel_join",
        "ts": "1493828622.702504"
    },
    {
        "user": "U58V97U0N",
        "text": "<@U58V97U0N> has joined the channel",
        "type": "message",
        "subtype": "channel_join",
        "ts": "1493829631.054773"
    },
    {
        "user": "U588JH7RB",
        "text": "<@U588JH7RB> has joined the channel",
        "type": "message",
        "subtype": "channel_join",
        "ts": "1493829756.097828"
    },
    {
        "user": "U587U4YEQ",
        "text": "<@U587U4YEQ> has joined the channel",
        "type": "message",
        "subtype": "channel_join",
        "ts": "1493831616.747862"
    },
    {
        "user": "U593FFK9V",
        "text": "<@U593FFK9V> has joined the channel",
        "type": "message",
        "subtype": "channel_join",
        "ts": "1493838648.270754"
    },
    {
        "user": "U593380GN",
        "text": "<@U593380GN> has joined the channel",
        "type": "message",
        "subtype": "channel_join",
        "ts": "1493839185.450725"
    },
    {
        "user": "U586W4G0K",
        "text": "<@U586W4G0K> has joined the channel",
        "type": "message",
        "subtype": "channel_join",
        "ts": "1493839408.523904"
    },
    {
        "user": "U57KV58P2",
        "text": "<@U57KV58P2> has joined the channel",
        "type": "message",
        "subtype": "channel_join",
        "ts": "1493842767.649679"
    },
    {
        "user": "U58DMUZ6Z",
        "text": "<@U58DMUZ6Z> has joined the channel",
        "type": "message",
        "subtype": "channel_join",
        "ts": "1493845251.475897"
    }
]