[
    {
        "user": "U5BBYBDGS",
        "text": "<@U5BBYBDGS> has joined the channel",
        "type": "message",
        "subtype": "channel_join",
        "ts": "1494420348.469912"
    },
    {
        "user": "U5BDVP83E",
        "text": "<@U5BDVP83E> has joined the channel",
        "type": "message",
        "subtype": "channel_join",
        "ts": "1494422120.969320"
    },
    {
        "user": "U5BFYU2SZ",
        "text": "<@U5BFYU2SZ> has joined the channel",
        "type": "message",
        "subtype": "channel_join",
        "ts": "1494424702.846773"
    },
    {
        "user": "U5AS5SF89",
        "text": "<@U5AS5SF89> has joined the channel",
        "type": "message",
        "subtype": "channel_join",
        "ts": "1494425262.065973"
    },
    {
        "user": "U5C86111D",
        "text": "<@U5C86111D> has joined the channel",
        "type": "message",
        "subtype": "channel_join",
        "ts": "1494425427.129110"
    },
    {
        "user": "U5ATQNV4Z",
        "text": "<@U5ATQNV4Z> has joined the channel",
        "type": "message",
        "subtype": "channel_join",
        "ts": "1494429466.770274"
    },
    {
        "user": "U5AV671TK",
        "text": "<@U5AV671TK> has joined the channel",
        "type": "message",
        "subtype": "channel_join",
        "ts": "1494433373.303404"
    },
    {
        "user": "U5B18JDFS",
        "text": "<@U5B18JDFS> has joined the channel",
        "type": "message",
        "subtype": "channel_join",
        "ts": "1494446952.003101"
    },
    {
        "user": "U5BQP9TRT",
        "text": "<@U5BQP9TRT> has joined the channel",
        "type": "message",
        "subtype": "channel_join",
        "ts": "1494450274.082965"
    },
    {
        "user": "U5CHB34S3",
        "text": "<@U5CHB34S3> has joined the channel",
        "type": "message",
        "subtype": "channel_join",
        "ts": "1494453208.879964"
    },
    {
        "user": "U5CH9K4LW",
        "text": "<@U5CH9K4LW> has joined the channel",
        "type": "message",
        "subtype": "channel_join",
        "ts": "1494455556.385491"
    },
    {
        "user": "U5CMNAMPZ",
        "text": "<@U5CMNAMPZ> has joined the channel",
        "type": "message",
        "subtype": "channel_join",
        "ts": "1494485798.136028"
    }
]