[
    {
        "type": "message",
        "user": "U5519FU87",
        "text": "Crisp également chez nous",
        "edited": {
            "user": "U5519FU87",
            "ts": "1511456360.000000"
        },
        "ts": "1511456255.000039"
    },
    {
        "type": "message",
        "user": "U53T94L7N",
        "text": "Crisp pareil, après pas d'API pour récupérer le contenu des conversations mais ça se récupère bien quand même ",
        "ts": "1511457189.000258"
    },
    {
        "type": "message",
        "user": "U546L44SJ",
        "text": "yeah",
        "ts": "1511464486.000148"
    },
    {
        "type": "message",
        "user": "U546L44SJ",
        "text": "<https:\/\/www.useronboard.com\/how-slack-onboards-new-users\/?slide=21>",
        "attachments": [
            {
                "service_name": "UserOnboard",
                "title": "How Slack Onboards New Users | User Onboarding",
                "title_link": "https:\/\/www.useronboard.com\/how-slack-onboards-new-users\/?slide=21",
                "text": "Simply put, if Slack's first-run experience was an Olympic medal, it would be gold. The level of detail, personality, and ingenuity is basically without parallel. Take notes on this one!",
                "fallback": "UserOnboard: How Slack Onboards New Users | User Onboarding",
                "image_url": "https:\/\/s3-us-west-2.amazonaws.com\/useronboard\/slack\/slide-001.jpg",
                "from_url": "https:\/\/www.useronboard.com\/how-slack-onboards-new-users\/?slide=21",
                "image_width": 444,
                "image_height": 250,
                "image_bytes": 110181,
                "service_icon": "https:\/\/www.useronboard.com\/favicon.ico",
                "id": 1
            }
        ],
        "ts": "1511468441.000002",
        "reactions": [
            {
                "name": "ok_hand",
                "users": [
                    "U541S59L4",
                    "U5SRSJC5B",
                    "U7K9WG3ST"
                ],
                "count": 3
            }
        ]
    },
    {
        "type": "message",
        "user": "U546L44SJ",
        "text": "super intéressant ce site. Merci à <@U7K9WG3ST> pour le partage",
        "edited": {
            "user": "U546L44SJ",
            "ts": "1511468459.000000"
        },
        "ts": "1511468449.000081"
    }
]