[
    {
        "user": "U5AHB5SQ3",
        "text": "<@U5AHB5SQ3> has joined the channel",
        "type": "message",
        "subtype": "channel_join",
        "ts": "1494317678.850504"
    },
    {
        "user": "U5A270872",
        "text": "<@U5A270872> has joined the channel",
        "type": "message",
        "subtype": "channel_join",
        "ts": "1494330629.405387"
    },
    {
        "user": "U5A5R4U0H",
        "text": "<@U5A5R4U0H> has joined the channel",
        "type": "message",
        "subtype": "channel_join",
        "ts": "1494333457.988858"
    },
    {
        "user": "U5AM6HLHZ",
        "text": "<@U5AM6HLHZ> has joined the channel",
        "type": "message",
        "subtype": "channel_join",
        "ts": "1494336944.966510"
    },
    {
        "user": "U5APR73FD",
        "text": "<@U5APR73FD> has joined the channel",
        "type": "message",
        "subtype": "channel_join",
        "ts": "1494344241.714871"
    },
    {
        "user": "U5ASFHRGS",
        "text": "<@U5ASFHRGS> has joined the channel",
        "type": "message",
        "subtype": "channel_join",
        "ts": "1494345826.330480"
    },
    {
        "user": "U5BQZUCDV",
        "text": "<@U5BQZUCDV> has joined the channel",
        "type": "message",
        "subtype": "channel_join",
        "ts": "1494357768.460230"
    },
    {
        "user": "U5AUVFG0K",
        "text": "<@U5AUVFG0K> has joined the channel",
        "type": "message",
        "subtype": "channel_join",
        "ts": "1494360047.190362"
    }
]