[
    {
        "user": "U75BDQFK3",
        "text": "<@U75BDQFK3> has joined the channel",
        "type": "message",
        "subtype": "channel_join",
        "ts": "1505898565.000295"
    },
    {
        "user": "U76PR0J2J",
        "text": "<@U76PR0J2J> has joined the channel",
        "type": "message",
        "subtype": "channel_join",
        "ts": "1505900466.000166"
    },
    {
        "user": "U76223C6Q",
        "text": "<@U76223C6Q> has joined the channel",
        "type": "message",
        "subtype": "channel_join",
        "ts": "1505912340.000227"
    },
    {
        "user": "U775B7LMV",
        "text": "<@U775B7LMV> has joined the channel",
        "type": "message",
        "subtype": "channel_join",
        "ts": "1505919180.000399"
    }
]