[
    {
        "user": "U5DELN4NB",
        "text": "<@U5DELN4NB> has joined the channel",
        "type": "message",
        "subtype": "channel_join",
        "ts": "1494590691.734635"
    },
    {
        "user": "U5CMEB7E0",
        "text": "<@U5CMEB7E0> has joined the channel",
        "type": "message",
        "subtype": "channel_join",
        "ts": "1494590945.784994"
    },
    {
        "user": "U5C4NL98R",
        "text": "<@U5C4NL98R> has joined the channel",
        "type": "message",
        "subtype": "channel_join",
        "ts": "1494596527.240268"
    },
    {
        "user": "U5C3N1RBJ",
        "text": "<@U5C3N1RBJ> has joined the channel",
        "type": "message",
        "subtype": "channel_join",
        "ts": "1494602314.309189"
    },
    {
        "user": "U5C7J8LJD",
        "text": "<@U5C7J8LJD> has joined the channel",
        "type": "message",
        "subtype": "channel_join",
        "ts": "1494604957.280564"
    },
    {
        "user": "U5C963M7B",
        "text": "<@U5C963M7B> has joined the channel",
        "type": "message",
        "subtype": "channel_join",
        "ts": "1494610130.953496"
    }
]