[
    {
        "user": "U5CQPG96J",
        "text": "<@U5CQPG96J> has joined the channel",
        "type": "message",
        "subtype": "channel_join",
        "ts": "1494504652.054528"
    },
    {
        "user": "U5CRN3RRD",
        "text": "<@U5CRN3RRD> has joined the channel",
        "type": "message",
        "subtype": "channel_join",
        "ts": "1494506216.411459"
    },
    {
        "user": "U57L850CF",
        "text": "<@U57L850CF> has joined the channel",
        "type": "message",
        "subtype": "channel_join",
        "ts": "1494506703.532658"
    },
    {
        "user": "U5C0029AP",
        "text": "<@U5C0029AP> has joined the channel",
        "type": "message",
        "subtype": "channel_join",
        "ts": "1494508462.035668"
    }
]