[
    {
        "user": "U60PG99FX",
        "text": "<@U60PG99FX> has joined the channel",
        "type": "message",
        "subtype": "channel_join",
        "ts": "1498633595.557084"
    },
    {
        "user": "U607S8BK3",
        "text": "<@U607S8BK3> has joined the channel",
        "type": "message",
        "subtype": "channel_join",
        "ts": "1498649630.166152"
    },
    {
        "user": "U60S2R09Y",
        "text": "<@U60S2R09Y> has joined the channel",
        "type": "message",
        "subtype": "channel_join",
        "ts": "1498657231.274142"
    },
    {
        "user": "U61M6H770",
        "text": "<@U61M6H770> has joined the channel",
        "type": "message",
        "subtype": "channel_join",
        "ts": "1498658826.897107"
    },
    {
        "user": "U60SNUMGA",
        "text": "<@U60SNUMGA> has joined the channel",
        "type": "message",
        "subtype": "channel_join",
        "ts": "1498658908.932727"
    },
    {
        "user": "U60STHCJE",
        "text": "<@U60STHCJE> has joined the channel",
        "type": "message",
        "subtype": "channel_join",
        "ts": "1498659272.085224"
    },
    {
        "user": "U61Q70F3R",
        "text": "<@U61Q70F3R> has joined the channel",
        "type": "message",
        "subtype": "channel_join",
        "ts": "1498665137.667720"
    },
    {
        "user": "U612RQTSR",
        "text": "<@U612RQTSR> has joined the channel",
        "type": "message",
        "subtype": "channel_join",
        "ts": "1498665458.806290"
    },
    {
        "user": "U61QD2CLX",
        "text": "<@U61QD2CLX> has joined the channel",
        "type": "message",
        "subtype": "channel_join",
        "ts": "1498665590.865090"
    },
    {
        "user": "U60DUGA9X",
        "text": "<@U60DUGA9X> has joined the channel",
        "type": "message",
        "subtype": "channel_join",
        "ts": "1498668025.844364"
    },
    {
        "user": "U61S19Q4X",
        "text": "<@U61S19Q4X> has joined the channel",
        "type": "message",
        "subtype": "channel_join",
        "ts": "1498670079.628506"
    },
    {
        "user": "U623AKWG7",
        "text": "<@U623AKWG7> has joined the channel",
        "type": "message",
        "subtype": "channel_join",
        "ts": "1498693153.895673"
    },
    {
        "user": "U61BF6WBU",
        "text": "<@U61BF6WBU> has joined the channel",
        "type": "message",
        "subtype": "channel_join",
        "ts": "1498719065.164711"
    }
]