[
    {
        "type": "message",
        "user": "U55EQCK09",
        "text": "Lead scoring aussi. Avant même d'activer un prospect on sait si il est quali ou non. Live sur notre CRM + Database",
        "thread_ts": "1502119588.081447",
        "parent_user_id": "U54ACN4L9",
        "ts": "1507626746.000195"
    },
    {
        "user": "U7G28F1B7",
        "text": "<@U7G28F1B7> has joined the channel",
        "type": "message",
        "subtype": "channel_join",
        "ts": "1507629718.000072"
    }
]