[
    {
        "user": "U8HSFT126",
        "text": "<@U8HSFT126> has joined the channel",
        "type": "message",
        "subtype": "channel_join",
        "ts": "1513847128.000076"
    },
    {
        "user": "U8J229EFN",
        "text": "<@U8J229EFN> has joined the channel",
        "type": "message",
        "subtype": "channel_join",
        "ts": "1513867157.000388"
    },
    {
        "user": "U8J1PRJHZ",
        "text": "<@U8J1PRJHZ> has joined the channel",
        "type": "message",
        "subtype": "channel_join",
        "ts": "1513876643.000361"
    }
]