[
    {
        "user": "U7YFFC0PJ",
        "text": "<@U7YFFC0PJ> has joined the channel",
        "type": "message",
        "subtype": "channel_join",
        "ts": "1510560908.000073"
    },
    {
        "user": "U7YH4MB88",
        "text": "<@U7YH4MB88> has joined the channel",
        "type": "message",
        "subtype": "channel_join",
        "ts": "1510569103.000267"
    },
    {
        "user": "U7Z1JFRG9",
        "text": "<@U7Z1JFRG9> has joined the channel",
        "type": "message",
        "subtype": "channel_join",
        "ts": "1510601652.000398"
    },
    {
        "user": "U7ZTG27N1",
        "text": "<@U7ZTG27N1> has joined the channel",
        "type": "message",
        "subtype": "channel_join",
        "ts": "1510631756.000178"
    }
]