[
    {
        "user": "U7H8E9VCH",
        "text": "<@U7H8E9VCH> has joined the channel",
        "type": "message",
        "subtype": "channel_join",
        "ts": "1507882726.000452"
    },
    {
        "user": "U7HQETEKD",
        "text": "<@U7HQETEKD> has joined the channel",
        "type": "message",
        "subtype": "channel_join",
        "ts": "1507897344.000244"
    },
    {
        "user": "U7HCL6JQH",
        "text": "<@U7HCL6JQH> has joined the channel",
        "type": "message",
        "subtype": "channel_join",
        "ts": "1507901870.000324"
    },
    {
        "user": "U7HCY1BPB",
        "text": "<@U7HCY1BPB> has joined the channel",
        "type": "message",
        "subtype": "channel_join",
        "ts": "1507903082.000105"
    },
    {
        "user": "U7J36F9CM",
        "text": "<@U7J36F9CM> has joined the channel",
        "type": "message",
        "subtype": "channel_join",
        "ts": "1507904168.000441"
    },
    {
        "user": "U7K9WG3ST",
        "text": "<@U7K9WG3ST> has joined the channel",
        "type": "message",
        "subtype": "channel_join",
        "ts": "1507935490.000117"
    }
]