[
    {
        "user": "U8GV26T7F",
        "text": "<@U8GV26T7F> has joined the channel",
        "type": "message",
        "subtype": "channel_join",
        "ts": "1513692455.000491"
    },
    {
        "type": "message",
        "user": "U544GB0JF",
        "text": "Hello, on a une nouvelle ip et nos emails arrivent systèmatiquement dans l'onglet promotions de gmail, qqn a deja eu ce probleme?",
        "edited": {
            "user": "U544GB0JF",
            "ts": "1513702326.000000"
        },
        "ts": "1513702320.000831"
    }
]