[
    {
        "user": "U7MD00MHN",
        "text": "<@U7MD00MHN> has joined the channel",
        "type": "message",
        "subtype": "channel_join",
        "ts": "1508694625.000095"
    },
    {
        "user": "U7N7E6TGV",
        "text": "<@U7N7E6TGV> has joined the channel",
        "type": "message",
        "subtype": "channel_join",
        "ts": "1508701803.000006"
    },
    {
        "user": "U7N572PK6",
        "text": "<@U7N572PK6> has joined the channel",
        "type": "message",
        "subtype": "channel_join",
        "ts": "1508706563.000041"
    }
]