[
    {
        "type": "message",
        "user": "U7N572PK6",
        "text": "La fin des services de type Zendesk \/ Crisp \/ Intercom ?",
        "thread_ts": "1510127524.000119",
        "parent_user_id": "U54KSDKCY",
        "ts": "1510130007.000009"
    },
    {
        "type": "message",
        "user": "U542GFW85",
        "text": "Pour l'instant, non c'est pas aussi efficace que ces services. En plus, en b2b c'est souvent les commerciaux qui répondent. Il va y avoir un conflit entre commerciaux et service marketing\/com",
        "thread_ts": "1510127524.000119",
        "parent_user_id": "U54KSDKCY",
        "ts": "1510131431.000041"
    },
    {
        "type": "message",
        "user": "U54KSDKCY",
        "text": "Disons qu'on pourra toujours lier ces outils, pour avoir un conseillé, un traitement Zendesk suivi etc, mais dans une petite structure peut clairement s'en passer, suivant les besoins.. ",
        "thread_ts": "1510127524.000119",
        "parent_user_id": "U54KSDKCY",
        "ts": "1510131488.000007"
    },
    {
        "user": "U7XU0PFB9",
        "text": "<@U7XU0PFB9> has joined the channel",
        "type": "message",
        "subtype": "channel_join",
        "ts": "1510141219.000285"
    },
    {
        "type": "message",
        "user": "U543MU39P",
        "text": "<https:\/\/messenger.fb.com\/blog\/2-2-release\/>",
        "attachments": [
            {
                "service_name": "Messenger Platform",
                "title": "Messenger 2.2 Release: New Customer Chat &amp; Improved Tools",
                "title_link": "https:\/\/messenger.fb.com\/blog\/2-2-release\/",
                "text": "Get the latest updates on Messenger's 2.2 release - including customer chat, improved engagement tools and more.",
                "fallback": "Messenger Platform: Messenger 2.2 Release: New Customer Chat &amp; Improved Tools",
                "thumb_url": "https:\/\/messenger.fb.com\/wp-content\/themes\/fb-messenger\/images\/opengraph_image.png",
                "from_url": "https:\/\/messenger.fb.com\/blog\/2-2-release\/",
                "thumb_width": 250,
                "thumb_height": 250,
                "service_icon": "https:\/\/messenger.fb.com\/wp-content\/themes\/fb-messenger\/release\/assets-20170815-205155\/images\/favicons\/apple-touch-icon.png",
                "id": 1
            }
        ],
        "thread_ts": "1510127524.000119",
        "parent_user_id": "U54KSDKCY",
        "ts": "1510161100.000176"
    }
]