[
    {
        "user": "U5NPU6VQ9",
        "text": "<@U5NPU6VQ9> has joined the channel",
        "type": "message",
        "subtype": "channel_join",
        "ts": "1502104444.249928"
    },
    {
        "user": "U6JHMF4V7",
        "text": "<@U6JHMF4V7> has joined the channel",
        "type": "message",
        "subtype": "channel_join",
        "ts": "1502114091.840629"
    },
    {
        "type": "message",
        "user": "U54ACN4L9",
        "text": "Vous faites du lead-scoring ? \nGénéralement lorsque l’on utilise ce genre de technique, le tableau de score ne s’entretient pas en live ? \nOn doit à chaque fois exporter la donnée pour la traiter ou so coman ? \nMerci d’avance !",
        "thread_ts": "1502119588.081447",
        "reply_count": 3,
        "replies": [
            {
                "user": "U55AEG97A",
                "ts": "1502123442.279009"
            },
            {
                "user": "U54ACN4L9",
                "ts": "1502176745.277345"
            },
            {
                "user": "U55EQCK09",
                "ts": "1507626746.000195"
            }
        ],
        "unread_count": 3,
        "ts": "1502119588.081447"
    },
    {
        "type": "message",
        "user": "U54ACN4L9",
        "text": "je ne sais plus ou j’avais entendu parlé de GetQuanty ? Ici-même peut-être ? \nÊtes-vous présents ? :slightly_smiling_face:",
        "thread_ts": "1502119666.128309",
        "reply_count": 9,
        "replies": [
            {
                "user": "U61LBKVEF",
                "ts": "1502119716.158625"
            },
            {
                "user": "U6HMF18JZ",
                "ts": "1502119956.303172"
            },
            {
                "user": "U53GAFF8R",
                "ts": "1502120051.358146"
            },
            {
                "user": "U54ACN4L9",
                "ts": "1502120136.408085"
            },
            {
                "user": "U6HMF18JZ",
                "ts": "1502120314.512707"
            },
            {
                "user": "U54ACN4L9",
                "ts": "1502120391.557901"
            },
            {
                "user": "U6HMF18JZ",
                "ts": "1502120643.704571"
            },
            {
                "user": "U55EQCK09",
                "ts": "1503311787.000039"
            },
            {
                "user": "U55EQCK09",
                "ts": "1503311822.000086"
            }
        ],
        "unread_count": 9,
        "ts": "1502119666.128309"
    },
    {
        "type": "message",
        "user": "U61LBKVEF",
        "text": "<@U6HMF18JZ> SalesMachine permet ça non ?",
        "thread_ts": "1502119666.128309",
        "parent_user_id": "U54ACN4L9",
        "ts": "1502119716.158625"
    },
    {
        "type": "message",
        "user": "U6HMF18JZ",
        "text": "Uniquement sur du post signup :slightly_smiling_face: En pre signup ya Madkudu qui est bien",
        "thread_ts": "1502119666.128309",
        "parent_user_id": "U54ACN4L9",
        "ts": "1502119956.303172"
    },
    {
        "type": "message",
        "user": "U53GAFF8R",
        "text": "C'est pas donné dit donc Madkudu :disappointed:",
        "edited": {
            "user": "U53GAFF8R",
            "ts": "1502120060.000000"
        },
        "thread_ts": "1502119666.128309",
        "parent_user_id": "U54ACN4L9",
        "ts": "1502120051.358146"
    },
    {
        "type": "message",
        "user": "U54ACN4L9",
        "text": "Ah c’est pas mal SalesMachine :slightly_smiling_face:\nCa pourrait même représenter un poste à plein temps comme truc !",
        "edited": {
            "user": "U54ACN4L9",
            "ts": "1502120169.000000"
        },
        "thread_ts": "1502119666.128309",
        "parent_user_id": "U54ACN4L9",
        "ts": "1502120136.408085"
    },
    {
        "type": "message",
        "user": "U6HMF18JZ",
        "text": "Sinon la semaine dernière Zapier a sorti le lead scoring, j'ai pas testé mais ça semble cool ! \n\n<https:\/\/zapier.com\/zapbook\/updates\/1140\/enrich-your-customer-data-lead-score-zapier>",
        "attachments": [
            {
                "title": "Enrich Your Customer Data with Lead Score by Zapier - Updates - Zapier",
                "title_link": "https:\/\/zapier.com\/zapbook\/updates\/1140\/enrich-your-customer-data-lead-score-zapier",
                "text": "You can create better experiences for your customers and leads when you have more information about them. But when all you have is an email address, manually searching through LinkedIn and online databases can be exhausting. That's why we created Lead Score by Zapier—our latest app to join the Zapier ...",
                "fallback": "Enrich Your Customer Data with Lead Score by Zapier - Updates - Zapier",
                "from_url": "https:\/\/zapier.com\/zapbook\/updates\/1140\/enrich-your-customer-data-lead-score-zapier",
                "service_icon": "https:\/\/cdn.zapier.com\/static\/1DDFXf\/images\/favicon.ico",
                "service_name": "zapier.com",
                "id": 1
            }
        ],
        "thread_ts": "1502119666.128309",
        "parent_user_id": "U54ACN4L9",
        "ts": "1502120314.512707"
    },
    {
        "type": "message",
        "user": "U54ACN4L9",
        "text": "Zapier a sorti un outil :open_mouth: Je vais checker ça direct, Merci !!",
        "thread_ts": "1502119666.128309",
        "parent_user_id": "U54ACN4L9",
        "ts": "1502120391.557901"
    },
    {
        "type": "message",
        "user": "U6HMF18JZ",
        "text": ":smile:",
        "thread_ts": "1502119666.128309",
        "parent_user_id": "U54ACN4L9",
        "ts": "1502120643.704571"
    },
    {
        "type": "message",
        "user": "U55AEG97A",
        "text": "Je fais du lead scoring sur Hubspot, temps réel c’est vraiment top :wink:",
        "thread_ts": "1502119588.081447",
        "parent_user_id": "U54ACN4L9",
        "ts": "1502123442.279009"
    }
]