[
    {
        "user": "U786QMTNG",
        "text": "<@U786QMTNG> has joined the channel",
        "type": "message",
        "subtype": "channel_join",
        "ts": "1506327680.000205"
    },
    {
        "user": "U782WKVNX",
        "text": "<@U782WKVNX> has joined the channel",
        "type": "message",
        "subtype": "channel_join",
        "ts": "1506327777.000417"
    },
    {
        "user": "U7897HVBP",
        "text": "<@U7897HVBP> has joined the channel",
        "type": "message",
        "subtype": "channel_join",
        "ts": "1506327898.000127"
    },
    {
        "user": "U77KA5PA5",
        "text": "<@U77KA5PA5> has joined the channel",
        "type": "message",
        "subtype": "channel_join",
        "ts": "1506327923.000269"
    },
    {
        "user": "U77FEE7UY",
        "text": "<@U77FEE7UY> has joined the channel",
        "type": "message",
        "subtype": "channel_join",
        "ts": "1506327941.000276"
    },
    {
        "user": "U786SN6GL",
        "text": "<@U786SN6GL> has joined the channel",
        "type": "message",
        "subtype": "channel_join",
        "ts": "1506327993.000398"
    },
    {
        "user": "U77FETG8Y",
        "text": "<@U77FETG8Y> has joined the channel",
        "type": "message",
        "subtype": "channel_join",
        "ts": "1506328013.000002"
    },
    {
        "user": "U77KDAPHP",
        "text": "<@U77KDAPHP> has joined the channel",
        "type": "message",
        "subtype": "channel_join",
        "ts": "1506328389.000263"
    },
    {
        "user": "U786WE9S8",
        "text": "<@U786WE9S8> has joined the channel",
        "type": "message",
        "subtype": "channel_join",
        "ts": "1506328532.000206"
    },
    {
        "user": "U77FK2XB2",
        "text": "<@U77FK2XB2> has joined the channel",
        "type": "message",
        "subtype": "channel_join",
        "ts": "1506328615.000280"
    },
    {
        "user": "U77FMEFPA",
        "text": "<@U77FMEFPA> has joined the channel",
        "type": "message",
        "subtype": "channel_join",
        "ts": "1506328951.000131"
    },
    {
        "user": "U789FFRFX",
        "text": "<@U789FFRFX> has joined the channel",
        "type": "message",
        "subtype": "channel_join",
        "ts": "1506329050.000162"
    },
    {
        "user": "U797YD17H",
        "text": "<@U797YD17H> has joined the channel",
        "type": "message",
        "subtype": "channel_join",
        "ts": "1506329080.000245"
    },
    {
        "user": "U77KP4YUR",
        "text": "<@U77KP4YUR> has joined the channel",
        "type": "message",
        "subtype": "channel_join",
        "ts": "1506329816.000249"
    },
    {
        "user": "U78A0CYLV",
        "text": "<@U78A0CYLV> has joined the channel",
        "type": "message",
        "subtype": "channel_join",
        "ts": "1506331701.000128"
    },
    {
        "user": "U783QF3QB",
        "text": "<@U783QF3QB> has joined the channel",
        "type": "message",
        "subtype": "channel_join",
        "ts": "1506331740.000150"
    },
    {
        "user": "U792LV72S",
        "text": "<@U792LV72S> has joined the channel",
        "type": "message",
        "subtype": "channel_join",
        "ts": "1506331770.000415"
    },
    {
        "user": "U792PMYG6",
        "text": "<@U792PMYG6> has joined the channel",
        "type": "message",
        "subtype": "channel_join",
        "ts": "1506332150.000138"
    },
    {
        "user": "U783W0V0B",
        "text": "<@U783W0V0B> has joined the channel",
        "type": "message",
        "subtype": "channel_join",
        "ts": "1506332502.000268"
    },
    {
        "user": "U79311NTY",
        "text": "<@U79311NTY> has joined the channel",
        "type": "message",
        "subtype": "channel_join",
        "ts": "1506333758.000373"
    },
    {
        "user": "U787ZP59A",
        "text": "<@U787ZP59A> has joined the channel",
        "type": "message",
        "subtype": "channel_join",
        "ts": "1506333811.000238"
    },
    {
        "user": "U7938R1TQ",
        "text": "<@U7938R1TQ> has joined the channel",
        "type": "message",
        "subtype": "channel_join",
        "ts": "1506334946.000354"
    },
    {
        "user": "U78AR05QD",
        "text": "<@U78AR05QD> has joined the channel",
        "type": "message",
        "subtype": "channel_join",
        "ts": "1506335324.000010"
    },
    {
        "user": "U799PUSNB",
        "text": "<@U799PUSNB> has joined the channel",
        "type": "message",
        "subtype": "channel_join",
        "ts": "1506337205.000113"
    },
    {
        "user": "U784YHRJP",
        "text": "<@U784YHRJP> has joined the channel",
        "type": "message",
        "subtype": "channel_join",
        "ts": "1506337331.000001"
    },
    {
        "user": "U788Z50A0",
        "text": "<@U788Z50A0> has joined the channel",
        "type": "message",
        "subtype": "channel_join",
        "ts": "1506337868.000036"
    },
    {
        "user": "U77JS65A4",
        "text": "<@U77JS65A4> has joined the channel",
        "type": "message",
        "subtype": "channel_join",
        "ts": "1506343093.000096"
    },
    {
        "user": "U786T4PPV",
        "text": "<@U786T4PPV> has joined the channel",
        "type": "message",
        "subtype": "channel_join",
        "ts": "1506345120.000192"
    },
    {
        "user": "U78AR6HKN",
        "text": "<@U78AR6HKN> has joined the channel",
        "type": "message",
        "subtype": "channel_join",
        "ts": "1506345489.000192"
    },
    {
        "user": "U79BPEGGP",
        "text": "<@U79BPEGGP> has joined the channel",
        "type": "message",
        "subtype": "channel_join",
        "ts": "1506345492.000027"
    },
    {
        "user": "U786WSGUB",
        "text": "<@U786WSGUB> has joined the channel",
        "type": "message",
        "subtype": "channel_join",
        "ts": "1506345517.000430"
    },
    {
        "user": "U78ASJA7N",
        "text": "<@U78ASJA7N> has joined the channel",
        "type": "message",
        "subtype": "channel_join",
        "ts": "1506345632.000495"
    },
    {
        "user": "U77PF35Q9",
        "text": "<@U77PF35Q9> has joined the channel",
        "type": "message",
        "subtype": "channel_join",
        "ts": "1506346102.000667"
    },
    {
        "user": "U79BY19NK",
        "text": "<@U79BY19NK> has joined the channel",
        "type": "message",
        "subtype": "channel_join",
        "ts": "1506346355.000006"
    },
    {
        "user": "U79C0578X",
        "text": "<@U79C0578X> has joined the channel",
        "type": "message",
        "subtype": "channel_join",
        "ts": "1506346571.000535"
    },
    {
        "user": "U77PN29MX",
        "text": "<@U77PN29MX> has joined the channel",
        "type": "message",
        "subtype": "channel_join",
        "ts": "1506346788.000200"
    },
    {
        "user": "U78B5UQ4C",
        "text": "<@U78B5UQ4C> has joined the channel",
        "type": "message",
        "subtype": "channel_join",
        "ts": "1506346952.000203"
    },
    {
        "user": "U77KVD256",
        "text": "<@U77KVD256> has joined the channel",
        "type": "message",
        "subtype": "channel_join",
        "ts": "1506347086.000028"
    },
    {
        "user": "U78DYQ7D3",
        "text": "<@U78DYQ7D3> has joined the channel",
        "type": "message",
        "subtype": "channel_join",
        "ts": "1506348004.000316"
    },
    {
        "user": "U79CTL823",
        "text": "<@U79CTL823> has joined the channel",
        "type": "message",
        "subtype": "channel_join",
        "ts": "1506349006.000287"
    },
    {
        "user": "U78C3RTEG",
        "text": "<@U78C3RTEG> has joined the channel",
        "type": "message",
        "subtype": "channel_join",
        "ts": "1506349744.000252"
    },
    {
        "user": "U78AQRL7L",
        "text": "<@U78AQRL7L> has joined the channel",
        "type": "message",
        "subtype": "channel_join",
        "ts": "1506350533.000727"
    },
    {
        "user": "U78C1JTM0",
        "text": "<@U78C1JTM0> has joined the channel",
        "type": "message",
        "subtype": "channel_join",
        "ts": "1506354231.000819"
    },
    {
        "user": "U79G807RV",
        "text": "<@U79G807RV> has joined the channel",
        "type": "message",
        "subtype": "channel_join",
        "ts": "1506359307.000597"
    },
    {
        "user": "U78C11CCT",
        "text": "<@U78C11CCT> has joined the channel",
        "type": "message",
        "subtype": "channel_join",
        "ts": "1506361162.000174"
    },
    {
        "user": "U77TBDYGY",
        "text": "<@U77TBDYGY> has joined the channel",
        "type": "message",
        "subtype": "channel_join",
        "ts": "1506370242.000174"
    },
    {
        "user": "U78HV0Q3U",
        "text": "<@U78HV0Q3U> has joined the channel",
        "type": "message",
        "subtype": "channel_join",
        "ts": "1506373147.000208"
    },
    {
        "user": "U781LEVKJ",
        "text": "<@U781LEVKJ> has joined the channel",
        "type": "message",
        "subtype": "channel_join",
        "ts": "1506388553.000112"
    }
]