[
    {
        "type": "message",
        "subtype": "file_share",
        "text": "<@U54KSDKCY> uploaded a file: <https:\/\/growthhackingfrance.slack.com\/files\/U54KSDKCY\/F7L0NJKNU\/screenshot_20171019-103634.png|Screenshot_20171019-103634.png> and commented: <@U6RU1K5BL> : Vous faites quelque chose de spécial dans votre e-mail de validation ou c'est juste Google qui est de plus en plus malin ? (lire intrusif).\nSurpris ce matin d'avoir un rappel Google pour me dire de valider cet email. :open_mouth:",
        "file": {
            "id": "F7L0NJKNU",
            "created": 1508402518,
            "timestamp": 1508402518,
            "name": "Screenshot_20171019-103634.png",
            "title": "Screenshot_20171019-103634.png",
            "mimetype": "image\/png",
            "filetype": "png",
            "pretty_type": "PNG",
            "user": "U54KSDKCY",
            "editable": false,
            "size": 152781,
            "mode": "hosted",
            "is_external": false,
            "external_type": "",
            "is_public": true,
            "public_url_shared": false,
            "display_as_bot": false,
            "username": "",
            "url_private": "https:\/\/files.slack.com\/files-pri\/T53A65FDZ-F7L0NJKNU\/screenshot_20171019-103634.png?t=xoxe-173346185475-301971345667-302189523445-be5392310f98480a534c383e5d92ddc3",
            "url_private_download": "https:\/\/files.slack.com\/files-pri\/T53A65FDZ-F7L0NJKNU\/download\/screenshot_20171019-103634.png?t=xoxe-173346185475-301971345667-302189523445-be5392310f98480a534c383e5d92ddc3",
            "thumb_64": "https:\/\/files.slack.com\/files-tmb\/T53A65FDZ-F7L0NJKNU-a13f1140c1\/screenshot_20171019-103634_64.png?t=xoxe-173346185475-301971345667-302189523445-be5392310f98480a534c383e5d92ddc3",
            "thumb_80": "https:\/\/files.slack.com\/files-tmb\/T53A65FDZ-F7L0NJKNU-a13f1140c1\/screenshot_20171019-103634_80.png?t=xoxe-173346185475-301971345667-302189523445-be5392310f98480a534c383e5d92ddc3",
            "thumb_360": "https:\/\/files.slack.com\/files-tmb\/T53A65FDZ-F7L0NJKNU-a13f1140c1\/screenshot_20171019-103634_360.png?t=xoxe-173346185475-301971345667-302189523445-be5392310f98480a534c383e5d92ddc3",
            "thumb_360_w": 203,
            "thumb_360_h": 360,
            "thumb_480": "https:\/\/files.slack.com\/files-tmb\/T53A65FDZ-F7L0NJKNU-a13f1140c1\/screenshot_20171019-103634_480.png?t=xoxe-173346185475-301971345667-302189523445-be5392310f98480a534c383e5d92ddc3",
            "thumb_480_w": 270,
            "thumb_480_h": 480,
            "thumb_160": "https:\/\/files.slack.com\/files-tmb\/T53A65FDZ-F7L0NJKNU-a13f1140c1\/screenshot_20171019-103634_160.png?t=xoxe-173346185475-301971345667-302189523445-be5392310f98480a534c383e5d92ddc3",
            "thumb_720": "https:\/\/files.slack.com\/files-tmb\/T53A65FDZ-F7L0NJKNU-a13f1140c1\/screenshot_20171019-103634_720.png?t=xoxe-173346185475-301971345667-302189523445-be5392310f98480a534c383e5d92ddc3",
            "thumb_720_w": 405,
            "thumb_720_h": 720,
            "thumb_800": "https:\/\/files.slack.com\/files-tmb\/T53A65FDZ-F7L0NJKNU-a13f1140c1\/screenshot_20171019-103634_800.png?t=xoxe-173346185475-301971345667-302189523445-be5392310f98480a534c383e5d92ddc3",
            "thumb_800_w": 800,
            "thumb_800_h": 1422,
            "thumb_960": "https:\/\/files.slack.com\/files-tmb\/T53A65FDZ-F7L0NJKNU-a13f1140c1\/screenshot_20171019-103634_960.png?t=xoxe-173346185475-301971345667-302189523445-be5392310f98480a534c383e5d92ddc3",
            "thumb_960_w": 540,
            "thumb_960_h": 960,
            "thumb_1024": "https:\/\/files.slack.com\/files-tmb\/T53A65FDZ-F7L0NJKNU-a13f1140c1\/screenshot_20171019-103634_1024.png?t=xoxe-173346185475-301971345667-302189523445-be5392310f98480a534c383e5d92ddc3",
            "thumb_1024_w": 576,
            "thumb_1024_h": 1024,
            "image_exif_rotation": 1,
            "original_w": 1080,
            "original_h": 1920,
            "permalink": "https:\/\/growthhackingfrance.slack.com\/files\/U54KSDKCY\/F7L0NJKNU\/screenshot_20171019-103634.png",
            "permalink_public": "https:\/\/slack-files.com\/T53A65FDZ-F7L0NJKNU-506bf26075",
            "channels": [],
            "groups": [],
            "ims": [],
            "comments_count": 7,
            "initial_comment": {
                "id": "Fc7LPY9LAZ",
                "created": 1508402518,
                "timestamp": 1508402518,
                "user": "U54KSDKCY",
                "is_intro": true,
                "comment": "<@U6RU1K5BL> : Vous faites quelque chose de spécial dans votre e-mail de validation ou c'est juste Google qui est de plus en plus malin ? (lire intrusif).\nSurpris ce matin d'avoir un rappel Google pour me dire de valider cet email. :open_mouth:"
            }
        },
        "user": "U54KSDKCY",
        "upload": true,
        "display_as_bot": false,
        "username": "julien-s",
        "bot_id": null,
        "ts": "1508402521.000128"
    },
    {
        "type": "message",
        "subtype": "file_comment",
        "text": "<@U7KSVA151> commented on <@U54KSDKCY>’s file <https:\/\/growthhackingfrance.slack.com\/files\/U54KSDKCY\/F7L0NJKNU\/screenshot_20171019-103634.png|Screenshot_20171019-103634.png>: Il y a un fichier .ics avec l'email ? Si non impressionné par Google :slightly_smiling_face:",
        "file": {
            "id": "F7L0NJKNU",
            "created": 1508402518,
            "timestamp": 1508402518,
            "name": "Screenshot_20171019-103634.png",
            "title": "Screenshot_20171019-103634.png",
            "mimetype": "image\/png",
            "filetype": "png",
            "pretty_type": "PNG",
            "user": "U54KSDKCY",
            "editable": false,
            "size": 152781,
            "mode": "hosted",
            "is_external": false,
            "external_type": "",
            "is_public": true,
            "public_url_shared": false,
            "display_as_bot": false,
            "username": "",
            "url_private": "https:\/\/files.slack.com\/files-pri\/T53A65FDZ-F7L0NJKNU\/screenshot_20171019-103634.png?t=xoxe-173346185475-301971345667-302189523445-be5392310f98480a534c383e5d92ddc3",
            "url_private_download": "https:\/\/files.slack.com\/files-pri\/T53A65FDZ-F7L0NJKNU\/download\/screenshot_20171019-103634.png?t=xoxe-173346185475-301971345667-302189523445-be5392310f98480a534c383e5d92ddc3",
            "thumb_64": "https:\/\/files.slack.com\/files-tmb\/T53A65FDZ-F7L0NJKNU-a13f1140c1\/screenshot_20171019-103634_64.png?t=xoxe-173346185475-301971345667-302189523445-be5392310f98480a534c383e5d92ddc3",
            "thumb_80": "https:\/\/files.slack.com\/files-tmb\/T53A65FDZ-F7L0NJKNU-a13f1140c1\/screenshot_20171019-103634_80.png?t=xoxe-173346185475-301971345667-302189523445-be5392310f98480a534c383e5d92ddc3",
            "thumb_360": "https:\/\/files.slack.com\/files-tmb\/T53A65FDZ-F7L0NJKNU-a13f1140c1\/screenshot_20171019-103634_360.png?t=xoxe-173346185475-301971345667-302189523445-be5392310f98480a534c383e5d92ddc3",
            "thumb_360_w": 203,
            "thumb_360_h": 360,
            "thumb_480": "https:\/\/files.slack.com\/files-tmb\/T53A65FDZ-F7L0NJKNU-a13f1140c1\/screenshot_20171019-103634_480.png?t=xoxe-173346185475-301971345667-302189523445-be5392310f98480a534c383e5d92ddc3",
            "thumb_480_w": 270,
            "thumb_480_h": 480,
            "thumb_160": "https:\/\/files.slack.com\/files-tmb\/T53A65FDZ-F7L0NJKNU-a13f1140c1\/screenshot_20171019-103634_160.png?t=xoxe-173346185475-301971345667-302189523445-be5392310f98480a534c383e5d92ddc3",
            "thumb_720": "https:\/\/files.slack.com\/files-tmb\/T53A65FDZ-F7L0NJKNU-a13f1140c1\/screenshot_20171019-103634_720.png?t=xoxe-173346185475-301971345667-302189523445-be5392310f98480a534c383e5d92ddc3",
            "thumb_720_w": 405,
            "thumb_720_h": 720,
            "thumb_800": "https:\/\/files.slack.com\/files-tmb\/T53A65FDZ-F7L0NJKNU-a13f1140c1\/screenshot_20171019-103634_800.png?t=xoxe-173346185475-301971345667-302189523445-be5392310f98480a534c383e5d92ddc3",
            "thumb_800_w": 800,
            "thumb_800_h": 1422,
            "thumb_960": "https:\/\/files.slack.com\/files-tmb\/T53A65FDZ-F7L0NJKNU-a13f1140c1\/screenshot_20171019-103634_960.png?t=xoxe-173346185475-301971345667-302189523445-be5392310f98480a534c383e5d92ddc3",
            "thumb_960_w": 540,
            "thumb_960_h": 960,
            "thumb_1024": "https:\/\/files.slack.com\/files-tmb\/T53A65FDZ-F7L0NJKNU-a13f1140c1\/screenshot_20171019-103634_1024.png?t=xoxe-173346185475-301971345667-302189523445-be5392310f98480a534c383e5d92ddc3",
            "thumb_1024_w": 576,
            "thumb_1024_h": 1024,
            "image_exif_rotation": 1,
            "original_w": 1080,
            "original_h": 1920,
            "permalink": "https:\/\/growthhackingfrance.slack.com\/files\/U54KSDKCY\/F7L0NJKNU\/screenshot_20171019-103634.png",
            "permalink_public": "https:\/\/slack-files.com\/T53A65FDZ-F7L0NJKNU-506bf26075",
            "channels": [],
            "groups": [],
            "ims": [],
            "comments_count": 7,
            "initial_comment": {
                "id": "Fc7LPY9LAZ",
                "created": 1508402518,
                "timestamp": 1508402518,
                "user": "U54KSDKCY",
                "is_intro": true,
                "comment": "<@U6RU1K5BL> : Vous faites quelque chose de spécial dans votre e-mail de validation ou c'est juste Google qui est de plus en plus malin ? (lire intrusif).\nSurpris ce matin d'avoir un rappel Google pour me dire de valider cet email. :open_mouth:"
            }
        },
        "comment": {
            "id": "Fc7L2WUCJU",
            "created": 1508413337,
            "timestamp": 1508413337,
            "user": "U7KSVA151",
            "is_intro": false,
            "comment": "Il y a un fichier .ics avec l'email ? Si non impressionné par Google :slightly_smiling_face:"
        },
        "is_intro": false,
        "ts": "1508413337.000272"
    },
    {
        "type": "message",
        "subtype": "file_comment",
        "text": "<@U54KSDKCY> commented on <@U54KSDKCY>’s file <https:\/\/growthhackingfrance.slack.com\/files\/U54KSDKCY\/F7L0NJKNU\/screenshot_20171019-103634.png|Screenshot_20171019-103634.png>: Aucune pièce jointe visible du moins sur mobile",
        "file": {
            "id": "F7L0NJKNU",
            "created": 1508402518,
            "timestamp": 1508402518,
            "name": "Screenshot_20171019-103634.png",
            "title": "Screenshot_20171019-103634.png",
            "mimetype": "image\/png",
            "filetype": "png",
            "pretty_type": "PNG",
            "user": "U54KSDKCY",
            "editable": false,
            "size": 152781,
            "mode": "hosted",
            "is_external": false,
            "external_type": "",
            "is_public": true,
            "public_url_shared": false,
            "display_as_bot": false,
            "username": "",
            "url_private": "https:\/\/files.slack.com\/files-pri\/T53A65FDZ-F7L0NJKNU\/screenshot_20171019-103634.png?t=xoxe-173346185475-301971345667-302189523445-be5392310f98480a534c383e5d92ddc3",
            "url_private_download": "https:\/\/files.slack.com\/files-pri\/T53A65FDZ-F7L0NJKNU\/download\/screenshot_20171019-103634.png?t=xoxe-173346185475-301971345667-302189523445-be5392310f98480a534c383e5d92ddc3",
            "thumb_64": "https:\/\/files.slack.com\/files-tmb\/T53A65FDZ-F7L0NJKNU-a13f1140c1\/screenshot_20171019-103634_64.png?t=xoxe-173346185475-301971345667-302189523445-be5392310f98480a534c383e5d92ddc3",
            "thumb_80": "https:\/\/files.slack.com\/files-tmb\/T53A65FDZ-F7L0NJKNU-a13f1140c1\/screenshot_20171019-103634_80.png?t=xoxe-173346185475-301971345667-302189523445-be5392310f98480a534c383e5d92ddc3",
            "thumb_360": "https:\/\/files.slack.com\/files-tmb\/T53A65FDZ-F7L0NJKNU-a13f1140c1\/screenshot_20171019-103634_360.png?t=xoxe-173346185475-301971345667-302189523445-be5392310f98480a534c383e5d92ddc3",
            "thumb_360_w": 203,
            "thumb_360_h": 360,
            "thumb_480": "https:\/\/files.slack.com\/files-tmb\/T53A65FDZ-F7L0NJKNU-a13f1140c1\/screenshot_20171019-103634_480.png?t=xoxe-173346185475-301971345667-302189523445-be5392310f98480a534c383e5d92ddc3",
            "thumb_480_w": 270,
            "thumb_480_h": 480,
            "thumb_160": "https:\/\/files.slack.com\/files-tmb\/T53A65FDZ-F7L0NJKNU-a13f1140c1\/screenshot_20171019-103634_160.png?t=xoxe-173346185475-301971345667-302189523445-be5392310f98480a534c383e5d92ddc3",
            "thumb_720": "https:\/\/files.slack.com\/files-tmb\/T53A65FDZ-F7L0NJKNU-a13f1140c1\/screenshot_20171019-103634_720.png?t=xoxe-173346185475-301971345667-302189523445-be5392310f98480a534c383e5d92ddc3",
            "thumb_720_w": 405,
            "thumb_720_h": 720,
            "thumb_800": "https:\/\/files.slack.com\/files-tmb\/T53A65FDZ-F7L0NJKNU-a13f1140c1\/screenshot_20171019-103634_800.png?t=xoxe-173346185475-301971345667-302189523445-be5392310f98480a534c383e5d92ddc3",
            "thumb_800_w": 800,
            "thumb_800_h": 1422,
            "thumb_960": "https:\/\/files.slack.com\/files-tmb\/T53A65FDZ-F7L0NJKNU-a13f1140c1\/screenshot_20171019-103634_960.png?t=xoxe-173346185475-301971345667-302189523445-be5392310f98480a534c383e5d92ddc3",
            "thumb_960_w": 540,
            "thumb_960_h": 960,
            "thumb_1024": "https:\/\/files.slack.com\/files-tmb\/T53A65FDZ-F7L0NJKNU-a13f1140c1\/screenshot_20171019-103634_1024.png?t=xoxe-173346185475-301971345667-302189523445-be5392310f98480a534c383e5d92ddc3",
            "thumb_1024_w": 576,
            "thumb_1024_h": 1024,
            "image_exif_rotation": 1,
            "original_w": 1080,
            "original_h": 1920,
            "permalink": "https:\/\/growthhackingfrance.slack.com\/files\/U54KSDKCY\/F7L0NJKNU\/screenshot_20171019-103634.png",
            "permalink_public": "https:\/\/slack-files.com\/T53A65FDZ-F7L0NJKNU-506bf26075",
            "channels": [],
            "groups": [],
            "ims": [],
            "comments_count": 7,
            "initial_comment": {
                "id": "Fc7LPY9LAZ",
                "created": 1508402518,
                "timestamp": 1508402518,
                "user": "U54KSDKCY",
                "is_intro": true,
                "comment": "<@U6RU1K5BL> : Vous faites quelque chose de spécial dans votre e-mail de validation ou c'est juste Google qui est de plus en plus malin ? (lire intrusif).\nSurpris ce matin d'avoir un rappel Google pour me dire de valider cet email. :open_mouth:"
            }
        },
        "comment": {
            "id": "Fc7L6W10TT",
            "created": 1508413396,
            "timestamp": 1508413396,
            "user": "U54KSDKCY",
            "is_intro": false,
            "comment": "Aucune pièce jointe visible du moins sur mobile"
        },
        "is_intro": false,
        "ts": "1508413395.000375"
    },
    {
        "type": "message",
        "user": "U7CKKP8D9",
        "text": "Ça vient de google :wink: utilisez vous inbox ou gmail ?",
        "ts": "1508413868.000220"
    },
    {
        "type": "message",
        "user": "U54KSDKCY",
        "text": "Gmail ",
        "ts": "1508413983.000005"
    },
    {
        "type": "message",
        "subtype": "file_comment",
        "text": "<@U6RU1K5BL> commented on <@U54KSDKCY>’s file <https:\/\/growthhackingfrance.slack.com\/files\/U54KSDKCY\/F7L0NJKNU\/screenshot_20171019-103634.png|Screenshot_20171019-103634.png>: <@U54KSDKCY> effectivement c'est un rappel de Google, là pour le coup on y est pour rien ^^",
        "file": {
            "id": "F7L0NJKNU",
            "created": 1508402518,
            "timestamp": 1508402518,
            "name": "Screenshot_20171019-103634.png",
            "title": "Screenshot_20171019-103634.png",
            "mimetype": "image\/png",
            "filetype": "png",
            "pretty_type": "PNG",
            "user": "U54KSDKCY",
            "editable": false,
            "size": 152781,
            "mode": "hosted",
            "is_external": false,
            "external_type": "",
            "is_public": true,
            "public_url_shared": false,
            "display_as_bot": false,
            "username": "",
            "url_private": "https:\/\/files.slack.com\/files-pri\/T53A65FDZ-F7L0NJKNU\/screenshot_20171019-103634.png?t=xoxe-173346185475-301971345667-302189523445-be5392310f98480a534c383e5d92ddc3",
            "url_private_download": "https:\/\/files.slack.com\/files-pri\/T53A65FDZ-F7L0NJKNU\/download\/screenshot_20171019-103634.png?t=xoxe-173346185475-301971345667-302189523445-be5392310f98480a534c383e5d92ddc3",
            "thumb_64": "https:\/\/files.slack.com\/files-tmb\/T53A65FDZ-F7L0NJKNU-a13f1140c1\/screenshot_20171019-103634_64.png?t=xoxe-173346185475-301971345667-302189523445-be5392310f98480a534c383e5d92ddc3",
            "thumb_80": "https:\/\/files.slack.com\/files-tmb\/T53A65FDZ-F7L0NJKNU-a13f1140c1\/screenshot_20171019-103634_80.png?t=xoxe-173346185475-301971345667-302189523445-be5392310f98480a534c383e5d92ddc3",
            "thumb_360": "https:\/\/files.slack.com\/files-tmb\/T53A65FDZ-F7L0NJKNU-a13f1140c1\/screenshot_20171019-103634_360.png?t=xoxe-173346185475-301971345667-302189523445-be5392310f98480a534c383e5d92ddc3",
            "thumb_360_w": 203,
            "thumb_360_h": 360,
            "thumb_480": "https:\/\/files.slack.com\/files-tmb\/T53A65FDZ-F7L0NJKNU-a13f1140c1\/screenshot_20171019-103634_480.png?t=xoxe-173346185475-301971345667-302189523445-be5392310f98480a534c383e5d92ddc3",
            "thumb_480_w": 270,
            "thumb_480_h": 480,
            "thumb_160": "https:\/\/files.slack.com\/files-tmb\/T53A65FDZ-F7L0NJKNU-a13f1140c1\/screenshot_20171019-103634_160.png?t=xoxe-173346185475-301971345667-302189523445-be5392310f98480a534c383e5d92ddc3",
            "thumb_720": "https:\/\/files.slack.com\/files-tmb\/T53A65FDZ-F7L0NJKNU-a13f1140c1\/screenshot_20171019-103634_720.png?t=xoxe-173346185475-301971345667-302189523445-be5392310f98480a534c383e5d92ddc3",
            "thumb_720_w": 405,
            "thumb_720_h": 720,
            "thumb_800": "https:\/\/files.slack.com\/files-tmb\/T53A65FDZ-F7L0NJKNU-a13f1140c1\/screenshot_20171019-103634_800.png?t=xoxe-173346185475-301971345667-302189523445-be5392310f98480a534c383e5d92ddc3",
            "thumb_800_w": 800,
            "thumb_800_h": 1422,
            "thumb_960": "https:\/\/files.slack.com\/files-tmb\/T53A65FDZ-F7L0NJKNU-a13f1140c1\/screenshot_20171019-103634_960.png?t=xoxe-173346185475-301971345667-302189523445-be5392310f98480a534c383e5d92ddc3",
            "thumb_960_w": 540,
            "thumb_960_h": 960,
            "thumb_1024": "https:\/\/files.slack.com\/files-tmb\/T53A65FDZ-F7L0NJKNU-a13f1140c1\/screenshot_20171019-103634_1024.png?t=xoxe-173346185475-301971345667-302189523445-be5392310f98480a534c383e5d92ddc3",
            "thumb_1024_w": 576,
            "thumb_1024_h": 1024,
            "image_exif_rotation": 1,
            "original_w": 1080,
            "original_h": 1920,
            "permalink": "https:\/\/growthhackingfrance.slack.com\/files\/U54KSDKCY\/F7L0NJKNU\/screenshot_20171019-103634.png",
            "permalink_public": "https:\/\/slack-files.com\/T53A65FDZ-F7L0NJKNU-506bf26075",
            "channels": [],
            "groups": [],
            "ims": [],
            "comments_count": 7,
            "initial_comment": {
                "id": "Fc7LPY9LAZ",
                "created": 1508402518,
                "timestamp": 1508402518,
                "user": "U54KSDKCY",
                "is_intro": true,
                "comment": "<@U6RU1K5BL> : Vous faites quelque chose de spécial dans votre e-mail de validation ou c'est juste Google qui est de plus en plus malin ? (lire intrusif).\nSurpris ce matin d'avoir un rappel Google pour me dire de valider cet email. :open_mouth:"
            }
        },
        "comment": {
            "id": "Fc7LLJ4CKV",
            "created": 1508416087,
            "timestamp": 1508416087,
            "user": "U6RU1K5BL",
            "is_intro": false,
            "comment": "<@U54KSDKCY> effectivement c'est un rappel de Google, là pour le coup on y est pour rien ^^"
        },
        "is_intro": false,
        "ts": "1508416087.000274"
    },
    {
        "type": "message",
        "subtype": "file_comment",
        "text": "<@U54KSDKCY> commented on <@U54KSDKCY>’s file <https:\/\/growthhackingfrance.slack.com\/files\/U54KSDKCY\/F7L0NJKNU\/screenshot_20171019-103634.png|Screenshot_20171019-103634.png>: Swag",
        "file": {
            "id": "F7L0NJKNU",
            "created": 1508402518,
            "timestamp": 1508402518,
            "name": "Screenshot_20171019-103634.png",
            "title": "Screenshot_20171019-103634.png",
            "mimetype": "image\/png",
            "filetype": "png",
            "pretty_type": "PNG",
            "user": "U54KSDKCY",
            "editable": false,
            "size": 152781,
            "mode": "hosted",
            "is_external": false,
            "external_type": "",
            "is_public": true,
            "public_url_shared": false,
            "display_as_bot": false,
            "username": "",
            "url_private": "https:\/\/files.slack.com\/files-pri\/T53A65FDZ-F7L0NJKNU\/screenshot_20171019-103634.png?t=xoxe-173346185475-301971345667-302189523445-be5392310f98480a534c383e5d92ddc3",
            "url_private_download": "https:\/\/files.slack.com\/files-pri\/T53A65FDZ-F7L0NJKNU\/download\/screenshot_20171019-103634.png?t=xoxe-173346185475-301971345667-302189523445-be5392310f98480a534c383e5d92ddc3",
            "thumb_64": "https:\/\/files.slack.com\/files-tmb\/T53A65FDZ-F7L0NJKNU-a13f1140c1\/screenshot_20171019-103634_64.png?t=xoxe-173346185475-301971345667-302189523445-be5392310f98480a534c383e5d92ddc3",
            "thumb_80": "https:\/\/files.slack.com\/files-tmb\/T53A65FDZ-F7L0NJKNU-a13f1140c1\/screenshot_20171019-103634_80.png?t=xoxe-173346185475-301971345667-302189523445-be5392310f98480a534c383e5d92ddc3",
            "thumb_360": "https:\/\/files.slack.com\/files-tmb\/T53A65FDZ-F7L0NJKNU-a13f1140c1\/screenshot_20171019-103634_360.png?t=xoxe-173346185475-301971345667-302189523445-be5392310f98480a534c383e5d92ddc3",
            "thumb_360_w": 203,
            "thumb_360_h": 360,
            "thumb_480": "https:\/\/files.slack.com\/files-tmb\/T53A65FDZ-F7L0NJKNU-a13f1140c1\/screenshot_20171019-103634_480.png?t=xoxe-173346185475-301971345667-302189523445-be5392310f98480a534c383e5d92ddc3",
            "thumb_480_w": 270,
            "thumb_480_h": 480,
            "thumb_160": "https:\/\/files.slack.com\/files-tmb\/T53A65FDZ-F7L0NJKNU-a13f1140c1\/screenshot_20171019-103634_160.png?t=xoxe-173346185475-301971345667-302189523445-be5392310f98480a534c383e5d92ddc3",
            "thumb_720": "https:\/\/files.slack.com\/files-tmb\/T53A65FDZ-F7L0NJKNU-a13f1140c1\/screenshot_20171019-103634_720.png?t=xoxe-173346185475-301971345667-302189523445-be5392310f98480a534c383e5d92ddc3",
            "thumb_720_w": 405,
            "thumb_720_h": 720,
            "thumb_800": "https:\/\/files.slack.com\/files-tmb\/T53A65FDZ-F7L0NJKNU-a13f1140c1\/screenshot_20171019-103634_800.png?t=xoxe-173346185475-301971345667-302189523445-be5392310f98480a534c383e5d92ddc3",
            "thumb_800_w": 800,
            "thumb_800_h": 1422,
            "thumb_960": "https:\/\/files.slack.com\/files-tmb\/T53A65FDZ-F7L0NJKNU-a13f1140c1\/screenshot_20171019-103634_960.png?t=xoxe-173346185475-301971345667-302189523445-be5392310f98480a534c383e5d92ddc3",
            "thumb_960_w": 540,
            "thumb_960_h": 960,
            "thumb_1024": "https:\/\/files.slack.com\/files-tmb\/T53A65FDZ-F7L0NJKNU-a13f1140c1\/screenshot_20171019-103634_1024.png?t=xoxe-173346185475-301971345667-302189523445-be5392310f98480a534c383e5d92ddc3",
            "thumb_1024_w": 576,
            "thumb_1024_h": 1024,
            "image_exif_rotation": 1,
            "original_w": 1080,
            "original_h": 1920,
            "permalink": "https:\/\/growthhackingfrance.slack.com\/files\/U54KSDKCY\/F7L0NJKNU\/screenshot_20171019-103634.png",
            "permalink_public": "https:\/\/slack-files.com\/T53A65FDZ-F7L0NJKNU-506bf26075",
            "channels": [],
            "groups": [],
            "ims": [],
            "comments_count": 7,
            "initial_comment": {
                "id": "Fc7LPY9LAZ",
                "created": 1508402518,
                "timestamp": 1508402518,
                "user": "U54KSDKCY",
                "is_intro": true,
                "comment": "<@U6RU1K5BL> : Vous faites quelque chose de spécial dans votre e-mail de validation ou c'est juste Google qui est de plus en plus malin ? (lire intrusif).\nSurpris ce matin d'avoir un rappel Google pour me dire de valider cet email. :open_mouth:"
            }
        },
        "comment": {
            "id": "Fc7LM01C9Z",
            "created": 1508417899,
            "timestamp": 1508417899,
            "user": "U54KSDKCY",
            "is_intro": false,
            "comment": "Swag"
        },
        "is_intro": false,
        "ts": "1508417899.000302"
    }
]