[
    {
        "user": "U70M2TB6X",
        "text": "<@U70M2TB6X> has joined the channel",
        "type": "message",
        "subtype": "channel_join",
        "ts": "1505034889.000056"
    },
    {
        "user": "U71L0TAKG",
        "text": "<@U71L0TAKG> has joined the channel",
        "type": "message",
        "subtype": "channel_join",
        "ts": "1505035211.000069"
    },
    {
        "user": "U707F1XCG",
        "text": "<@U707F1XCG> has joined the channel",
        "type": "message",
        "subtype": "channel_join",
        "ts": "1505080204.000009"
    },
    {
        "user": "U70T5D81Z",
        "text": "<@U70T5D81Z> has joined the channel",
        "type": "message",
        "subtype": "channel_join",
        "ts": "1505111175.000233"
    }
]