[
    {
        "user": "U7W5063CK",
        "text": "<@U7W5063CK> has joined the channel",
        "type": "message",
        "subtype": "channel_join",
        "ts": "1510063458.000121"
    },
    {
        "user": "U7W02AQ9X",
        "text": "<@U7W02AQ9X> has joined the channel",
        "type": "message",
        "subtype": "channel_join",
        "ts": "1510085678.000379"
    },
    {
        "user": "U7WLC7D8D",
        "text": "<@U7WLC7D8D> has joined the channel",
        "type": "message",
        "subtype": "channel_join",
        "ts": "1510088644.000669"
    },
    {
        "type": "message",
        "user": "U54KSDKCY",
        "text": "Facebook annonce qu'on va pouvoir embedder les chatbot en Live Chat sur les sites, la feature qu'on attend depuis longtemps est là ! :)",
        "thread_ts": "1510127524.000119",
        "reply_count": 4,
        "replies": [
            {
                "user": "U7N572PK6",
                "ts": "1510130007.000009"
            },
            {
                "user": "U542GFW85",
                "ts": "1510131431.000041"
            },
            {
                "user": "U54KSDKCY",
                "ts": "1510131488.000007"
            },
            {
                "user": "U543MU39P",
                "ts": "1510161100.000176"
            }
        ],
        "unread_count": 4,
        "ts": "1510127524.000119",
        "reactions": [
            {
                "name": "pray",
                "users": [
                    "U546L44SJ",
                    "U54ACN4L9",
                    "U54UCL8EM",
                    "U566P6QCE",
                    "U57DAHPE1",
                    "U5830GL6A"
                ],
                "count": 6
            }
        ]
    }
]