[
    {
        "user": "U6ETDPVKL",
        "text": "<@U6ETDPVKL> has joined the channel",
        "type": "message",
        "subtype": "channel_join",
        "ts": "1501225610.024413"
    },
    {
        "user": "U6ET16EKV",
        "text": "<@U6ET16EKV> has joined the channel",
        "type": "message",
        "subtype": "channel_join",
        "ts": "1501236163.399871"
    },
    {
        "user": "U6FS50BDL",
        "text": "<@U6FS50BDL> has joined the channel",
        "type": "message",
        "subtype": "channel_join",
        "ts": "1501237204.715379"
    }
]