[
    {
        "user": "U7NSE9R8A",
        "text": "<@U7NSE9R8A> has joined the channel",
        "type": "message",
        "subtype": "channel_join",
        "ts": "1508832301.000352"
    },
    {
        "user": "U7NCBDYKT",
        "text": "<@U7NCBDYKT> has joined the channel",
        "type": "message",
        "subtype": "channel_join",
        "ts": "1508837632.000475"
    },
    {
        "user": "U7Q10C51D",
        "text": "<@U7Q10C51D> has joined the channel",
        "type": "message",
        "subtype": "channel_join",
        "ts": "1508839259.000532"
    },
    {
        "user": "U7Q1TP0NT",
        "text": "<@U7Q1TP0NT> has joined the channel",
        "type": "message",
        "subtype": "channel_join",
        "ts": "1508843087.000164"
    }
]