[
    {
        "type": "message",
        "user": "U57DKJR5F",
        "text": "J’ai commencé également par curiosité. À première vue ça à l’air bien structuré. D’accord avec toi <@U5SRSJC5B>, revoir les bases ça ne mange pas de pain :wink:",
        "thread_ts": "1497988692.343022",
        "parent_user_id": "U543MU39P",
        "ts": "1498029719.577129"
    },
    {
        "user": "U5XBBPUQ2",
        "text": "<@U5XBBPUQ2> has joined the channel",
        "type": "message",
        "subtype": "channel_join",
        "ts": "1498063793.969337"
    },
    {
        "user": "U5Y75CFM5",
        "text": "<@U5Y75CFM5> has joined the channel",
        "type": "message",
        "subtype": "channel_join",
        "ts": "1498065944.791970"
    }
]