[
    {
        "user": "U5SRSJC5B",
        "text": "<@U5SRSJC5B> has joined the channel",
        "type": "message",
        "subtype": "channel_join",
        "ts": "1497338502.064393"
    },
    {
        "user": "U5SQQEUKU",
        "text": "<@U5SQQEUKU> has joined the channel",
        "type": "message",
        "subtype": "channel_join",
        "ts": "1497346661.994475"
    },
    {
        "user": "U5SQRBZKL",
        "text": "<@U5SQRBZKL> has joined the channel",
        "type": "message",
        "subtype": "channel_join",
        "ts": "1497346772.020669"
    },
    {
        "user": "U5TK9EVDL",
        "text": "<@U5TK9EVDL> has joined the channel",
        "type": "message",
        "subtype": "channel_join",
        "ts": "1497347938.303531"
    },
    {
        "user": "U5ST333GU",
        "text": "<@U5ST333GU> has joined the channel",
        "type": "message",
        "subtype": "channel_join",
        "ts": "1497350908.949206"
    },
    {
        "user": "U5SCXER6V",
        "text": "<@U5SCXER6V> has joined the channel",
        "type": "message",
        "subtype": "channel_join",
        "ts": "1497364724.987789"
    }
]