[
    {
        "user": "U7KL0EVE1",
        "text": "<@U7KL0EVE1> has joined the channel",
        "type": "message",
        "subtype": "channel_join",
        "ts": "1508249008.000539"
    },
    {
        "user": "U56AV04SK",
        "text": "<@U56AV04SK> has joined the channel",
        "type": "message",
        "subtype": "channel_join",
        "ts": "1508257058.000369"
    },
    {
        "user": "U7KSVA151",
        "text": "<@U7KSVA151> has joined the channel",
        "type": "message",
        "subtype": "channel_join",
        "ts": "1508309387.000094"
    }
]