[
    {
        "type": "message",
        "user": "U53T3FKPD",
        "text": "Hello tout le monde ! Pour un client en SaaS j'hésite sur les metrics d'activation, est-ce que vous travaillez par des niveaux d'engagement ( par exemple niv 1 : inscription, niv2 : inscription newsletter, niv3 : abonnement gratuit, niv4 : abonnement payant, ... ) ou vous vous contentez d'une metric simple sur un taux d'activation peu importe l'interaction ? Des exemples\/templates en tête :smile: ?",
        "ts": "1504686090.000304"
    },
    {
        "type": "message",
        "user": "U6GDWPSMQ",
        "text": "est ce que tu as un funnel d’activation <@U53T3FKPD> ?",
        "ts": "1504686230.000269"
    },
    {
        "type": "message",
        "user": "U53T3FKPD",
        "text": "Yes",
        "ts": "1504686305.000102"
    },
    {
        "type": "message",
        "user": "U6GDWPSMQ",
        "text": "ah c’est tes différents niveaux en fait c’est ça? :speak_no_evil:",
        "ts": "1504686547.000299"
    },
    {
        "type": "message",
        "user": "U53T3FKPD",
        "text": "Oui aussi :grin:",
        "ts": "1504686575.000471"
    },
    {
        "type": "message",
        "user": "U6GDWPSMQ",
        "text": "en gros il faut que tu définisses LA metric qui fait qu’un user est activé, et puis toutes les étapes qui l’amènent vers l’activation. du visiteur lambda à l’utilisateur activé",
        "ts": "1504686621.000481"
    },
    {
        "type": "message",
        "user": "U6GDWPSMQ",
        "text": "avoir ces différents KPI te permettent d’améliorer ton funnel donc c’est à toi de définir les étapes clés",
        "ts": "1504686671.000065"
    },
    {
        "type": "message",
        "user": "U6GDWPSMQ",
        "text": "et si par exemple tu as un gros drop entre 2 étapes tu peux essayer de rajouter des micro étapes entre les deux pour essayer de comprendre parfaitement à quoi est dû le drop",
        "ts": "1504686709.000015"
    },
    {
        "type": "message",
        "user": "U53T3FKPD",
        "text": "ok donc la metric phare est comprise dans le funnel (enfin c'est la dernière étape) mais tu la prends à part pour la mettre en évidence si j'ai bien compris ?",
        "ts": "1504686757.000205"
    },
    {
        "type": "message",
        "user": "U53T3FKPD",
        "text": "et après tu présentes les % d'activation par étape ?",
        "ts": "1504686791.000226"
    },
    {
        "type": "message",
        "user": "U6GDWPSMQ",
        "text": "oui par exemple tu as ton funnel AARRR macro, donc avec ta metric d’activation dans le lot",
        "ts": "1504686916.000118"
    },
    {
        "type": "message",
        "user": "U6GDWPSMQ",
        "text": "et puis une analyse plus détaillée de ton funnel d’activation",
        "ts": "1504686927.000116"
    },
    {
        "type": "message",
        "user": "U53T3FKPD",
        "text": "Ok top ça confirme un peu ce que j'avais en tête, je vais partir là dessus merci <@U6GDWPSMQ> ! :+1:",
        "ts": "1504686966.000232"
    },
    {
        "type": "message",
        "user": "U53T94L7N",
        "text": "Je connais pas ton business mais dans certains cas, t'as pas de bottleneck bien restrictif et du coup tu dois mesurer les étapes par parcours client. À attaquer par priorité ",
        "ts": "1504687070.000002"
    },
    {
        "type": "message",
        "user": "U53T94L7N",
        "text": "Et effectivement il faut voir des niveaux d'activation ",
        "ts": "1504687106.000094"
    },
    {
        "type": "message",
        "user": "U6GDWPSMQ",
        "text": "oui comme dit <@U53T94L7N> tu vas vite voir quels sont les bottlenecks si les KPIs sont bien paramétrés et donc prioriser vos efforts sur ces bottleneck",
        "ts": "1504687258.000046"
    },
    {
        "type": "message",
        "user": "U53T3FKPD",
        "text": "C'est noté merci les gars :parrot: !",
        "ts": "1504687866.000333"
    },
    {
        "type": "message",
        "user": "U6GDWPSMQ",
        "text": ":bow:",
        "ts": "1504688075.000302"
    },
    {
        "type": "message",
        "user": "U56A4ULMV",
        "text": "Hello, ce qui est cool sur le modèle SaaS c’est de rajouter la dimension profil client et ce qui se passe après l’étape que tu attribues à ta conversion (inscription ou premier paiement en général). Tu pourras calculer ta retention en fonction du profil mais aussi la possibilité d’upseller ou passer sur des offres supérieurs. Ça te permet d’estimer un CLTV en fonction du profil de ton client:slightly_smiling_face:",
        "edited": {
            "user": "U56A4ULMV",
            "ts": "1504690255.000000"
        },
        "ts": "1504690170.000236"
    }
]