[
    {
        "user": "U5ECPBNE7",
        "text": "<@U5ECPBNE7> has joined the channel",
        "type": "message",
        "subtype": "channel_join",
        "ts": "1495007765.239099"
    },
    {
        "user": "U5EF24HGA",
        "text": "<@U5EF24HGA> has joined the channel",
        "type": "message",
        "subtype": "channel_join",
        "ts": "1495009181.558041"
    },
    {
        "user": "U5EHA7RD2",
        "text": "<@U5EHA7RD2> has joined the channel",
        "type": "message",
        "subtype": "channel_join",
        "ts": "1495014177.772844"
    }
]