[
    {
        "user": "U60386FCL",
        "text": "<@U60386FCL> has joined the channel",
        "type": "message",
        "subtype": "channel_join",
        "ts": "1498556262.830446"
    },
    {
        "user": "U5ZGSUKC1",
        "text": "<@U5ZGSUKC1> has joined the channel",
        "type": "message",
        "subtype": "channel_join",
        "ts": "1498564509.578209"
    },
    {
        "user": "U6081MF1Q",
        "text": "<@U6081MF1Q> has joined the channel",
        "type": "message",
        "subtype": "channel_join",
        "ts": "1498577521.240831"
    },
    {
        "user": "U60DM8QS0",
        "text": "<@U60DM8QS0> has joined the channel",
        "type": "message",
        "subtype": "channel_join",
        "ts": "1498588664.697391"
    },
    {
        "user": "U61AT7KPZ",
        "text": "<@U61AT7KPZ> has joined the channel",
        "type": "message",
        "subtype": "channel_join",
        "ts": "1498599723.609677"
    },
    {
        "user": "U60MQV8J0",
        "text": "<@U60MQV8J0> has joined the channel",
        "type": "message",
        "subtype": "channel_join",
        "ts": "1498631864.274360"
    },
    {
        "user": "U61EZT7TQ",
        "text": "<@U61EZT7TQ> has joined the channel",
        "type": "message",
        "subtype": "channel_join",
        "ts": "1498632960.443034"
    }
]