[
    {
        "user": "U62TPQ603",
        "text": "<@U62TPQ603> has joined the channel",
        "type": "message",
        "subtype": "channel_join",
        "ts": "1499068422.434269"
    },
    {
        "user": "U63551QJG",
        "text": "<@U63551QJG> has joined the channel",
        "type": "message",
        "subtype": "channel_join",
        "ts": "1499082343.034631"
    },
    {
        "user": "U62JFG248",
        "text": "<@U62JFG248> has joined the channel",
        "type": "message",
        "subtype": "channel_join",
        "ts": "1499102281.898538"
    },
    {
        "user": "U63BH8J9J",
        "text": "<@U63BH8J9J> has joined the channel",
        "type": "message",
        "subtype": "channel_join",
        "ts": "1499109579.036071"
    },
    {
        "user": "U62PH65FB",
        "text": "<@U62PH65FB> has joined the channel",
        "type": "message",
        "subtype": "channel_join",
        "ts": "1499112115.675593"
    }
]