[
    {
        "user": "U54NAL317",
        "text": "<@U54NAL317> has joined the channel",
        "type": "message",
        "subtype": "channel_join",
        "ts": "1497520948.772833"
    },
    {
        "user": "U5TFLS0UQ",
        "text": "<@U5TFLS0UQ> has joined the channel",
        "type": "message",
        "subtype": "channel_join",
        "ts": "1497523584.294495"
    },
    {
        "user": "U5U54JFR9",
        "text": "<@U5U54JFR9> has joined the channel",
        "type": "message",
        "subtype": "channel_join",
        "ts": "1497530057.566498"
    },
    {
        "user": "U5V7ATHF1",
        "text": "<@U5V7ATHF1> has joined the channel",
        "type": "message",
        "subtype": "channel_join",
        "ts": "1497545693.229885"
    }
]