[
    {
        "user": "U5L8ANHUK",
        "text": "<@U5L8ANHUK> has joined the channel",
        "type": "message",
        "subtype": "channel_join",
        "ts": "1496221979.657827"
    },
    {
        "user": "U5KURF3QR",
        "text": "<@U5KURF3QR> has joined the channel",
        "type": "message",
        "subtype": "channel_join",
        "ts": "1496242546.392250"
    },
    {
        "user": "U5LJUKG4D",
        "text": "<@U5LJUKG4D> has joined the channel",
        "type": "message",
        "subtype": "channel_join",
        "ts": "1496242610.420427"
    },
    {
        "user": "U5LGXTZ42",
        "text": "<@U5LGXTZ42> has joined the channel",
        "type": "message",
        "subtype": "channel_join",
        "ts": "1496244913.401242"
    }
]