[
    {
        "type": "message",
        "user": "U5TK9EVDL",
        "text": "Hello les Growth Hackers !\n\nEst ce que qqun sait si on peut créer 2 landing pages différentes pour télécharger la même application mobile (google play ou app store) ? On aimerait faire de la publicité Facebook pour 2 groupes de personnes différentes et donc les faire arriver sur 2 présentations différentes de notre appli mobile",
        "ts": "1512047415.000061"
    },
    {
        "type": "message",
        "user": "U5AV671TK",
        "text": "Pourquoi tu ne ferait pas juste une LP avec une partie dynamique ? <@U5TK9EVDL>",
        "ts": "1512047522.000010"
    },
    {
        "type": "message",
        "user": "U5TK9EVDL",
        "text": "Le problème c’est que la LP en question n’en est pas une, c’est notre store Google play ou App store directement",
        "ts": "1512047588.000290"
    },
    {
        "type": "message",
        "user": "U5AV671TK",
        "text": "ah ok, my bad. Instinctivement je te dirait plus de faire une LP avec les deux liens des deux app stores, et de logger ta conversion onclick sur un des deux, mais c'est pas exactement ce que tu demandais. Voix avec <@U57DAHPE1>, c'est le pro des apps mobiles ici :wink:",
        "ts": "1512047688.000167"
    },
    {
        "type": "message",
        "user": "U5TK9EVDL",
        "text": "Thanks ! :wink:",
        "ts": "1512047706.000160"
    },
    {
        "user": "U872GDJE4",
        "text": "<@U872GDJE4> has joined the channel",
        "type": "message",
        "subtype": "channel_join",
        "ts": "1512049535.000153"
    },
    {
        "user": "U873ES8MN",
        "text": "<@U873ES8MN> has joined the channel",
        "type": "message",
        "subtype": "channel_join",
        "ts": "1512052743.000503"
    },
    {
        "user": "U87D597EC",
        "text": "<@U87D597EC> has joined the channel",
        "type": "message",
        "subtype": "channel_join",
        "ts": "1512086163.000338"
    }
]