[
    {
        "user": "U7TN3GXQQ",
        "text": "<@U7TN3GXQQ> has joined the channel",
        "type": "message",
        "subtype": "channel_join",
        "ts": "1509693396.000123"
    },
    {
        "user": "U7UG0N1M3",
        "text": "<@U7UG0N1M3> has joined the channel",
        "type": "message",
        "subtype": "channel_join",
        "ts": "1509693517.000148"
    },
    {
        "user": "U7U143VMF",
        "text": "<@U7U143VMF> has joined the channel",
        "type": "message",
        "subtype": "channel_join",
        "ts": "1509715977.000207"
    },
    {
        "user": "U7UK9L8UT",
        "text": "<@U7UK9L8UT> has joined the channel",
        "type": "message",
        "subtype": "channel_join",
        "ts": "1509730532.000403"
    }
]