[
    {
        "user": "U7CD9PYP2",
        "text": "<@U7CD9PYP2> has joined the channel",
        "type": "message",
        "subtype": "channel_join",
        "ts": "1507104052.000368"
    },
    {
        "user": "U7CHPNUE5",
        "text": "<@U7CHPNUE5> has joined the channel",
        "type": "message",
        "subtype": "channel_join",
        "ts": "1507106427.000073"
    },
    {
        "user": "U7E71D7TR",
        "text": "<@U7E71D7TR> has joined the channel",
        "type": "message",
        "subtype": "channel_join",
        "ts": "1507111025.000216"
    },
    {
        "user": "U7CK9CLQZ",
        "text": "<@U7CK9CLQZ> has joined the channel",
        "type": "message",
        "subtype": "channel_join",
        "ts": "1507113891.000292"
    },
    {
        "user": "U7EA7PHD5",
        "text": "<@U7EA7PHD5> has joined the channel",
        "type": "message",
        "subtype": "channel_join",
        "ts": "1507123856.000113"
    },
    {
        "user": "U7D9L7XJ8",
        "text": "<@U7D9L7XJ8> has joined the channel",
        "type": "message",
        "subtype": "channel_join",
        "ts": "1507124882.000338"
    },
    {
        "user": "U7D9VMXDJ",
        "text": "<@U7D9VMXDJ> has joined the channel",
        "type": "message",
        "subtype": "channel_join",
        "ts": "1507125674.000835"
    },
    {
        "user": "U7D65D07M",
        "text": "<@U7D65D07M> has joined the channel",
        "type": "message",
        "subtype": "channel_join",
        "ts": "1507125964.000202"
    },
    {
        "user": "U7DA68F0U",
        "text": "<@U7DA68F0U> has joined the channel",
        "type": "message",
        "subtype": "channel_join",
        "ts": "1507126552.000118"
    },
    {
        "user": "U7D8WQ10A",
        "text": "<@U7D8WQ10A> has joined the channel",
        "type": "message",
        "subtype": "channel_join",
        "ts": "1507127410.000137"
    },
    {
        "user": "U7DBVA9T5",
        "text": "<@U7DBVA9T5> has joined the channel",
        "type": "message",
        "subtype": "channel_join",
        "ts": "1507142023.000238"
    },
    {
        "user": "U7DLJA421",
        "text": "<@U7DLJA421> has joined the channel",
        "type": "message",
        "subtype": "channel_join",
        "ts": "1507149452.000638"
    }
]