[
    {
        "user": "U79EF1BBJ",
        "text": "<@U79EF1BBJ> has joined the channel",
        "type": "message",
        "subtype": "channel_join",
        "ts": "1506583215.000352"
    },
    {
        "user": "U79KUP0GZ",
        "text": "<@U79KUP0GZ> has joined the channel",
        "type": "message",
        "subtype": "channel_join",
        "ts": "1506590544.000190"
    },
    {
        "user": "U7A5NQYEN",
        "text": "<@U7A5NQYEN> has joined the channel",
        "type": "message",
        "subtype": "channel_join",
        "ts": "1506590635.000337"
    },
    {
        "user": "U7A9U4LAH",
        "text": "<@U7A9U4LAH> has joined the channel",
        "type": "message",
        "subtype": "channel_join",
        "ts": "1506590929.000129"
    },
    {
        "user": "U79KXQW4R",
        "text": "<@U79KXQW4R> has joined the channel",
        "type": "message",
        "subtype": "channel_join",
        "ts": "1506590975.000199"
    },
    {
        "user": "U7A7EV7C4",
        "text": "<@U7A7EV7C4> has joined the channel",
        "type": "message",
        "subtype": "channel_join",
        "ts": "1506591319.000256"
    },
    {
        "user": "U79G3AXEC",
        "text": "<@U79G3AXEC> has joined the channel",
        "type": "message",
        "subtype": "channel_join",
        "ts": "1506591329.000446"
    },
    {
        "user": "U7A5X1DAN",
        "text": "<@U7A5X1DAN> has joined the channel",
        "type": "message",
        "subtype": "channel_join",
        "ts": "1506591762.000042"
    },
    {
        "user": "U7A3QQ91R",
        "text": "<@U7A3QQ91R> has joined the channel",
        "type": "message",
        "subtype": "channel_join",
        "ts": "1506591934.000348"
    },
    {
        "user": "U7A3S80E7",
        "text": "<@U7A3S80E7> has joined the channel",
        "type": "message",
        "subtype": "channel_join",
        "ts": "1506592135.000048"
    },
    {
        "user": "U7B8KQNLX",
        "text": "<@U7B8KQNLX> has joined the channel",
        "type": "message",
        "subtype": "channel_join",
        "ts": "1506592240.000137"
    },
    {
        "user": "U7A61DH8A",
        "text": "<@U7A61DH8A> has joined the channel",
        "type": "message",
        "subtype": "channel_join",
        "ts": "1506592373.000055"
    },
    {
        "user": "U7AA5E6J1",
        "text": "<@U7AA5E6J1> has joined the channel",
        "type": "message",
        "subtype": "channel_join",
        "ts": "1506592493.000032"
    },
    {
        "user": "U79GC4D5E",
        "text": "<@U79GC4D5E> has joined the channel",
        "type": "message",
        "subtype": "channel_join",
        "ts": "1506592563.000384"
    },
    {
        "user": "U7AA9US85",
        "text": "<@U7AA9US85> has joined the channel",
        "type": "message",
        "subtype": "channel_join",
        "ts": "1506593121.000259"
    },
    {
        "user": "U79LEFMUH",
        "text": "<@U79LEFMUH> has joined the channel",
        "type": "message",
        "subtype": "channel_join",
        "ts": "1506593301.000140"
    },
    {
        "user": "U7A4366AX",
        "text": "<@U7A4366AX> has joined the channel",
        "type": "message",
        "subtype": "channel_join",
        "ts": "1506593697.000323"
    },
    {
        "user": "U79GMUE64",
        "text": "<@U79GMUE64> has joined the channel",
        "type": "message",
        "subtype": "channel_join",
        "ts": "1506593978.000164"
    },
    {
        "user": "U7A81S4TW",
        "text": "<@U7A81S4TW> has joined the channel",
        "type": "message",
        "subtype": "channel_join",
        "ts": "1506594333.000158"
    },
    {
        "user": "U79LT2MCZ",
        "text": "<@U79LT2MCZ> has joined the channel",
        "type": "message",
        "subtype": "channel_join",
        "ts": "1506595189.000035"
    },
    {
        "user": "U7B9MMT6K",
        "text": "<@U7B9MMT6K> has joined the channel",
        "type": "message",
        "subtype": "channel_join",
        "ts": "1506596714.000298"
    },
    {
        "user": "U7A5HGZFV",
        "text": "<@U7A5HGZFV> has joined the channel",
        "type": "message",
        "subtype": "channel_join",
        "ts": "1506599288.000331"
    },
    {
        "user": "U7A9TAWJY",
        "text": "<@U7A9TAWJY> has joined the channel",
        "type": "message",
        "subtype": "channel_join",
        "ts": "1506601456.000397"
    },
    {
        "user": "U7A9TFWVA",
        "text": "<@U7A9TFWVA> has joined the channel",
        "type": "message",
        "subtype": "channel_join",
        "ts": "1506601486.000104"
    },
    {
        "user": "U7AA49FN0",
        "text": "<@U7AA49FN0> has joined the channel",
        "type": "message",
        "subtype": "channel_join",
        "ts": "1506602860.000097"
    },
    {
        "user": "U79KBGTQ8",
        "text": "<@U79KBGTQ8> has joined the channel",
        "type": "message",
        "subtype": "channel_join",
        "ts": "1506604871.000175"
    },
    {
        "user": "U7BC5NB1V",
        "text": "<@U7BC5NB1V> has joined the channel",
        "type": "message",
        "subtype": "channel_join",
        "ts": "1506606615.000305"
    },
    {
        "user": "U7B97N72A",
        "text": "<@U7B97N72A> has joined the channel",
        "type": "message",
        "subtype": "channel_join",
        "ts": "1506614723.000403"
    },
    {
        "user": "U7BAH4U3Y",
        "text": "<@U7BAH4U3Y> has joined the channel",
        "type": "message",
        "subtype": "channel_join",
        "ts": "1506618510.000104"
    },
    {
        "user": "U7BEQF4P8",
        "text": "<@U7BEQF4P8> has joined the channel",
        "type": "message",
        "subtype": "channel_join",
        "ts": "1506631877.000386"
    },
    {
        "user": "U7ANVPQ7P",
        "text": "<@U7ANVPQ7P> has joined the channel",
        "type": "message",
        "subtype": "channel_join",
        "ts": "1506634636.000296"
    }
]