[
    {
        "user": "U5E9873JS",
        "text": "<@U5E9873JS> has joined the channel",
        "type": "message",
        "subtype": "channel_join",
        "ts": "1494841999.364675"
    },
    {
        "user": "U5CUP1VH7",
        "text": "<@U5CUP1VH7> has joined the channel",
        "type": "message",
        "subtype": "channel_join",
        "ts": "1494846495.271165"
    },
    {
        "user": "U5DHMCWEN",
        "text": "<@U5DHMCWEN> has joined the channel",
        "type": "message",
        "subtype": "channel_join",
        "ts": "1494854276.020655"
    }
]