[
    {
        "user": "U7CEX1F43",
        "text": "<@U7CEX1F43> has joined the channel",
        "type": "message",
        "subtype": "channel_join",
        "ts": "1507036340.000132"
    },
    {
        "user": "U7CJSGE20",
        "text": "<@U7CJSGE20> has joined the channel",
        "type": "message",
        "subtype": "channel_join",
        "ts": "1507036508.000300"
    },
    {
        "user": "U7CJSS0BW",
        "text": "<@U7CJSS0BW> has joined the channel",
        "type": "message",
        "subtype": "channel_join",
        "ts": "1507036533.000322"
    },
    {
        "user": "U7CF18QSX",
        "text": "<@U7CF18QSX> has joined the channel",
        "type": "message",
        "subtype": "channel_join",
        "ts": "1507036789.000503"
    },
    {
        "user": "U7C26KLN5",
        "text": "<@U7C26KLN5> has joined the channel",
        "type": "message",
        "subtype": "channel_join",
        "ts": "1507037309.000294"
    },
    {
        "user": "U7CF6KGDR",
        "text": "<@U7CF6KGDR> has joined the channel",
        "type": "message",
        "subtype": "channel_join",
        "ts": "1507037335.000126"
    },
    {
        "user": "U7DL1BN23",
        "text": "<@U7DL1BN23> has joined the channel",
        "type": "message",
        "subtype": "channel_join",
        "ts": "1507037527.000136"
    },
    {
        "user": "U7CK4DYKW",
        "text": "<@U7CK4DYKW> has joined the channel",
        "type": "message",
        "subtype": "channel_join",
        "ts": "1507037692.000056"
    },
    {
        "user": "U7BTWQKKJ",
        "text": "<@U7BTWQKKJ> has joined the channel",
        "type": "message",
        "subtype": "channel_join",
        "ts": "1507038042.000454"
    },
    {
        "user": "U7CHTFPQA",
        "text": "<@U7CHTFPQA> has joined the channel",
        "type": "message",
        "subtype": "channel_join",
        "ts": "1507038563.000425"
    },
    {
        "user": "U7DLJP6TH",
        "text": "<@U7DLJP6TH> has joined the channel",
        "type": "message",
        "subtype": "channel_join",
        "ts": "1507039142.000394"
    },
    {
        "user": "U77FMEFPA",
        "text": "<@U77FMEFPA> has left the channel",
        "type": "message",
        "subtype": "channel_leave",
        "ts": "1507040142.000227"
    },
    {
        "user": "U7DF4UF4N",
        "text": "<@U7DF4UF4N> has joined the channel",
        "type": "message",
        "subtype": "channel_join",
        "ts": "1507040567.000304"
    },
    {
        "user": "U7DFD33HU",
        "text": "<@U7DFD33HU> has joined the channel",
        "type": "message",
        "subtype": "channel_join",
        "ts": "1507041240.000402"
    },
    {
        "user": "U7CKKP8D9",
        "text": "<@U7CKKP8D9> has joined the channel",
        "type": "message",
        "subtype": "channel_join",
        "ts": "1507049952.000539"
    },
    {
        "user": "U7CU7PBSR",
        "text": "<@U7CU7PBSR> has joined the channel",
        "type": "message",
        "subtype": "channel_join",
        "ts": "1507057025.000447"
    },
    {
        "user": "U7DN0J1M4",
        "text": "<@U7DN0J1M4> has joined the channel",
        "type": "message",
        "subtype": "channel_join",
        "ts": "1507060907.000080"
    },
    {
        "user": "U7CTAP84C",
        "text": "<@U7CTAP84C> has joined the channel",
        "type": "message",
        "subtype": "channel_join",
        "ts": "1507062092.000247"
    },
    {
        "user": "U7C8M0SL8",
        "text": "<@U7C8M0SL8> has joined the channel",
        "type": "message",
        "subtype": "channel_join",
        "ts": "1507069972.000030"
    },
    {
        "user": "U7D3786CC",
        "text": "<@U7D3786CC> has joined the channel",
        "type": "message",
        "subtype": "channel_join",
        "ts": "1507093947.000031"
    },
    {
        "user": "U7D6F70QM",
        "text": "<@U7D6F70QM> has joined the channel",
        "type": "message",
        "subtype": "channel_join",
        "ts": "1507100368.000201"
    }
]