[
    {
        "user": "U7B9J6SUR",
        "text": "<@U7B9J6SUR> has joined the channel",
        "type": "message",
        "subtype": "channel_join",
        "ts": "1506937347.000258"
    },
    {
        "user": "U7CNN0V5L",
        "text": "<@U7CNN0V5L> has joined the channel",
        "type": "message",
        "subtype": "channel_join",
        "ts": "1506942775.000301"
    },
    {
        "user": "U7C4RLXT7",
        "text": "<@U7C4RLXT7> has joined the channel",
        "type": "message",
        "subtype": "channel_join",
        "ts": "1506957601.000867"
    },
    {
        "user": "U7CDYPTGV",
        "text": "<@U7CDYPTGV> has joined the channel",
        "type": "message",
        "subtype": "channel_join",
        "ts": "1506992106.000189"
    }
]