[
    {
        "user": "U5XF44ZST",
        "text": "<@U5XF44ZST> has joined the channel",
        "type": "message",
        "subtype": "channel_join",
        "ts": "1497977058.992770"
    },
    {
        "type": "message",
        "user": "U543MU39P",
        "text": "Comprendre les tests A\/B pour augmenter vos activations, c'est ce que propose Kameleoon avec ce cours gratuit composé de 7 modules : <http:\/\/pages.kameleoon.com\/en\/ab-testing-email-course>",
        "attachments": [
            {
                "title": "Free A\/B Testing Email Course &amp; Certification | Kameleoon",
                "title_link": "http:\/\/pages.kameleoon.com\/en\/ab-testing-email-course",
                "text": "Free 17-day Email Course with an exam to get an official certification and rock at A\/B testing!",
                "fallback": "Free A\/B Testing Email Course &amp; Certification | Kameleoon",
                "from_url": "http:\/\/pages.kameleoon.com\/en\/ab-testing-email-course",
                "service_icon": "http:\/\/pages.kameleoon.com\/hubfs\/Images\/favicon.ico?t=1497949856158",
                "service_name": "pages.kameleoon.com",
                "id": 1
            }
        ],
        "thread_ts": "1497988692.343022",
        "reply_count": 3,
        "replies": [
            {
                "user": "U54KSDKCY",
                "ts": "1497995713.645447"
            },
            {
                "user": "U5SRSJC5B",
                "ts": "1498005431.446584"
            },
            {
                "user": "U57DKJR5F",
                "ts": "1498029719.577129"
            }
        ],
        "unread_count": 3,
        "ts": "1497988692.343022",
        "reactions": [
            {
                "name": "+1",
                "users": [
                    "U54KSDKCY",
                    "U54PABTGW",
                    "U5W8XNKKP",
                    "U62AQH47Q"
                ],
                "count": 4
            }
        ]
    },
    {
        "user": "U5WNSP9DZ",
        "text": "<@U5WNSP9DZ> has joined the channel",
        "type": "message",
        "subtype": "channel_join",
        "ts": "1497991662.387427"
    },
    {
        "type": "message",
        "user": "U54KSDKCY",
        "text": "mayien: Yep je l'ai commencé , tu reçois chaque cours par e-mail, ça a l'air simple et propre. Après faut voir si ça apporte vraiment quelque chose , mais étant bientôt en recherche d'emploi c'est toujours bien d'avoir une pseudo certification AB testing :slightly_smiling_face:",
        "thread_ts": "1497988692.343022",
        "parent_user_id": "U543MU39P",
        "ts": "1497995713.645447"
    },
    {
        "type": "message",
        "user": "U5SRSJC5B",
        "text": "<@U54KSDKCY> c'est cool pour revoir les bases rapidement, la certif c'est plus pour le fun derrière à mon sens.",
        "thread_ts": "1497988692.343022",
        "parent_user_id": "U543MU39P",
        "ts": "1498005431.446584",
        "reactions": [
            {
                "name": "slightly_smiling_face",
                "users": [
                    "U54KSDKCY"
                ],
                "count": 1
            }
        ]
    }
]