[
    {
        "type": "message",
        "user": "U54NAL317",
        "text": "<http:\/\/www.useronboard.com\/onboarding-teardowns\/>",
        "attachments": [
            {
                "service_name": "UserOnboard",
                "title": "User Onboarding | A frequently-updated compendium of web app first-run experiences",
                "title_link": "http:\/\/www.useronboard.com\/onboarding-teardowns\/",
                "text": "The ultimate source for User Onboarding teardowns, tips, &amp; thoughts!",
                "fallback": "UserOnboard: User Onboarding | A frequently-updated compendium of web app first-run experiences",
                "image_url": "https:\/\/useronboard.com\/imgs\/useronboard-logo-hi-round.png",
                "from_url": "http:\/\/www.useronboard.com\/onboarding-teardowns\/",
                "image_width": 250,
                "image_height": 250,
                "image_bytes": 31129,
                "service_icon": "http:\/\/www.useronboard.com\/favicon.ico",
                "id": 1
            }
        ],
        "thread_ts": "1502911203.000304",
        "reply_count": 1,
        "replies": [
            {
                "user": "U6GDWPSMQ",
                "ts": "1502917265.000177"
            }
        ],
        "unread_count": 1,
        "ts": "1502911203.000304",
        "reactions": [
            {
                "name": "+1",
                "users": [
                    "U53T94L7N",
                    "U543MU39P",
                    "U55EAMFQ9",
                    "U57DAHPE1",
                    "U57DKJR5F"
                ],
                "count": 5
            },
            {
                "name": "ok_hand",
                "users": [
                    "U541S59L4"
                ],
                "count": 1
            }
        ]
    },
    {
        "type": "message",
        "user": "U6GDWPSMQ",
        "text": "Oui très bon site, ton décalé en plus! qui l’utilise pour des tips d’onboarding?",
        "thread_ts": "1502911203.000304",
        "parent_user_id": "U54NAL317",
        "ts": "1502917265.000177"
    }
]