[
    {
        "user": "U7DNS9134",
        "text": "<@U7DNS9134> has joined the channel",
        "type": "message",
        "subtype": "channel_join",
        "ts": "1507190669.000380"
    },
    {
        "user": "U7D826QUR",
        "text": "<@U7D826QUR> has joined the channel",
        "type": "message",
        "subtype": "channel_join",
        "ts": "1507193401.000467"
    },
    {
        "user": "U7D8XQ0EL",
        "text": "<@U7D8XQ0EL> has joined the channel",
        "type": "message",
        "subtype": "channel_join",
        "ts": "1507213296.000237"
    }
]