[
    {
        "user": "U5PU5BLDA",
        "text": "<@U5PU5BLDA> has joined the channel",
        "type": "message",
        "subtype": "channel_join",
        "ts": "1496825834.509496"
    },
    {
        "user": "U5PUK6FJ8",
        "text": "<@U5PUK6FJ8> has joined the channel",
        "type": "message",
        "subtype": "channel_join",
        "ts": "1496827656.979876"
    },
    {
        "user": "U5QMD4ZL6",
        "text": "<@U5QMD4ZL6> has joined the channel",
        "type": "message",
        "subtype": "channel_join",
        "ts": "1496827659.980646"
    },
    {
        "user": "U5PTH8FPU",
        "text": "<@U5PTH8FPU> has joined the channel",
        "type": "message",
        "subtype": "channel_join",
        "ts": "1496829492.427604"
    },
    {
        "user": "U5QQB1AFR",
        "text": "<@U5QQB1AFR> has joined the channel",
        "type": "message",
        "subtype": "channel_join",
        "ts": "1496837879.211009"
    },
    {
        "user": "U5PN48RAM",
        "text": "<@U5PN48RAM> has joined the channel",
        "type": "message",
        "subtype": "channel_join",
        "ts": "1496865234.454441"
    }
]