[
    {
        "user": "U54KSDKCY",
        "text": "<@U54KSDKCY> has joined the channel",
        "type": "message",
        "subtype": "channel_join",
        "ts": "1493977259.183138"
    },
    {
        "user": "U597UMT3L",
        "text": "<@U597UMT3L> has joined the channel",
        "type": "message",
        "subtype": "channel_join",
        "ts": "1493986360.828618"
    },
    {
        "user": "U54ACN4L9",
        "text": "<@U54ACN4L9> has joined the channel",
        "type": "message",
        "subtype": "channel_join",
        "ts": "1493989592.564465"
    },
    {
        "user": "U58LTK9S4",
        "text": "<@U58LTK9S4> has joined the channel",
        "type": "message",
        "subtype": "channel_join",
        "ts": "1493997563.265319"
    },
    {
        "user": "U59CF4E9Y",
        "text": "<@U59CF4E9Y> has joined the channel",
        "type": "message",
        "subtype": "channel_join",
        "ts": "1494001677.715724"
    }
]