[
    {
        "user": "U6BNG0MPZ",
        "text": "<@U6BNG0MPZ> has joined the channel",
        "type": "message",
        "subtype": "channel_join",
        "ts": "1500450110.038690"
    },
    {
        "user": "U6BKJMDJS",
        "text": "<@U6BKJMDJS> has joined the channel",
        "type": "message",
        "subtype": "channel_join",
        "ts": "1500467740.031363"
    },
    {
        "user": "U62V7G8J1",
        "text": "<@U62V7G8J1> has joined the channel",
        "type": "message",
        "subtype": "channel_join",
        "ts": "1500468834.484389"
    },
    {
        "type": "message",
        "user": "U543MU39P",
        "text": "Un article de SUMO sur les CTA avec beaucoup d'exemples et de tests A\/B \n<https:\/\/sumo.com\/stories\/best-call-to-action-button>",
        "attachments": [
            {
                "service_name": "Sumo",
                "title": "24 Best Call to Action Buttons to Sumo-Size Your Conversions",
                "title_link": "https:\/\/sumo.com\/stories\/best-call-to-action-button",
                "text": "24 Best Call to Action Buttons to Sumo-Size Your Conversions - Create irresistibly clickable buttons to increase email subscribers, sales, and leads",
                "fallback": "Sumo: 24 Best Call to Action Buttons to Sumo-Size Your Conversions",
                "image_url": "https:\/\/media.sumo.com\/storyimages\/e05211a9-b034-4b01-8bb6-369df0ceac1d",
                "image_width": 478,
                "image_height": 250,
                "from_url": "https:\/\/sumo.com\/stories\/best-call-to-action-button",
                "image_bytes": 186136,
                "service_icon": "https:\/\/sumo.com\/apple-touch-icon.png",
                "id": 1
            }
        ],
        "edited": {
            "user": "U543MU39P",
            "ts": "1500528472.000000"
        },
        "ts": "1500528453.861692",
        "reactions": [
            {
                "name": "slightly_smiling_face",
                "users": [
                    "U53T94L7N",
                    "U546L44SJ",
                    "U5AV671TK"
                ],
                "count": 3
            }
        ]
    }
]