[
    {
        "type": "message",
        "user": "U55EQCK09",
        "text": "J'ai testé lead scoring de Zapier, ça fait un peu d'enrichissement de données (gratuit). Ca peut être pas mal pour qualifier les leads mais ça reste encore peu scalable à ton customer segment.",
        "thread_ts": "1502119666.128309",
        "parent_user_id": "U54ACN4L9",
        "ts": "1503311787.000039",
        "reactions": [
            {
                "name": "hugging_face",
                "users": [
                    "U54ACN4L9"
                ],
                "count": 1
            }
        ]
    },
    {
        "type": "message",
        "user": "U55EQCK09",
        "text": "Je pense qu'ils vont l'enrichir et garder gratuit pour les premium pour que tu upgrade ton package :stuck_out_tongue:",
        "thread_ts": "1502119666.128309",
        "parent_user_id": "U54ACN4L9",
        "ts": "1503311822.000086"
    },
    {
        "user": "U6RBJ7SPL",
        "text": "<@U6RBJ7SPL> has joined the channel",
        "type": "message",
        "subtype": "channel_join",
        "ts": "1503321258.000239"
    },
    {
        "user": "U6RJVH5BP",
        "text": "<@U6RJVH5BP> has joined the channel",
        "type": "message",
        "subtype": "channel_join",
        "ts": "1503332229.000387"
    },
    {
        "user": "U6RDSG23D",
        "text": "<@U6RDSG23D> has joined the channel",
        "type": "message",
        "subtype": "channel_join",
        "ts": "1503336061.000235"
    }
]