[
    {
        "user": "U7HLCB50F",
        "text": "<@U7HLCB50F> has joined the channel",
        "type": "message",
        "subtype": "channel_join",
        "ts": "1507719586.000476"
    },
    {
        "user": "U7G04SPAL",
        "text": "<@U7G04SPAL> has joined the channel",
        "type": "message",
        "subtype": "channel_join",
        "ts": "1507725815.000061"
    },
    {
        "user": "U7G71L917",
        "text": "<@U7G71L917> has joined the channel",
        "type": "message",
        "subtype": "channel_join",
        "ts": "1507735191.000889"
    },
    {
        "user": "U7J0F9RM4",
        "text": "<@U7J0F9RM4> has joined the channel",
        "type": "message",
        "subtype": "channel_join",
        "ts": "1507785932.000018"
    }
]