[
    {
        "user": "U5TD6M8TD",
        "text": "<@U5TD6M8TD> has joined the channel",
        "type": "message",
        "subtype": "channel_join",
        "ts": "1497432638.353399"
    },
    {
        "user": "U5UD4ERUP",
        "text": "<@U5UD4ERUP> has joined the channel",
        "type": "message",
        "subtype": "channel_join",
        "ts": "1497445004.169688"
    },
    {
        "user": "U5UDEMS8P",
        "text": "<@U5UDEMS8P> has joined the channel",
        "type": "message",
        "subtype": "channel_join",
        "ts": "1497446025.495324"
    },
    {
        "user": "U5T4EGKJM",
        "text": "<@U5T4EGKJM> has joined the channel",
        "type": "message",
        "subtype": "channel_join",
        "ts": "1497452930.230355"
    }
]