[
    {
        "user": "U78PKU68J",
        "text": "<@U78PKU68J> has joined the channel",
        "type": "message",
        "subtype": "channel_join",
        "ts": "1506411558.000350"
    },
    {
        "user": "U79SQSUA3",
        "text": "<@U79SQSUA3> has joined the channel",
        "type": "message",
        "subtype": "channel_join",
        "ts": "1506414277.000233"
    },
    {
        "user": "U78U8FC21",
        "text": "<@U78U8FC21> has joined the channel",
        "type": "message",
        "subtype": "channel_join",
        "ts": "1506414301.000339"
    },
    {
        "user": "U79M2NMNJ",
        "text": "<@U79M2NMNJ> has joined the channel",
        "type": "message",
        "subtype": "channel_join",
        "ts": "1506415441.000245"
    },
    {
        "user": "U78QPN0JE",
        "text": "<@U78QPN0JE> has joined the channel",
        "type": "message",
        "subtype": "channel_join",
        "ts": "1506416908.000185"
    },
    {
        "user": "U79TM1TMM",
        "text": "<@U79TM1TMM> has joined the channel",
        "type": "message",
        "subtype": "channel_join",
        "ts": "1506418387.000022"
    },
    {
        "user": "U78P5D0N7",
        "text": "<@U78P5D0N7> has joined the channel",
        "type": "message",
        "subtype": "channel_join",
        "ts": "1506419955.000029"
    },
    {
        "user": "U78RG4HQA",
        "text": "<@U78RG4HQA> has joined the channel",
        "type": "message",
        "subtype": "channel_join",
        "ts": "1506420600.000411"
    },
    {
        "user": "U78RLDWSE",
        "text": "<@U78RLDWSE> has joined the channel",
        "type": "message",
        "subtype": "channel_join",
        "ts": "1506421252.000327"
    },
    {
        "user": "U78V1LFL4",
        "text": "<@U78V1LFL4> has joined the channel",
        "type": "message",
        "subtype": "channel_join",
        "ts": "1506428559.000148"
    },
    {
        "user": "U78TDF5L2",
        "text": "<@U78TDF5L2> has joined the channel",
        "type": "message",
        "subtype": "channel_join",
        "ts": "1506428585.000028"
    },
    {
        "user": "U78C80RS5",
        "text": "<@U78C80RS5> has joined the channel",
        "type": "message",
        "subtype": "channel_join",
        "ts": "1506428879.000208"
    },
    {
        "user": "U7A0NE887",
        "text": "<@U7A0NE887> has joined the channel",
        "type": "message",
        "subtype": "channel_join",
        "ts": "1506428899.000402"
    },
    {
        "user": "U78R9T1C3",
        "text": "<@U78R9T1C3> has joined the channel",
        "type": "message",
        "subtype": "channel_join",
        "ts": "1506428948.000081"
    },
    {
        "user": "U78RE46PM",
        "text": "<@U78RE46PM> has joined the channel",
        "type": "message",
        "subtype": "channel_join",
        "ts": "1506429477.000221"
    },
    {
        "user": "U79QBB4MC",
        "text": "<@U79QBB4MC> has joined the channel",
        "type": "message",
        "subtype": "channel_join",
        "ts": "1506429577.000481"
    },
    {
        "user": "U78CEH5RP",
        "text": "<@U78CEH5RP> has joined the channel",
        "type": "message",
        "subtype": "channel_join",
        "ts": "1506429694.000172"
    },
    {
        "user": "U7A0YUUG7",
        "text": "<@U7A0YUUG7> has joined the channel",
        "type": "message",
        "subtype": "channel_join",
        "ts": "1506430210.000438"
    },
    {
        "user": "U7A0ZLD55",
        "text": "<@U7A0ZLD55> has joined the channel",
        "type": "message",
        "subtype": "channel_join",
        "ts": "1506430286.000077"
    },
    {
        "user": "U78TX4D42",
        "text": "<@U78TX4D42> has joined the channel",
        "type": "message",
        "subtype": "channel_join",
        "ts": "1506430742.000432"
    },
    {
        "user": "U78U1CQBU",
        "text": "<@U78U1CQBU> has joined the channel",
        "type": "message",
        "subtype": "channel_join",
        "ts": "1506431166.000028"
    },
    {
        "user": "U79R5UC4E",
        "text": "<@U79R5UC4E> has joined the channel",
        "type": "message",
        "subtype": "channel_join",
        "ts": "1506432616.000449"
    },
    {
        "user": "U78V6G4GJ",
        "text": "<@U78V6G4GJ> has joined the channel",
        "type": "message",
        "subtype": "channel_join",
        "ts": "1506434786.000062"
    },
    {
        "user": "U78TAHZJ7",
        "text": "<@U78TAHZJ7> has joined the channel",
        "type": "message",
        "subtype": "channel_join",
        "ts": "1506435669.000163"
    },
    {
        "type": "message",
        "user": "U53T94L7N",
        "text": "Quelqu'un a déjà utilisé ça ? <https:\/\/docsend.com\/view\/pcm9ggf>\nL'offre me semble cool, mais, malheureusement, je ne vais pas l'utiliser si aucun client chez nous n'est passé par chez eux avant (j'ai pas envie de m'occuper de leur acquisition utilisateur quoi)",
        "attachments": [
            {
                "service_name": "DocSend",
                "title": "DocSend - Simple, intelligent, modern document sending",
                "title_link": "https:\/\/docsend.com\/view\/pcm9ggf",
                "text": "DocSend helps you communicate more effectively by telling you what happens to documents after you send them and letting you keep control in real time.",
                "fallback": "DocSend: DocSend - Simple, intelligent, modern document sending",
                "thumb_url": "https:\/\/d2qvtfnm75xrxf.cloudfront.net\/assets\/social\/ds-logo-300-cfa74c771da19323a014d20041f2e101b78c313616f8c6717fc93189eb7e9428.png",
                "from_url": "https:\/\/docsend.com\/view\/pcm9ggf",
                "thumb_width": 300,
                "thumb_height": 300,
                "service_icon": "https:\/\/docsend.com\/favicon.ico",
                "id": 1
            }
        ],
        "thread_ts": "1506436728.000666",
        "reply_count": 4,
        "replies": [
            {
                "user": "U5B14H0PR",
                "ts": "1506436807.000294"
            },
            {
                "user": "U5B14H0PR",
                "ts": "1506436846.000381"
            },
            {
                "user": "U5B14H0PR",
                "ts": "1506436898.000366"
            },
            {
                "user": "U53T94L7N",
                "ts": "1506444494.000409"
            }
        ],
        "unread_count": 4,
        "ts": "1506436728.000666"
    },
    {
        "type": "message",
        "user": "U5B14H0PR",
        "text": "je te recommande tilkee :slightly_smiling_face:",
        "thread_ts": "1506436728.000666",
        "parent_user_id": "U53T94L7N",
        "ts": "1506436807.000294",
        "reactions": [
            {
                "name": "+1",
                "users": [
                    "U78TX4D42"
                ],
                "count": 1
            }
        ]
    },
    {
        "type": "message",
        "user": "U5B14H0PR",
        "text": "et je peux te trouver des utilisateurs si tu veux des témoignages :wink:",
        "thread_ts": "1506436728.000666",
        "parent_user_id": "U53T94L7N",
        "ts": "1506436846.000381"
    },
    {
        "type": "message",
        "user": "U5B14H0PR",
        "text": "ah mince, tu parles peut-être de Oyst et non de Docsend...",
        "thread_ts": "1506436728.000666",
        "parent_user_id": "U53T94L7N",
        "ts": "1506436898.000366"
    },
    {
        "user": "U790JH2KC",
        "text": "<@U790JH2KC> has joined the channel",
        "type": "message",
        "subtype": "channel_join",
        "ts": "1506436957.000023"
    },
    {
        "user": "U7927E0JG",
        "text": "<@U7927E0JG> has joined the channel",
        "type": "message",
        "subtype": "channel_join",
        "ts": "1506437001.000197"
    },
    {
        "user": "U78H9EW3B",
        "text": "<@U78H9EW3B> has joined the channel",
        "type": "message",
        "subtype": "channel_join",
        "ts": "1506444012.000417"
    },
    {
        "type": "message",
        "user": "U53T94L7N",
        "text": "Oui ^^ c'est de Oyst pour le coup ",
        "thread_ts": "1506436728.000666",
        "parent_user_id": "U53T94L7N",
        "ts": "1506444494.000409"
    },
    {
        "user": "U7912DHQB",
        "text": "<@U7912DHQB> has joined the channel",
        "type": "message",
        "subtype": "channel_join",
        "ts": "1506444512.000302"
    },
    {
        "user": "U792BSFK5",
        "text": "<@U792BSFK5> has joined the channel",
        "type": "message",
        "subtype": "channel_join",
        "ts": "1506448391.000160"
    },
    {
        "user": "U799MDD6G",
        "text": "<@U799MDD6G> has joined the channel",
        "type": "message",
        "subtype": "channel_join",
        "ts": "1506459434.000015"
    },
    {
        "user": "U7AFATV7H",
        "text": "<@U7AFATV7H> has joined the channel",
        "type": "message",
        "subtype": "channel_join",
        "ts": "1506490146.000104"
    }
]