[
    {
        "user": "U6HETNZQ8",
        "text": "<@U6HETNZQ8> has joined the channel",
        "type": "message",
        "subtype": "channel_join",
        "ts": "1501835336.738949"
    },
    {
        "user": "U6J70NP9A",
        "text": "<@U6J70NP9A> has joined the channel",
        "type": "message",
        "subtype": "channel_join",
        "ts": "1501839039.018818"
    },
    {
        "type": "message",
        "user": "U5QMD4ZL6",
        "text": "Bonjour tout le monde ! J'aurais besoin de conseil concernant le remarketing. J'utilise actuellement le pixel facebook mais j'aimerais faire du remarketing par d'autres moyens pour augmenter ma conversion. Quels outils me conseillez-vous ? Je n'ai jamais fait de remarketing hors facebook. :slightly_smiling_face:",
        "ts": "1501843671.447120"
    },
    {
        "type": "message",
        "user": "U5SRSJC5B",
        "text": "<@U5QMD4ZL6> adwords, twitter &amp; email retarget",
        "ts": "1501850077.294205"
    },
    {
        "type": "message",
        "user": "U5QMD4ZL6",
        "text": "Merci <@U5SRSJC5B> ! Je n'utilise pas du tout twitter car ma cible n'est pas dessus.. Concernant adwords, cela ne me permet pas de suivre mon visiteur sur les sites où ils se rend ensuite non? Pour l'email, il faut que les visiteurs répondent à mes optin forms, où il y a une solution pour obtenir l'émail des visiteurs ?",
        "ts": "1501850330.381570"
    },
    {
        "type": "message",
        "user": "U5SRSJC5B",
        "text": "Si, tu seras diffusé sur le réseau display et pour l'email c'est la même chose que criteo (avant de fermer le service email retarget), quand j'étais en agence, on avait switché tous les clients chez eperflex : <https:\/\/www.eperflex.com\/lg\/fr\/email-retargeting>",
        "attachments": [
            {
                "title": "Eperflex, email retargeting : Les atouts d'une solution experte du reciblage par email",
                "title_link": "https:\/\/www.eperflex.com\/lg\/fr\/email-retargeting",
                "text": "Découvrez Eperflex, la première solution d'email retargeting personnalisée. Créez des campagnes retargeting efficaces et augmentez votre conversion.",
                "fallback": "Eperflex, email retargeting : Les atouts d'une solution experte du reciblage par email",
                "from_url": "https:\/\/www.eperflex.com\/lg\/fr\/email-retargeting",
                "service_icon": "https:\/\/www.eperflex.com\/img\/favicon.ico",
                "service_name": "eperflex.com",
                "id": 1
            }
        ],
        "ts": "1501850761.539269"
    },
    {
        "type": "message",
        "user": "U5SRSJC5B",
        "text": "en gros ils ont des gros partenaires qui ont l'email du prospect qui visite ton site web et la technologie eperflex arrive à suivre le type sur le net donc quand le gars arrive chez toi, si il est déjà dans la base eperflex, ils pourront le retargeter par mail sans que tu aies chopé son email au préalable.",
        "ts": "1501850969.615977"
    },
    {
        "type": "message",
        "user": "U5QMD4ZL6",
        "text": "Merci beaucoup, je vais regarder ça de près :wink:",
        "ts": "1501854953.470468"
    }
]