[
    {
        "user": "U578QFM7U",
        "text": "<@U578QFM7U> has joined the channel",
        "type": "message",
        "subtype": "channel_join",
        "ts": "1493709255.579325"
    },
    {
        "user": "U56MFR3LZ",
        "text": "<@U56MFR3LZ> has joined the channel",
        "type": "message",
        "subtype": "channel_join",
        "ts": "1493709394.599779"
    },
    {
        "user": "U57BKANLD",
        "text": "<@U57BKANLD> has joined the channel",
        "type": "message",
        "subtype": "channel_join",
        "ts": "1493709699.645866"
    },
    {
        "user": "U578SUB4J",
        "text": "<@U578SUB4J> has joined the channel",
        "type": "message",
        "subtype": "channel_join",
        "ts": "1493709740.652199"
    },
    {
        "user": "U5830GL6A",
        "text": "<@U5830GL6A> has joined the channel",
        "type": "message",
        "subtype": "channel_join",
        "ts": "1493710305.742216"
    },
    {
        "user": "U57BPJ2E9",
        "text": "<@U57BPJ2E9> has joined the channel",
        "type": "message",
        "subtype": "channel_join",
        "ts": "1493710524.778113"
    },
    {
        "user": "U576T3PQB",
        "text": "<@U576T3PQB> has joined the channel",
        "type": "message",
        "subtype": "channel_join",
        "ts": "1493710639.797361"
    },
    {
        "user": "U58441B2T",
        "text": "<@U58441B2T> has joined the channel",
        "type": "message",
        "subtype": "channel_join",
        "ts": "1493713649.338102"
    },
    {
        "user": "U57CB2LP7",
        "text": "<@U57CB2LP7> has joined the channel",
        "type": "message",
        "subtype": "channel_join",
        "ts": "1493714191.446749"
    },
    {
        "user": "U56KDGG9W",
        "text": "<@U56KDGG9W> has joined the channel",
        "type": "message",
        "subtype": "channel_join",
        "ts": "1493714692.547310"
    },
    {
        "user": "U57CQ6ADT",
        "text": "<@U57CQ6ADT> has joined the channel",
        "type": "message",
        "subtype": "channel_join",
        "ts": "1493716224.862108"
    },
    {
        "user": "U57BFAK5J",
        "text": "<@U57BFAK5J> has joined the channel",
        "type": "message",
        "subtype": "channel_join",
        "ts": "1493716696.956687"
    },
    {
        "user": "U57BQPCDS",
        "text": "<@U57BQPCDS> has joined the channel",
        "type": "message",
        "subtype": "channel_join",
        "ts": "1493718181.258374"
    },
    {
        "user": "U56P10725",
        "text": "<@U56P10725> has joined the channel",
        "type": "message",
        "subtype": "channel_join",
        "ts": "1493718223.266542"
    },
    {
        "user": "U57BRFAR2",
        "text": "<@U57BRFAR2> has joined the channel",
        "type": "message",
        "subtype": "channel_join",
        "ts": "1493718294.281102"
    },
    {
        "user": "U56L3547J",
        "text": "<@U56L3547J> has joined the channel",
        "type": "message",
        "subtype": "channel_join",
        "ts": "1493718389.300451"
    },
    {
        "user": "U57AC09FC",
        "text": "<@U57AC09FC> has joined the channel",
        "type": "message",
        "subtype": "channel_join",
        "ts": "1493718482.318876"
    },
    {
        "user": "U57ACE8RY",
        "text": "<@U57ACE8RY> has joined the channel",
        "type": "message",
        "subtype": "channel_join",
        "ts": "1493718568.335577"
    },
    {
        "user": "U5852MULX",
        "text": "<@U5852MULX> has joined the channel",
        "type": "message",
        "subtype": "channel_join",
        "ts": "1493718772.376483"
    },
    {
        "user": "U57BVAATW",
        "text": "<@U57BVAATW> has joined the channel",
        "type": "message",
        "subtype": "channel_join",
        "ts": "1493718920.406116"
    },
    {
        "user": "U58558UTZ",
        "text": "<@U58558UTZ> has joined the channel",
        "type": "message",
        "subtype": "channel_join",
        "ts": "1493719191.459965"
    },
    {
        "user": "U57DAHPE1",
        "text": "<@U57DAHPE1> has joined the channel",
        "type": "message",
        "subtype": "channel_join",
        "ts": "1493719447.512484"
    },
    {
        "user": "U578G41RR",
        "text": "<@U578G41RR> has joined the channel",
        "type": "message",
        "subtype": "channel_join",
        "ts": "1493719888.594411"
    },
    {
        "user": "U57C2APLL",
        "text": "<@U57C2APLL> has joined the channel",
        "type": "message",
        "subtype": "channel_join",
        "ts": "1493720056.624004"
    },
    {
        "user": "U57C4ENH2",
        "text": "<@U57C4ENH2> has joined the channel",
        "type": "message",
        "subtype": "channel_join",
        "ts": "1493720432.692069"
    },
    {
        "user": "U579ALX7V",
        "text": "<@U579ALX7V> has joined the channel",
        "type": "message",
        "subtype": "channel_join",
        "ts": "1493724973.462534"
    },
    {
        "user": "U57DM6AJ0",
        "text": "<@U57DM6AJ0> has joined the channel",
        "type": "message",
        "subtype": "channel_join",
        "ts": "1493728927.224255"
    },
    {
        "user": "U57DPFFU4",
        "text": "<@U57DPFFU4> has joined the channel",
        "type": "message",
        "subtype": "channel_join",
        "ts": "1493729234.295872"
    },
    {
        "user": "U5870JZM4",
        "text": "<@U5870JZM4> has joined the channel",
        "type": "message",
        "subtype": "channel_join",
        "ts": "1493731607.940290"
    },
    {
        "user": "U57EQQA8L",
        "text": "<@U57EQQA8L> has joined the channel",
        "type": "message",
        "subtype": "channel_join",
        "ts": "1493732992.388218"
    },
    {
        "user": "U57DC1E9Y",
        "text": "<@U57DC1E9Y> has joined the channel",
        "type": "message",
        "subtype": "channel_join",
        "ts": "1493733167.447209"
    },
    {
        "user": "U56PN50BS",
        "text": "<@U56PN50BS> has joined the channel",
        "type": "message",
        "subtype": "channel_join",
        "ts": "1493734784.024709"
    },
    {
        "user": "U56SNGEL9",
        "text": "<@U56SNGEL9> has joined the channel",
        "type": "message",
        "subtype": "channel_join",
        "ts": "1493734925.075135"
    },
    {
        "user": "U57FCN528",
        "text": "<@U57FCN528> has joined the channel",
        "type": "message",
        "subtype": "channel_join",
        "ts": "1493734935.078884"
    },
    {
        "user": "U56SQN22D",
        "text": "<@U56SQN22D> has joined the channel",
        "type": "message",
        "subtype": "channel_join",
        "ts": "1493735116.143273"
    },
    {
        "user": "U57FGR3EY",
        "text": "<@U57FGR3EY> has joined the channel",
        "type": "message",
        "subtype": "channel_join",
        "ts": "1493735283.203729"
    },
    {
        "user": "U57E2NA2E",
        "text": "<@U57E2NA2E> has joined the channel",
        "type": "message",
        "subtype": "channel_join",
        "ts": "1493735330.220966"
    },
    {
        "user": "U56T06QPK",
        "text": "<@U56T06QPK> has joined the channel",
        "type": "message",
        "subtype": "channel_join",
        "ts": "1493735917.438949"
    },
    {
        "user": "U5895P37H",
        "text": "<@U5895P37H> has joined the channel",
        "type": "message",
        "subtype": "channel_join",
        "ts": "1493736514.661344"
    },
    {
        "user": "U57HABR37",
        "text": "<@U57HABR37> has joined the channel",
        "type": "message",
        "subtype": "channel_join",
        "ts": "1493736587.688880"
    },
    {
        "user": "U56TDBTRP",
        "text": "<@U56TDBTRP> has joined the channel",
        "type": "message",
        "subtype": "channel_join",
        "ts": "1493737000.849897"
    },
    {
        "user": "U57GBPL84",
        "text": "<@U57GBPL84> has joined the channel",
        "type": "message",
        "subtype": "channel_join",
        "ts": "1493737629.108228"
    },
    {
        "user": "U57CY33PV",
        "text": "<@U57CY33PV> has joined the channel",
        "type": "message",
        "subtype": "channel_join",
        "ts": "1493738079.281165"
    },
    {
        "user": "U56U1GC9X",
        "text": "<@U56U1GC9X> has joined the channel",
        "type": "message",
        "subtype": "channel_join",
        "ts": "1493738747.540084"
    },
    {
        "user": "U56R541TJ",
        "text": "<@U56R541TJ> has joined the channel",
        "type": "message",
        "subtype": "channel_join",
        "ts": "1493738950.619645"
    },
    {
        "user": "U58ASTCP9",
        "text": "<@U58ASTCP9> has joined the channel",
        "type": "message",
        "subtype": "channel_join",
        "ts": "1493740949.395575"
    },
    {
        "user": "U56UWN6KT",
        "text": "<@U56UWN6KT> has joined the channel",
        "type": "message",
        "subtype": "channel_join",
        "ts": "1493741118.460929"
    },
    {
        "user": "U57G83LRY",
        "text": "<@U57G83LRY> has joined the channel",
        "type": "message",
        "subtype": "channel_join",
        "ts": "1493741269.515691"
    },
    {
        "user": "U57HR7PD2",
        "text": "<@U57HR7PD2> has joined the channel",
        "type": "message",
        "subtype": "channel_join",
        "ts": "1493741478.592544"
    },
    {
        "user": "U57J1PGKE",
        "text": "<@U57J1PGKE> has joined the channel",
        "type": "message",
        "subtype": "channel_join",
        "ts": "1493742382.908677"
    },
    {
        "user": "U57KE7P8D",
        "text": "<@U57KE7P8D> has joined the channel",
        "type": "message",
        "subtype": "channel_join",
        "ts": "1493742425.923734"
    },
    {
        "user": "U57KL0NH3",
        "text": "<@U57KL0NH3> has joined the channel",
        "type": "message",
        "subtype": "channel_join",
        "ts": "1493742927.097310"
    },
    {
        "user": "U57JNRABE",
        "text": "<@U57JNRABE> has joined the channel",
        "type": "message",
        "subtype": "channel_join",
        "ts": "1493744238.543017"
    },
    {
        "user": "U5714ANHX",
        "text": "<@U5714ANHX> has joined the channel",
        "type": "message",
        "subtype": "channel_join",
        "ts": "1493745956.127981"
    },
    {
        "user": "U58D1P6H5",
        "text": "<@U58D1P6H5> has joined the channel",
        "type": "message",
        "subtype": "channel_join",
        "ts": "1493747645.722328"
    },
    {
        "user": "U571W6RPT",
        "text": "<@U571W6RPT> has joined the channel",
        "type": "message",
        "subtype": "channel_join",
        "ts": "1493748216.931617"
    },
    {
        "user": "U57K6NZL2",
        "text": "<@U57K6NZL2> has joined the channel",
        "type": "message",
        "subtype": "channel_join",
        "ts": "1493750119.591066"
    },
    {
        "user": "U570XT4RW",
        "text": "<@U570XT4RW> has joined the channel",
        "type": "message",
        "subtype": "channel_join",
        "ts": "1493754500.037911"
    },
    {
        "user": "U57R0PMQV",
        "text": "<@U57R0PMQV> has joined the channel",
        "type": "message",
        "subtype": "channel_join",
        "ts": "1493760068.794354"
    }
]