[
    {
        "user": "U7FC62BK6",
        "text": "<@U7FC62BK6> has joined the channel",
        "type": "message",
        "subtype": "channel_join",
        "ts": "1507543849.000368"
    },
    {
        "user": "U7G9QPUTG",
        "text": "<@U7G9QPUTG> has joined the channel",
        "type": "message",
        "subtype": "channel_join",
        "ts": "1507555443.000132"
    },
    {
        "user": "U7FD36D34",
        "text": "<@U7FD36D34> has joined the channel",
        "type": "message",
        "subtype": "channel_join",
        "ts": "1507555443.000264"
    },
    {
        "user": "U7GA1HAJ2",
        "text": "<@U7GA1HAJ2> has joined the channel",
        "type": "message",
        "subtype": "channel_join",
        "ts": "1507556624.000168"
    },
    {
        "user": "U7FMPTDRB",
        "text": "<@U7FMPTDRB> has joined the channel",
        "type": "message",
        "subtype": "channel_join",
        "ts": "1507570717.000158"
    }
]