[
    {
        "user": "U5FJKJS0Y",
        "text": "<@U5FJKJS0Y> has joined the channel",
        "type": "message",
        "subtype": "channel_join",
        "ts": "1495453479.750460"
    },
    {
        "user": "U5G7GEN03",
        "text": "<@U5G7GEN03> has joined the channel",
        "type": "message",
        "subtype": "channel_join",
        "ts": "1495458593.946761"
    },
    {
        "user": "U5H9QQS4X",
        "text": "<@U5H9QQS4X> has joined the channel",
        "type": "message",
        "subtype": "channel_join",
        "ts": "1495481269.601756"
    }
]