[
    {
        "user": "U70EQLJ0Z",
        "text": "<@U70EQLJ0Z> has joined the channel",
        "type": "message",
        "subtype": "channel_join",
        "ts": "1505115177.000253"
    },
    {
        "user": "U723MM58X",
        "text": "<@U723MM58X> has joined the channel",
        "type": "message",
        "subtype": "channel_join",
        "ts": "1505117643.000066"
    },
    {
        "user": "U71TU8E8N",
        "text": "<@U71TU8E8N> has joined the channel",
        "type": "message",
        "subtype": "channel_join",
        "ts": "1505121215.000432"
    }
]