[
    {
        "user": "U7GLX3A01",
        "text": "<@U7GLX3A01> has joined the channel",
        "type": "message",
        "subtype": "channel_join",
        "ts": "1507803339.000197"
    },
    {
        "user": "U7GNS229X",
        "text": "<@U7GNS229X> has joined the channel",
        "type": "message",
        "subtype": "channel_join",
        "ts": "1507811492.000292"
    },
    {
        "user": "U7H6D6TV1",
        "text": "<@U7H6D6TV1> has joined the channel",
        "type": "message",
        "subtype": "channel_join",
        "ts": "1507811704.000565"
    },
    {
        "user": "U7HA7EZBN",
        "text": "<@U7HA7EZBN> has joined the channel",
        "type": "message",
        "subtype": "channel_join",
        "ts": "1507811715.000328"
    },
    {
        "user": "U7GJXQCN4",
        "text": "<@U7GJXQCN4> has joined the channel",
        "type": "message",
        "subtype": "channel_join",
        "ts": "1507811937.000184"
    },
    {
        "user": "U7H8PJ1GS",
        "text": "<@U7H8PJ1GS> has joined the channel",
        "type": "message",
        "subtype": "channel_join",
        "ts": "1507812105.000008"
    },
    {
        "user": "U7H8RCD98",
        "text": "<@U7H8RCD98> has joined the channel",
        "type": "message",
        "subtype": "channel_join",
        "ts": "1507812346.000019"
    },
    {
        "user": "U7HCWKLUD",
        "text": "<@U7HCWKLUD> has joined the channel",
        "type": "message",
        "subtype": "channel_join",
        "ts": "1507812556.000398"
    },
    {
        "user": "U7HCYGKNH",
        "text": "<@U7HCYGKNH> has joined the channel",
        "type": "message",
        "subtype": "channel_join",
        "ts": "1507812802.000242"
    },
    {
        "user": "U7J5H65M4",
        "text": "<@U7J5H65M4> has joined the channel",
        "type": "message",
        "subtype": "channel_join",
        "ts": "1507812922.000126"
    },
    {
        "user": "U7H8XJTHQ",
        "text": "<@U7H8XJTHQ> has joined the channel",
        "type": "message",
        "subtype": "channel_join",
        "ts": "1507813134.000466"
    },
    {
        "user": "U7HDBEWRK",
        "text": "<@U7HDBEWRK> has joined the channel",
        "type": "message",
        "subtype": "channel_join",
        "ts": "1507814245.000257"
    },
    {
        "user": "U7H75V57D",
        "text": "<@U7H75V57D> has joined the channel",
        "type": "message",
        "subtype": "channel_join",
        "ts": "1507814829.000365"
    },
    {
        "user": "U7GPM3BMF",
        "text": "<@U7GPM3BMF> has joined the channel",
        "type": "message",
        "subtype": "channel_join",
        "ts": "1507814903.000414"
    },
    {
        "user": "U7J63B6FQ",
        "text": "<@U7J63B6FQ> has joined the channel",
        "type": "message",
        "subtype": "channel_join",
        "ts": "1507815111.000038"
    },
    {
        "user": "U7HBR5T1A",
        "text": "<@U7HBR5T1A> has joined the channel",
        "type": "message",
        "subtype": "channel_join",
        "ts": "1507817230.000105"
    },
    {
        "user": "U7H80JAP5",
        "text": "<@U7H80JAP5> has joined the channel",
        "type": "message",
        "subtype": "channel_join",
        "ts": "1507817553.000257"
    },
    {
        "user": "U7J78QFEJ",
        "text": "<@U7J78QFEJ> has joined the channel",
        "type": "message",
        "subtype": "channel_join",
        "ts": "1507818794.000727"
    },
    {
        "user": "U7HB8JMHQ",
        "text": "<@U7HB8JMHQ> has joined the channel",
        "type": "message",
        "subtype": "channel_join",
        "ts": "1507820636.000114"
    },
    {
        "user": "U7HGH9ERY",
        "text": "<@U7HGH9ERY> has joined the channel",
        "type": "message",
        "subtype": "channel_join",
        "ts": "1507837349.000156"
    },
    {
        "user": "U7GTXL9DE",
        "text": "<@U7GTXL9DE> has joined the channel",
        "type": "message",
        "subtype": "channel_join",
        "ts": "1507841500.000545"
    }
]