[
    {
        "user": "U53T94L7N",
        "text": "<@U53T94L7N> has joined the channel",
        "type": "message",
        "subtype": "channel_join",
        "ts": "1493388631.662392"
    },
    {
        "user": "U53T94L7N",
        "purpose": "Faites appel à la communauté pour les questions relatives à l'Activation",
        "text": "<@U53T94L7N> set the channel purpose: Faites appel à la communauté pour les questions relatives à l'Activation",
        "type": "message",
        "subtype": "channel_purpose",
        "ts": "1493388631.662567"
    },
    {
        "user": "U55EQDDEY",
        "inviter": "U53T94L7N",
        "text": "<@U55EQDDEY> has joined the channel",
        "type": "message",
        "subtype": "channel_join",
        "ts": "1493391520.746588"
    },
    {
        "user": "U55HW0JAH",
        "inviter": "U53T94L7N",
        "text": "<@U55HW0JAH> has joined the channel",
        "type": "message",
        "subtype": "channel_join",
        "ts": "1493391520.746610"
    },
    {
        "user": "U54PV0R4L",
        "inviter": "U53T94L7N",
        "text": "<@U54PV0R4L> has joined the channel",
        "type": "message",
        "subtype": "channel_join",
        "ts": "1493391520.746637"
    },
    {
        "user": "U55AH2BUG",
        "inviter": "U53T94L7N",
        "text": "<@U55AH2BUG> has joined the channel",
        "type": "message",
        "subtype": "channel_join",
        "ts": "1493391520.746647"
    },
    {
        "user": "U54Q49NUW",
        "inviter": "U53T94L7N",
        "text": "<@U54Q49NUW> has joined the channel",
        "type": "message",
        "subtype": "channel_join",
        "ts": "1493391520.746655"
    },
    {
        "user": "U54SF0U1Y",
        "inviter": "U53T94L7N",
        "text": "<@U54SF0U1Y> has joined the channel",
        "type": "message",
        "subtype": "channel_join",
        "ts": "1493391520.746673"
    },
    {
        "user": "U561DNE6N",
        "inviter": "U53T94L7N",
        "text": "<@U561DNE6N> has joined the channel",
        "type": "message",
        "subtype": "channel_join",
        "ts": "1493391520.746685"
    },
    {
        "user": "U55351CQ6",
        "inviter": "U53T94L7N",
        "text": "<@U55351CQ6> has joined the channel",
        "type": "message",
        "subtype": "channel_join",
        "ts": "1493391520.746705"
    },
    {
        "user": "U55AFF2CQ",
        "inviter": "U53T94L7N",
        "text": "<@U55AFF2CQ> has joined the channel",
        "type": "message",
        "subtype": "channel_join",
        "ts": "1493391520.746709"
    },
    {
        "user": "U5446JWF4",
        "inviter": "U53T94L7N",
        "text": "<@U5446JWF4> has joined the channel",
        "type": "message",
        "subtype": "channel_join",
        "ts": "1493391520.746726"
    },
    {
        "user": "U545XRTNU",
        "inviter": "U53T94L7N",
        "text": "<@U545XRTNU> has joined the channel",
        "type": "message",
        "subtype": "channel_join",
        "ts": "1493391520.746733"
    },
    {
        "user": "U544GB0JF",
        "inviter": "U53T94L7N",
        "text": "<@U544GB0JF> has joined the channel",
        "type": "message",
        "subtype": "channel_join",
        "ts": "1493391520.746749"
    },
    {
        "user": "U5640RPJS",
        "inviter": "U53T94L7N",
        "text": "<@U5640RPJS> has joined the channel",
        "type": "message",
        "subtype": "channel_join",
        "ts": "1493391520.746751"
    },
    {
        "user": "U569QS71D",
        "inviter": "U53T94L7N",
        "text": "<@U569QS71D> has joined the channel",
        "type": "message",
        "subtype": "channel_join",
        "ts": "1493391520.746769"
    },
    {
        "user": "U53T72M8B",
        "inviter": "U53T94L7N",
        "text": "<@U53T72M8B> has joined the channel",
        "type": "message",
        "subtype": "channel_join",
        "ts": "1493391520.746777"
    },
    {
        "user": "U54L1S080",
        "inviter": "U53T94L7N",
        "text": "<@U54L1S080> has joined the channel",
        "type": "message",
        "subtype": "channel_join",
        "ts": "1493391520.746789"
    },
    {
        "user": "U55U2SV43",
        "inviter": "U53T94L7N",
        "text": "<@U55U2SV43> has joined the channel",
        "type": "message",
        "subtype": "channel_join",
        "ts": "1493391520.746793"
    },
    {
        "user": "U569FPATG",
        "inviter": "U53T94L7N",
        "text": "<@U569FPATG> has joined the channel",
        "type": "message",
        "subtype": "channel_join",
        "ts": "1493391520.746802"
    },
    {
        "user": "U563ATYHK",
        "inviter": "U53T94L7N",
        "text": "<@U563ATYHK> has joined the channel",
        "type": "message",
        "subtype": "channel_join",
        "ts": "1493391520.746814"
    },
    {
        "user": "U55AEG97A",
        "inviter": "U53T94L7N",
        "text": "<@U55AEG97A> has joined the channel",
        "type": "message",
        "subtype": "channel_join",
        "ts": "1493391521.746830"
    },
    {
        "user": "U542EDP6Z",
        "inviter": "U53T94L7N",
        "text": "<@U542EDP6Z> has joined the channel",
        "type": "message",
        "subtype": "channel_join",
        "ts": "1493391521.746838"
    },
    {
        "user": "U563BR361",
        "inviter": "U53T94L7N",
        "text": "<@U563BR361> has joined the channel",
        "type": "message",
        "subtype": "channel_join",
        "ts": "1493391521.746851"
    },
    {
        "user": "U551CPVQV",
        "inviter": "U53T94L7N",
        "text": "<@U551CPVQV> has joined the channel",
        "type": "message",
        "subtype": "channel_join",
        "ts": "1493391521.746868"
    },
    {
        "user": "U54QME9RD",
        "inviter": "U53T94L7N",
        "text": "<@U54QME9RD> has joined the channel",
        "type": "message",
        "subtype": "channel_join",
        "ts": "1493391521.746878"
    },
    {
        "user": "U55SDPQTV",
        "inviter": "U53T94L7N",
        "text": "<@U55SDPQTV> has joined the channel",
        "type": "message",
        "subtype": "channel_join",
        "ts": "1493391521.746890"
    },
    {
        "user": "U54PP5Q23",
        "inviter": "U53T94L7N",
        "text": "<@U54PP5Q23> has joined the channel",
        "type": "message",
        "subtype": "channel_join",
        "ts": "1493391521.746910"
    },
    {
        "user": "U547GK5H8",
        "inviter": "U53T94L7N",
        "text": "<@U547GK5H8> has joined the channel",
        "type": "message",
        "subtype": "channel_join",
        "ts": "1493391521.746929"
    },
    {
        "user": "U54MZ2JTW",
        "inviter": "U53T94L7N",
        "text": "<@U54MZ2JTW> has joined the channel",
        "type": "message",
        "subtype": "channel_join",
        "ts": "1493391521.746937"
    },
    {
        "user": "U558L0SJ3",
        "inviter": "U53T94L7N",
        "text": "<@U558L0SJ3> has joined the channel",
        "type": "message",
        "subtype": "channel_join",
        "ts": "1493391521.746955"
    },
    {
        "user": "U55US4BC3",
        "inviter": "U53T94L7N",
        "text": "<@U55US4BC3> has joined the channel",
        "type": "message",
        "subtype": "channel_join",
        "ts": "1493391521.746972"
    },
    {
        "user": "U55U0RLPM",
        "inviter": "U53T94L7N",
        "text": "<@U55U0RLPM> has joined the channel",
        "type": "message",
        "subtype": "channel_join",
        "ts": "1493391521.746999"
    },
    {
        "user": "U563EC30V",
        "inviter": "U53T94L7N",
        "text": "<@U563EC30V> has joined the channel",
        "type": "message",
        "subtype": "channel_join",
        "ts": "1493391521.747019"
    },
    {
        "user": "U560L8R26",
        "inviter": "U53T94L7N",
        "text": "<@U560L8R26> has joined the channel",
        "type": "message",
        "subtype": "channel_join",
        "ts": "1493391521.747043"
    },
    {
        "user": "U55TEKM35",
        "inviter": "U53T94L7N",
        "text": "<@U55TEKM35> has joined the channel",
        "type": "message",
        "subtype": "channel_join",
        "ts": "1493391521.747063"
    },
    {
        "user": "U540744DN",
        "inviter": "U53T94L7N",
        "text": "<@U540744DN> has joined the channel",
        "type": "message",
        "subtype": "channel_join",
        "ts": "1493391521.747084"
    },
    {
        "user": "U54UJS6RG",
        "inviter": "U53T94L7N",
        "text": "<@U54UJS6RG> has joined the channel",
        "type": "message",
        "subtype": "channel_join",
        "ts": "1493391521.747102"
    },
    {
        "user": "U54PQ4K7H",
        "inviter": "U53T94L7N",
        "text": "<@U54PQ4K7H> has joined the channel",
        "type": "message",
        "subtype": "channel_join",
        "ts": "1493391521.747121"
    },
    {
        "user": "U54139CKW",
        "inviter": "U53T94L7N",
        "text": "<@U54139CKW> has joined the channel",
        "type": "message",
        "subtype": "channel_join",
        "ts": "1493391521.747143"
    },
    {
        "user": "U542ACH3P",
        "inviter": "U53T94L7N",
        "text": "<@U542ACH3P> has joined the channel",
        "type": "message",
        "subtype": "channel_join",
        "ts": "1493391521.747155"
    },
    {
        "user": "U54PWGHBQ",
        "inviter": "U53T94L7N",
        "text": "<@U54PWGHBQ> has joined the channel",
        "type": "message",
        "subtype": "channel_join",
        "ts": "1493391521.747182"
    },
    {
        "user": "U551PHTUN",
        "inviter": "U53T94L7N",
        "text": "<@U551PHTUN> has joined the channel",
        "type": "message",
        "subtype": "channel_join",
        "ts": "1493391522.747200"
    },
    {
        "user": "U5519FU87",
        "inviter": "U53T94L7N",
        "text": "<@U5519FU87> has joined the channel",
        "type": "message",
        "subtype": "channel_join",
        "ts": "1493391522.747220"
    },
    {
        "user": "U559H2Z25",
        "inviter": "U53T94L7N",
        "text": "<@U559H2Z25> has joined the channel",
        "type": "message",
        "subtype": "channel_join",
        "ts": "1493391522.747239"
    },
    {
        "user": "U563E034M",
        "inviter": "U53T94L7N",
        "text": "<@U563E034M> has joined the channel",
        "type": "message",
        "subtype": "channel_join",
        "ts": "1493391536.753117"
    },
    {
        "user": "U56PBK823",
        "inviter": "U53T94L7N",
        "text": "<@U56PBK823> has joined the channel",
        "type": "message",
        "subtype": "channel_join",
        "ts": "1493391536.753131"
    },
    {
        "user": "U53TV0T8B",
        "inviter": "U53T94L7N",
        "text": "<@U53TV0T8B> has joined the channel",
        "type": "message",
        "subtype": "channel_join",
        "ts": "1493391536.753150"
    },
    {
        "user": "U547ZAYRZ",
        "inviter": "U53T94L7N",
        "text": "<@U547ZAYRZ> has joined the channel",
        "type": "message",
        "subtype": "channel_join",
        "ts": "1493391536.753165"
    },
    {
        "user": "U54NLVC21",
        "inviter": "U53T94L7N",
        "text": "<@U54NLVC21> has joined the channel",
        "type": "message",
        "subtype": "channel_join",
        "ts": "1493391537.753183"
    },
    {
        "user": "U566P6QCE",
        "inviter": "U53T94L7N",
        "text": "<@U566P6QCE> has joined the channel",
        "type": "message",
        "subtype": "channel_join",
        "ts": "1493391537.753189"
    },
    {
        "user": "U564BLHSS",
        "inviter": "U53T94L7N",
        "text": "<@U564BLHSS> has joined the channel",
        "type": "message",
        "subtype": "channel_join",
        "ts": "1493391537.753206"
    },
    {
        "user": "U55GAREGM",
        "inviter": "U53T94L7N",
        "text": "<@U55GAREGM> has joined the channel",
        "type": "message",
        "subtype": "channel_join",
        "ts": "1493391537.753217"
    },
    {
        "user": "U548099E0",
        "inviter": "U53T94L7N",
        "text": "<@U548099E0> has joined the channel",
        "type": "message",
        "subtype": "channel_join",
        "ts": "1493391537.753220"
    },
    {
        "user": "U54AJHMD0",
        "inviter": "U53T94L7N",
        "text": "<@U54AJHMD0> has joined the channel",
        "type": "message",
        "subtype": "channel_join",
        "ts": "1493391537.753231"
    },
    {
        "user": "U54NUR82G",
        "inviter": "U53T94L7N",
        "text": "<@U54NUR82G> has joined the channel",
        "type": "message",
        "subtype": "channel_join",
        "ts": "1493391537.753232"
    },
    {
        "user": "U54LKHJJX",
        "inviter": "U53T94L7N",
        "text": "<@U54LKHJJX> has joined the channel",
        "type": "message",
        "subtype": "channel_join",
        "ts": "1493391537.753245"
    },
    {
        "user": "U55LU06DD",
        "inviter": "U53T94L7N",
        "text": "<@U55LU06DD> has joined the channel",
        "type": "message",
        "subtype": "channel_join",
        "ts": "1493391537.753249"
    },
    {
        "user": "U557KTECT",
        "inviter": "U53T94L7N",
        "text": "<@U557KTECT> has joined the channel",
        "type": "message",
        "subtype": "channel_join",
        "ts": "1493391537.753264"
    },
    {
        "user": "U542QHVJP",
        "inviter": "U53T94L7N",
        "text": "<@U542QHVJP> has joined the channel",
        "type": "message",
        "subtype": "channel_join",
        "ts": "1493391537.753277"
    },
    {
        "user": "U53GB7A2U",
        "inviter": "U53T94L7N",
        "text": "<@U53GB7A2U> has joined the channel",
        "type": "message",
        "subtype": "channel_join",
        "ts": "1493391537.753284"
    },
    {
        "user": "U55PMPS76",
        "inviter": "U53T94L7N",
        "text": "<@U55PMPS76> has joined the channel",
        "type": "message",
        "subtype": "channel_join",
        "ts": "1493391537.753306"
    },
    {
        "user": "U54TR7E3C",
        "inviter": "U53T94L7N",
        "text": "<@U54TR7E3C> has joined the channel",
        "type": "message",
        "subtype": "channel_join",
        "ts": "1493391537.753308"
    },
    {
        "user": "U551NK9AM",
        "inviter": "U53T94L7N",
        "text": "<@U551NK9AM> has joined the channel",
        "type": "message",
        "subtype": "channel_join",
        "ts": "1493391537.753320"
    },
    {
        "user": "U5609DDD1",
        "inviter": "U53T94L7N",
        "text": "<@U5609DDD1> has joined the channel",
        "type": "message",
        "subtype": "channel_join",
        "ts": "1493391537.753328"
    },
    {
        "user": "U540KQQ6P",
        "inviter": "U53T94L7N",
        "text": "<@U540KQQ6P> has joined the channel",
        "type": "message",
        "subtype": "channel_join",
        "ts": "1493391537.753345"
    },
    {
        "user": "U54QEA0A0",
        "inviter": "U53T94L7N",
        "text": "<@U54QEA0A0> has joined the channel",
        "type": "message",
        "subtype": "channel_join",
        "ts": "1493391537.753374"
    },
    {
        "user": "U559S2A10",
        "inviter": "U53T94L7N",
        "text": "<@U559S2A10> has joined the channel",
        "type": "message",
        "subtype": "channel_join",
        "ts": "1493391537.753389"
    },
    {
        "user": "U54R7J6NL",
        "inviter": "U53T94L7N",
        "text": "<@U54R7J6NL> has joined the channel",
        "type": "message",
        "subtype": "channel_join",
        "ts": "1493391537.753409"
    },
    {
        "user": "U54HY9NBD",
        "inviter": "U53T94L7N",
        "text": "<@U54HY9NBD> has joined the channel",
        "type": "message",
        "subtype": "channel_join",
        "ts": "1493391537.753420"
    },
    {
        "user": "U561R7UG5",
        "inviter": "U53T94L7N",
        "text": "<@U561R7UG5> has joined the channel",
        "type": "message",
        "subtype": "channel_join",
        "ts": "1493391537.753437"
    },
    {
        "user": "U54N2M8P6",
        "inviter": "U53T94L7N",
        "text": "<@U54N2M8P6> has joined the channel",
        "type": "message",
        "subtype": "channel_join",
        "ts": "1493391537.753450"
    },
    {
        "user": "U55BNSMS4",
        "inviter": "U53T94L7N",
        "text": "<@U55BNSMS4> has joined the channel",
        "type": "message",
        "subtype": "channel_join",
        "ts": "1493391537.753467"
    },
    {
        "user": "U55A9D2KW",
        "inviter": "U53T94L7N",
        "text": "<@U55A9D2KW> has joined the channel",
        "type": "message",
        "subtype": "channel_join",
        "ts": "1493391537.753481"
    },
    {
        "user": "U54S19KT4",
        "inviter": "U53T94L7N",
        "text": "<@U54S19KT4> has joined the channel",
        "type": "message",
        "subtype": "channel_join",
        "ts": "1493391537.753500"
    },
    {
        "user": "U54PABTGW",
        "inviter": "U53T94L7N",
        "text": "<@U54PABTGW> has joined the channel",
        "type": "message",
        "subtype": "channel_join",
        "ts": "1493391537.753516"
    },
    {
        "user": "U54QL7C5D",
        "inviter": "U53T94L7N",
        "text": "<@U54QL7C5D> has joined the channel",
        "type": "message",
        "subtype": "channel_join",
        "ts": "1493391538.753539"
    },
    {
        "user": "U55P19Q91",
        "inviter": "U53T94L7N",
        "text": "<@U55P19Q91> has joined the channel",
        "type": "message",
        "subtype": "channel_join",
        "ts": "1493391538.753556"
    },
    {
        "user": "U56C5AMHD",
        "inviter": "U53T94L7N",
        "text": "<@U56C5AMHD> has joined the channel",
        "type": "message",
        "subtype": "channel_join",
        "ts": "1493391538.753577"
    },
    {
        "user": "U54LNEBG8",
        "inviter": "U53T94L7N",
        "text": "<@U54LNEBG8> has joined the channel",
        "type": "message",
        "subtype": "channel_join",
        "ts": "1493391538.753601"
    },
    {
        "user": "U55MMNVNK",
        "inviter": "U53T94L7N",
        "text": "<@U55MMNVNK> has joined the channel",
        "type": "message",
        "subtype": "channel_join",
        "ts": "1493391538.753613"
    },
    {
        "user": "U53AA4LKA",
        "inviter": "U53T94L7N",
        "text": "<@U53AA4LKA> has joined the channel",
        "type": "message",
        "subtype": "channel_join",
        "ts": "1493391538.753639"
    },
    {
        "user": "U550C1U7K",
        "inviter": "U53T94L7N",
        "text": "<@U550C1U7K> has joined the channel",
        "type": "message",
        "subtype": "channel_join",
        "ts": "1493391538.753668"
    },
    {
        "user": "U55H1PT7E",
        "inviter": "U53T94L7N",
        "text": "<@U55H1PT7E> has joined the channel",
        "type": "message",
        "subtype": "channel_join",
        "ts": "1493391538.753693"
    },
    {
        "user": "U54S8476U",
        "inviter": "U53T94L7N",
        "text": "<@U54S8476U> has joined the channel",
        "type": "message",
        "subtype": "channel_join",
        "ts": "1493391538.753710"
    },
    {
        "user": "U56C26422",
        "inviter": "U53T94L7N",
        "text": "<@U56C26422> has joined the channel",
        "type": "message",
        "subtype": "channel_join",
        "ts": "1493391538.753728"
    },
    {
        "user": "U543X4DPF",
        "inviter": "U53T94L7N",
        "text": "<@U543X4DPF> has joined the channel",
        "type": "message",
        "subtype": "channel_join",
        "ts": "1493391538.753754"
    },
    {
        "user": "U55CB1RE1",
        "inviter": "U53T94L7N",
        "text": "<@U55CB1RE1> has joined the channel",
        "type": "message",
        "subtype": "channel_join",
        "ts": "1493391538.753770"
    },
    {
        "user": "U55LVT1V5",
        "inviter": "U53T94L7N",
        "text": "<@U55LVT1V5> has joined the channel",
        "type": "message",
        "subtype": "channel_join",
        "ts": "1493391554.760338"
    },
    {
        "user": "U54JVH3RQ",
        "inviter": "U53T94L7N",
        "text": "<@U54JVH3RQ> has joined the channel",
        "type": "message",
        "subtype": "channel_join",
        "ts": "1493391554.760354"
    },
    {
        "user": "U55B96MBM",
        "inviter": "U53T94L7N",
        "text": "<@U55B96MBM> has joined the channel",
        "type": "message",
        "subtype": "channel_join",
        "ts": "1493391554.760367"
    },
    {
        "user": "U55UELFBL",
        "inviter": "U53T94L7N",
        "text": "<@U55UELFBL> has joined the channel",
        "type": "message",
        "subtype": "channel_join",
        "ts": "1493391554.760372"
    },
    {
        "user": "U55E9U0DA",
        "inviter": "U53T94L7N",
        "text": "<@U55E9U0DA> has joined the channel",
        "type": "message",
        "subtype": "channel_join",
        "ts": "1493391554.760385"
    },
    {
        "user": "U56RURLR5",
        "inviter": "U53T94L7N",
        "text": "<@U56RURLR5> has joined the channel",
        "type": "message",
        "subtype": "channel_join",
        "ts": "1493391554.760397"
    },
    {
        "user": "U560MDWE6",
        "inviter": "U53T94L7N",
        "text": "<@U560MDWE6> has joined the channel",
        "type": "message",
        "subtype": "channel_join",
        "ts": "1493391554.760419"
    },
    {
        "user": "U55TF0Z3M",
        "inviter": "U53T94L7N",
        "text": "<@U55TF0Z3M> has joined the channel",
        "type": "message",
        "subtype": "channel_join",
        "ts": "1493391554.760440"
    },
    {
        "user": "U542B2U9K",
        "inviter": "U53T94L7N",
        "text": "<@U542B2U9K> has joined the channel",
        "type": "message",
        "subtype": "channel_join",
        "ts": "1493391554.760457"
    },
    {
        "user": "U53E0AZ5F",
        "inviter": "U53T94L7N",
        "text": "<@U53E0AZ5F> has joined the channel",
        "type": "message",
        "subtype": "channel_join",
        "ts": "1493391554.760468"
    },
    {
        "user": "U55AHEV7C",
        "inviter": "U53T94L7N",
        "text": "<@U55AHEV7C> has joined the channel",
        "type": "message",
        "subtype": "channel_join",
        "ts": "1493391555.760538"
    },
    {
        "user": "U559GUR2N",
        "inviter": "U53T94L7N",
        "text": "<@U559GUR2N> has joined the channel",
        "type": "message",
        "subtype": "channel_join",
        "ts": "1493391555.760693"
    },
    {
        "user": "U54SA8LRJ",
        "inviter": "U53T94L7N",
        "text": "<@U54SA8LRJ> has joined the channel",
        "type": "message",
        "subtype": "channel_join",
        "ts": "1493391555.760789"
    },
    {
        "user": "U553HGXSS",
        "inviter": "U53T94L7N",
        "text": "<@U553HGXSS> has joined the channel",
        "type": "message",
        "subtype": "channel_join",
        "ts": "1493391556.760846"
    },
    {
        "user": "U543911MG",
        "inviter": "U53T94L7N",
        "text": "<@U543911MG> has joined the channel",
        "type": "message",
        "subtype": "channel_join",
        "ts": "1493391556.760907"
    },
    {
        "user": "U54PMGU4C",
        "inviter": "U53T94L7N",
        "text": "<@U54PMGU4C> has joined the channel",
        "type": "message",
        "subtype": "channel_join",
        "ts": "1493391556.760980"
    },
    {
        "user": "U552VFQNA",
        "inviter": "U53T94L7N",
        "text": "<@U552VFQNA> has joined the channel",
        "type": "message",
        "subtype": "channel_join",
        "ts": "1493391556.761058"
    },
    {
        "user": "U54UF7812",
        "inviter": "U53T94L7N",
        "text": "<@U54UF7812> has joined the channel",
        "type": "message",
        "subtype": "channel_join",
        "ts": "1493391556.761146"
    },
    {
        "user": "U54QMSEMP",
        "inviter": "U53T94L7N",
        "text": "<@U54QMSEMP> has joined the channel",
        "type": "message",
        "subtype": "channel_join",
        "ts": "1493391556.761249"
    },
    {
        "user": "U55FFESJZ",
        "inviter": "U53T94L7N",
        "text": "<@U55FFESJZ> has joined the channel",
        "type": "message",
        "subtype": "channel_join",
        "ts": "1493391557.761347"
    },
    {
        "user": "U541NNS68",
        "inviter": "U53T94L7N",
        "text": "<@U541NNS68> has joined the channel",
        "type": "message",
        "subtype": "channel_join",
        "ts": "1493391557.761423"
    },
    {
        "user": "U54MCEC2Y",
        "inviter": "U53T94L7N",
        "text": "<@U54MCEC2Y> has joined the channel",
        "type": "message",
        "subtype": "channel_join",
        "ts": "1493391557.761539"
    },
    {
        "user": "U55D07M1B",
        "inviter": "U53T94L7N",
        "text": "<@U55D07M1B> has joined the channel",
        "type": "message",
        "subtype": "channel_join",
        "ts": "1493391558.761656"
    },
    {
        "user": "U54M3JTU2",
        "inviter": "U53T94L7N",
        "text": "<@U54M3JTU2> has joined the channel",
        "type": "message",
        "subtype": "channel_join",
        "ts": "1493391558.761768"
    },
    {
        "user": "U54328X5K",
        "inviter": "U53T94L7N",
        "text": "<@U54328X5K> has joined the channel",
        "type": "message",
        "subtype": "channel_join",
        "ts": "1493391558.761848"
    },
    {
        "user": "U551A6DF1",
        "inviter": "U53T94L7N",
        "text": "<@U551A6DF1> has joined the channel",
        "type": "message",
        "subtype": "channel_join",
        "ts": "1493391558.761937"
    },
    {
        "user": "U541G79RA",
        "inviter": "U53T94L7N",
        "text": "<@U541G79RA> has joined the channel",
        "type": "message",
        "subtype": "channel_join",
        "ts": "1493391558.762003"
    },
    {
        "user": "U55GYNXKN",
        "inviter": "U53T94L7N",
        "text": "<@U55GYNXKN> has joined the channel",
        "type": "message",
        "subtype": "channel_join",
        "ts": "1493391559.762077"
    },
    {
        "user": "U55CCHCBT",
        "inviter": "U53T94L7N",
        "text": "<@U55CCHCBT> has joined the channel",
        "type": "message",
        "subtype": "channel_join",
        "ts": "1493391559.762139"
    },
    {
        "user": "U54MK6ZBL",
        "inviter": "U53T94L7N",
        "text": "<@U54MK6ZBL> has joined the channel",
        "type": "message",
        "subtype": "channel_join",
        "ts": "1493391559.762233"
    },
    {
        "user": "U564G1WH4",
        "inviter": "U53T94L7N",
        "text": "<@U564G1WH4> has joined the channel",
        "type": "message",
        "subtype": "channel_join",
        "ts": "1493391559.762311"
    },
    {
        "user": "U549N6H96",
        "inviter": "U53T94L7N",
        "text": "<@U549N6H96> has joined the channel",
        "type": "message",
        "subtype": "channel_join",
        "ts": "1493391560.762383"
    },
    {
        "user": "U55FFTX6J",
        "inviter": "U53T94L7N",
        "text": "<@U55FFTX6J> has joined the channel",
        "type": "message",
        "subtype": "channel_join",
        "ts": "1493391560.762474"
    },
    {
        "user": "U54993K61",
        "inviter": "U53T94L7N",
        "text": "<@U54993K61> has joined the channel",
        "type": "message",
        "subtype": "channel_join",
        "ts": "1493391560.762568"
    },
    {
        "user": "U542L3R61",
        "inviter": "U53T94L7N",
        "text": "<@U542L3R61> has joined the channel",
        "type": "message",
        "subtype": "channel_join",
        "ts": "1493391560.762627"
    },
    {
        "user": "U56B7LV5M",
        "inviter": "U53T94L7N",
        "text": "<@U56B7LV5M> has joined the channel",
        "type": "message",
        "subtype": "channel_join",
        "ts": "1493391560.762705"
    },
    {
        "user": "U55AMCHUK",
        "inviter": "U53T94L7N",
        "text": "<@U55AMCHUK> has joined the channel",
        "type": "message",
        "subtype": "channel_join",
        "ts": "1493391560.762798"
    },
    {
        "user": "U558NFY8G",
        "inviter": "U53T94L7N",
        "text": "<@U558NFY8G> has joined the channel",
        "type": "message",
        "subtype": "channel_join",
        "ts": "1493391561.762895"
    },
    {
        "user": "U567PV76K",
        "inviter": "U53T94L7N",
        "text": "<@U567PV76K> has joined the channel",
        "type": "message",
        "subtype": "channel_join",
        "ts": "1493391561.762984"
    },
    {
        "user": "U5627DMA6",
        "inviter": "U53T94L7N",
        "text": "<@U5627DMA6> has joined the channel",
        "type": "message",
        "subtype": "channel_join",
        "ts": "1493391561.763066"
    },
    {
        "user": "U54LFMAHZ",
        "inviter": "U53T94L7N",
        "text": "<@U54LFMAHZ> has joined the channel",
        "type": "message",
        "subtype": "channel_join",
        "ts": "1493391579.769590"
    },
    {
        "user": "U54096E7J",
        "inviter": "U53T94L7N",
        "text": "<@U54096E7J> has joined the channel",
        "type": "message",
        "subtype": "channel_join",
        "ts": "1493391579.769598"
    },
    {
        "user": "U55DBLQUV",
        "inviter": "U53T94L7N",
        "text": "<@U55DBLQUV> has joined the channel",
        "type": "message",
        "subtype": "channel_join",
        "ts": "1493391579.769614"
    },
    {
        "user": "U5657NYF7",
        "inviter": "U53T94L7N",
        "text": "<@U5657NYF7> has joined the channel",
        "type": "message",
        "subtype": "channel_join",
        "ts": "1493391579.769617"
    },
    {
        "user": "U5635E9JN",
        "inviter": "U53T94L7N",
        "text": "<@U5635E9JN> has joined the channel",
        "type": "message",
        "subtype": "channel_join",
        "ts": "1493391579.769633"
    },
    {
        "user": "U55GS6HFE",
        "inviter": "U53T94L7N",
        "text": "<@U55GS6HFE> has joined the channel",
        "type": "message",
        "subtype": "channel_join",
        "ts": "1493391579.769636"
    },
    {
        "user": "U5586T46P",
        "inviter": "U53T94L7N",
        "text": "<@U5586T46P> has joined the channel",
        "type": "message",
        "subtype": "channel_join",
        "ts": "1493391579.769653"
    },
    {
        "user": "U55GU8STW",
        "inviter": "U53T94L7N",
        "text": "<@U55GU8STW> has joined the channel",
        "type": "message",
        "subtype": "channel_join",
        "ts": "1493391579.769662"
    },
    {
        "user": "U5444LXA5",
        "inviter": "U53T94L7N",
        "text": "<@U5444LXA5> has joined the channel",
        "type": "message",
        "subtype": "channel_join",
        "ts": "1493391579.769674"
    },
    {
        "user": "U56QMB762",
        "inviter": "U53T94L7N",
        "text": "<@U56QMB762> has joined the channel",
        "type": "message",
        "subtype": "channel_join",
        "ts": "1493391579.769691"
    },
    {
        "user": "U559C688J",
        "inviter": "U53T94L7N",
        "text": "<@U559C688J> has joined the channel",
        "type": "message",
        "subtype": "channel_join",
        "ts": "1493391579.769700"
    },
    {
        "user": "U5498P7JR",
        "inviter": "U53T94L7N",
        "text": "<@U5498P7JR> has joined the channel",
        "type": "message",
        "subtype": "channel_join",
        "ts": "1493391579.769714"
    },
    {
        "user": "U55DG59RP",
        "inviter": "U53T94L7N",
        "text": "<@U55DG59RP> has joined the channel",
        "type": "message",
        "subtype": "channel_join",
        "ts": "1493391579.769715"
    },
    {
        "user": "U55L5LQEA",
        "inviter": "U53T94L7N",
        "text": "<@U55L5LQEA> has joined the channel",
        "type": "message",
        "subtype": "channel_join",
        "ts": "1493391579.769731"
    },
    {
        "user": "U53B0C18Q",
        "inviter": "U53T94L7N",
        "text": "<@U53B0C18Q> has joined the channel",
        "type": "message",
        "subtype": "channel_join",
        "ts": "1493391579.769737"
    },
    {
        "user": "U54TYKGE9",
        "inviter": "U53T94L7N",
        "text": "<@U54TYKGE9> has joined the channel",
        "type": "message",
        "subtype": "channel_join",
        "ts": "1493391579.769758"
    },
    {
        "user": "U53ULT0KD",
        "inviter": "U53T94L7N",
        "text": "<@U53ULT0KD> has joined the channel",
        "type": "message",
        "subtype": "channel_join",
        "ts": "1493391579.769771"
    },
    {
        "user": "U565801RT",
        "inviter": "U53T94L7N",
        "text": "<@U565801RT> has joined the channel",
        "type": "message",
        "subtype": "channel_join",
        "ts": "1493391579.769778"
    },
    {
        "user": "U5444AJBW",
        "inviter": "U53T94L7N",
        "text": "<@U5444AJBW> has joined the channel",
        "type": "message",
        "subtype": "channel_join",
        "ts": "1493391579.769799"
    },
    {
        "user": "U55V46F50",
        "inviter": "U53T94L7N",
        "text": "<@U55V46F50> has joined the channel",
        "type": "message",
        "subtype": "channel_join",
        "ts": "1493391579.769800"
    },
    {
        "user": "U547RDTL4",
        "inviter": "U53T94L7N",
        "text": "<@U547RDTL4> has joined the channel",
        "type": "message",
        "subtype": "channel_join",
        "ts": "1493391579.769820"
    },
    {
        "user": "U54QWBFPS",
        "inviter": "U53T94L7N",
        "text": "<@U54QWBFPS> has joined the channel",
        "type": "message",
        "subtype": "channel_join",
        "ts": "1493391579.769830"
    },
    {
        "user": "U549L9WR3",
        "inviter": "U53T94L7N",
        "text": "<@U549L9WR3> has joined the channel",
        "type": "message",
        "subtype": "channel_join",
        "ts": "1493391579.769845"
    },
    {
        "user": "U53EXKMFB",
        "inviter": "U53T94L7N",
        "text": "<@U53EXKMFB> has joined the channel",
        "type": "message",
        "subtype": "channel_join",
        "ts": "1493391579.769865"
    },
    {
        "user": "U549GAUKE",
        "inviter": "U53T94L7N",
        "text": "<@U549GAUKE> has joined the channel",
        "type": "message",
        "subtype": "channel_join",
        "ts": "1493391579.769872"
    },
    {
        "user": "U55214937",
        "inviter": "U53T94L7N",
        "text": "<@U55214937> has joined the channel",
        "type": "message",
        "subtype": "channel_join",
        "ts": "1493391579.769893"
    },
    {
        "user": "U55JBGQJ2",
        "inviter": "U53T94L7N",
        "text": "<@U55JBGQJ2> has joined the channel",
        "type": "message",
        "subtype": "channel_join",
        "ts": "1493391579.769903"
    },
    {
        "user": "U54R8GZFU",
        "inviter": "U53T94L7N",
        "text": "<@U54R8GZFU> has joined the channel",
        "type": "message",
        "subtype": "channel_join",
        "ts": "1493391579.769927"
    },
    {
        "user": "U541Y9W59",
        "inviter": "U53T94L7N",
        "text": "<@U541Y9W59> has joined the channel",
        "type": "message",
        "subtype": "channel_join",
        "ts": "1493391579.769952"
    },
    {
        "user": "U55DNQ9V5",
        "inviter": "U53T94L7N",
        "text": "<@U55DNQ9V5> has joined the channel",
        "type": "message",
        "subtype": "channel_join",
        "ts": "1493391580.769972"
    },
    {
        "user": "U558R6GCA",
        "inviter": "U53T94L7N",
        "text": "<@U558R6GCA> has joined the channel",
        "type": "message",
        "subtype": "channel_join",
        "ts": "1493391580.770000"
    },
    {
        "user": "U53UZS8MN",
        "inviter": "U53T94L7N",
        "text": "<@U53UZS8MN> has joined the channel",
        "type": "message",
        "subtype": "channel_join",
        "ts": "1493391580.770024"
    },
    {
        "user": "U548JH6AY",
        "inviter": "U53T94L7N",
        "text": "<@U548JH6AY> has joined the channel",
        "type": "message",
        "subtype": "channel_join",
        "ts": "1493391580.770045"
    },
    {
        "user": "U55ER8GLV",
        "inviter": "U53T94L7N",
        "text": "<@U55ER8GLV> has joined the channel",
        "type": "message",
        "subtype": "channel_join",
        "ts": "1493391580.770063"
    },
    {
        "user": "U55PSP8J3",
        "inviter": "U53T94L7N",
        "text": "<@U55PSP8J3> has joined the channel",
        "type": "message",
        "subtype": "channel_join",
        "ts": "1493391580.770081"
    },
    {
        "user": "U564U19AQ",
        "inviter": "U53T94L7N",
        "text": "<@U564U19AQ> has joined the channel",
        "type": "message",
        "subtype": "channel_join",
        "ts": "1493391580.770098"
    },
    {
        "user": "U55AKRDUK",
        "inviter": "U53T94L7N",
        "text": "<@U55AKRDUK> has joined the channel",
        "type": "message",
        "subtype": "channel_join",
        "ts": "1493391580.770118"
    },
    {
        "user": "U53DU3FLG",
        "inviter": "U53T94L7N",
        "text": "<@U53DU3FLG> has joined the channel",
        "type": "message",
        "subtype": "channel_join",
        "ts": "1493391580.770139"
    },
    {
        "user": "U53D1ESUR",
        "inviter": "U53T94L7N",
        "text": "<@U53D1ESUR> has joined the channel",
        "type": "message",
        "subtype": "channel_join",
        "ts": "1493391580.770159"
    },
    {
        "user": "U53KBMYEM",
        "inviter": "U53T94L7N",
        "text": "<@U53KBMYEM> has joined the channel",
        "type": "message",
        "subtype": "channel_join",
        "ts": "1493391580.770182"
    },
    {
        "user": "U5569EUTW",
        "inviter": "U53T94L7N",
        "text": "<@U5569EUTW> has joined the channel",
        "type": "message",
        "subtype": "channel_join",
        "ts": "1493391580.770202"
    },
    {
        "user": "U53GN5H08",
        "inviter": "U53T94L7N",
        "text": "<@U53GN5H08> has joined the channel",
        "type": "message",
        "subtype": "channel_join",
        "ts": "1493391580.770217"
    },
    {
        "user": "U53BSQF2L",
        "inviter": "U53T94L7N",
        "text": "<@U53BSQF2L> has joined the channel",
        "type": "message",
        "subtype": "channel_join",
        "ts": "1493391598.777257"
    },
    {
        "user": "U54N0F0AG",
        "inviter": "U53T94L7N",
        "text": "<@U54N0F0AG> has joined the channel",
        "type": "message",
        "subtype": "channel_join",
        "ts": "1493391598.777274"
    },
    {
        "user": "U54SY5CL8",
        "inviter": "U53T94L7N",
        "text": "<@U54SY5CL8> has joined the channel",
        "type": "message",
        "subtype": "channel_join",
        "ts": "1493391598.777295"
    },
    {
        "user": "U54NC8KD0",
        "inviter": "U53T94L7N",
        "text": "<@U54NC8KD0> has joined the channel",
        "type": "message",
        "subtype": "channel_join",
        "ts": "1493391598.777308"
    },
    {
        "user": "U5433TGN4",
        "inviter": "U53T94L7N",
        "text": "<@U5433TGN4> has joined the channel",
        "type": "message",
        "subtype": "channel_join",
        "ts": "1493391598.777321"
    },
    {
        "user": "U563N47ML",
        "inviter": "U53T94L7N",
        "text": "<@U563N47ML> has joined the channel",
        "type": "message",
        "subtype": "channel_join",
        "ts": "1493391598.777326"
    },
    {
        "user": "U5473TNU8",
        "inviter": "U53T94L7N",
        "text": "<@U5473TNU8> has joined the channel",
        "type": "message",
        "subtype": "channel_join",
        "ts": "1493391598.777337"
    },
    {
        "user": "U55CDQ1JN",
        "inviter": "U53T94L7N",
        "text": "<@U55CDQ1JN> has joined the channel",
        "type": "message",
        "subtype": "channel_join",
        "ts": "1493391598.777338"
    },
    {
        "user": "U54Q89ZJQ",
        "inviter": "U53T94L7N",
        "text": "<@U54Q89ZJQ> has joined the channel",
        "type": "message",
        "subtype": "channel_join",
        "ts": "1493391598.777367"
    },
    {
        "user": "U55TWA0CT",
        "inviter": "U53T94L7N",
        "text": "<@U55TWA0CT> has joined the channel",
        "type": "message",
        "subtype": "channel_join",
        "ts": "1493391598.777372"
    },
    {
        "user": "U54QYMYQM",
        "inviter": "U53T94L7N",
        "text": "<@U54QYMYQM> has joined the channel",
        "type": "message",
        "subtype": "channel_join",
        "ts": "1493391598.777392"
    },
    {
        "user": "U55KLR46T",
        "inviter": "U53T94L7N",
        "text": "<@U55KLR46T> has joined the channel",
        "type": "message",
        "subtype": "channel_join",
        "ts": "1493391598.777403"
    },
    {
        "user": "U55SK7CRM",
        "inviter": "U53T94L7N",
        "text": "<@U55SK7CRM> has joined the channel",
        "type": "message",
        "subtype": "channel_join",
        "ts": "1493391598.777414"
    },
    {
        "user": "U544P0TK4",
        "inviter": "U53T94L7N",
        "text": "<@U544P0TK4> has joined the channel",
        "type": "message",
        "subtype": "channel_join",
        "ts": "1493391598.777422"
    },
    {
        "user": "U55H1EBGV",
        "inviter": "U53T94L7N",
        "text": "<@U55H1EBGV> has joined the channel",
        "type": "message",
        "subtype": "channel_join",
        "ts": "1493391598.777431"
    },
    {
        "user": "U55ASATDZ",
        "inviter": "U53T94L7N",
        "text": "<@U55ASATDZ> has joined the channel",
        "type": "message",
        "subtype": "channel_join",
        "ts": "1493391598.777446"
    },
    {
        "user": "U55FKA6R4",
        "inviter": "U53T94L7N",
        "text": "<@U55FKA6R4> has joined the channel",
        "type": "message",
        "subtype": "channel_join",
        "ts": "1493391598.777455"
    },
    {
        "user": "U55U3S4DR",
        "inviter": "U53T94L7N",
        "text": "<@U55U3S4DR> has joined the channel",
        "type": "message",
        "subtype": "channel_join",
        "ts": "1493391598.777471"
    },
    {
        "user": "U54AWANGM",
        "inviter": "U53T94L7N",
        "text": "<@U54AWANGM> has joined the channel",
        "type": "message",
        "subtype": "channel_join",
        "ts": "1493391598.777478"
    },
    {
        "user": "U546L44SJ",
        "inviter": "U53T94L7N",
        "text": "<@U546L44SJ> has joined the channel",
        "type": "message",
        "subtype": "channel_join",
        "ts": "1493391599.777496"
    },
    {
        "user": "U54NWNH3M",
        "inviter": "U53T94L7N",
        "text": "<@U54NWNH3M> has joined the channel",
        "type": "message",
        "subtype": "channel_join",
        "ts": "1493391599.777497"
    },
    {
        "user": "U53CMNPR7",
        "inviter": "U53T94L7N",
        "text": "<@U53CMNPR7> has joined the channel",
        "type": "message",
        "subtype": "channel_join",
        "ts": "1493391599.777515"
    },
    {
        "user": "U560CMYGL",
        "inviter": "U53T94L7N",
        "text": "<@U560CMYGL> has joined the channel",
        "type": "message",
        "subtype": "channel_join",
        "ts": "1493391599.777521"
    },
    {
        "user": "U542GFW85",
        "inviter": "U53T94L7N",
        "text": "<@U542GFW85> has joined the channel",
        "type": "message",
        "subtype": "channel_join",
        "ts": "1493391599.777538"
    },
    {
        "user": "U53T3FKPD",
        "inviter": "U53T94L7N",
        "text": "<@U53T3FKPD> has joined the channel",
        "type": "message",
        "subtype": "channel_join",
        "ts": "1493391599.777543"
    },
    {
        "user": "U54NBJE3W",
        "inviter": "U53T94L7N",
        "text": "<@U54NBJE3W> has joined the channel",
        "type": "message",
        "subtype": "channel_join",
        "ts": "1493391599.777554"
    },
    {
        "user": "U55G2HXA7",
        "inviter": "U53T94L7N",
        "text": "<@U55G2HXA7> has joined the channel",
        "type": "message",
        "subtype": "channel_join",
        "ts": "1493391599.777567"
    },
    {
        "user": "U55V0J5QT",
        "inviter": "U53T94L7N",
        "text": "<@U55V0J5QT> has joined the channel",
        "type": "message",
        "subtype": "channel_join",
        "ts": "1493391599.777582"
    },
    {
        "user": "U540H2PEF",
        "inviter": "U53T94L7N",
        "text": "<@U540H2PEF> has joined the channel",
        "type": "message",
        "subtype": "channel_join",
        "ts": "1493391599.777600"
    },
    {
        "user": "U54L8D248",
        "inviter": "U53T94L7N",
        "text": "<@U54L8D248> has joined the channel",
        "type": "message",
        "subtype": "channel_join",
        "ts": "1493391599.777616"
    },
    {
        "user": "U54MC2TFC",
        "inviter": "U53T94L7N",
        "text": "<@U54MC2TFC> has joined the channel",
        "type": "message",
        "subtype": "channel_join",
        "ts": "1493391599.777636"
    },
    {
        "user": "U5430F55W",
        "inviter": "U53T94L7N",
        "text": "<@U5430F55W> has joined the channel",
        "type": "message",
        "subtype": "channel_join",
        "ts": "1493391599.777651"
    },
    {
        "user": "U55EPRHSM",
        "inviter": "U53T94L7N",
        "text": "<@U55EPRHSM> has joined the channel",
        "type": "message",
        "subtype": "channel_join",
        "ts": "1493391599.777669"
    },
    {
        "user": "U53EX5N2C",
        "inviter": "U53T94L7N",
        "text": "<@U53EX5N2C> has joined the channel",
        "type": "message",
        "subtype": "channel_join",
        "ts": "1493391599.777694"
    },
    {
        "user": "U540WVA2W",
        "inviter": "U53T94L7N",
        "text": "<@U540WVA2W> has joined the channel",
        "type": "message",
        "subtype": "channel_join",
        "ts": "1493391599.777714"
    },
    {
        "user": "U55S98P5Z",
        "inviter": "U53T94L7N",
        "text": "<@U55S98P5Z> has joined the channel",
        "type": "message",
        "subtype": "channel_join",
        "ts": "1493391599.777743"
    },
    {
        "user": "U56EA2T7Y",
        "inviter": "U53T94L7N",
        "text": "<@U56EA2T7Y> has joined the channel",
        "type": "message",
        "subtype": "channel_join",
        "ts": "1493391599.777763"
    },
    {
        "user": "U55H25LKE",
        "inviter": "U53T94L7N",
        "text": "<@U55H25LKE> has joined the channel",
        "type": "message",
        "subtype": "channel_join",
        "ts": "1493391599.777777"
    },
    {
        "user": "U54QV1140",
        "inviter": "U53T94L7N",
        "text": "<@U54QV1140> has joined the channel",
        "type": "message",
        "subtype": "channel_join",
        "ts": "1493391599.777797"
    },
    {
        "user": "U561JBSBW",
        "inviter": "U53T94L7N",
        "text": "<@U561JBSBW> has joined the channel",
        "type": "message",
        "subtype": "channel_join",
        "ts": "1493391599.777820"
    },
    {
        "user": "U547UAVH8",
        "inviter": "U53T94L7N",
        "text": "<@U547UAVH8> has joined the channel",
        "type": "message",
        "subtype": "channel_join",
        "ts": "1493391599.777834"
    },
    {
        "user": "U54KQ1L48",
        "inviter": "U53T94L7N",
        "text": "<@U54KQ1L48> has joined the channel",
        "type": "message",
        "subtype": "channel_join",
        "ts": "1493391599.777848"
    },
    {
        "user": "U54N19JH1",
        "inviter": "U53T94L7N",
        "text": "<@U54N19JH1> has joined the channel",
        "type": "message",
        "subtype": "channel_join",
        "ts": "1493391615.785802"
    },
    {
        "user": "U545PUPMX",
        "inviter": "U53T94L7N",
        "text": "<@U545PUPMX> has joined the channel",
        "type": "message",
        "subtype": "channel_join",
        "ts": "1493391615.785812"
    },
    {
        "user": "U5406B7V0",
        "inviter": "U53T94L7N",
        "text": "<@U5406B7V0> has joined the channel",
        "type": "message",
        "subtype": "channel_join",
        "ts": "1493391615.785817"
    },
    {
        "user": "U558VFM5Y",
        "inviter": "U53T94L7N",
        "text": "<@U558VFM5Y> has joined the channel",
        "type": "message",
        "subtype": "channel_join",
        "ts": "1493391616.785830"
    },
    {
        "user": "U542J9CUB",
        "inviter": "U53T94L7N",
        "text": "<@U542J9CUB> has joined the channel",
        "type": "message",
        "subtype": "channel_join",
        "ts": "1493391616.785845"
    },
    {
        "user": "U55D5SM08",
        "inviter": "U53T94L7N",
        "text": "<@U55D5SM08> has joined the channel",
        "type": "message",
        "subtype": "channel_join",
        "ts": "1493391616.785849"
    },
    {
        "user": "U544VLX7D",
        "inviter": "U53T94L7N",
        "text": "<@U544VLX7D> has joined the channel",
        "type": "message",
        "subtype": "channel_join",
        "ts": "1493391616.785864"
    },
    {
        "user": "U564QFUGM",
        "inviter": "U53T94L7N",
        "text": "<@U564QFUGM> has joined the channel",
        "type": "message",
        "subtype": "channel_join",
        "ts": "1493391616.785877"
    },
    {
        "user": "U56NPG3RU",
        "inviter": "U53T94L7N",
        "text": "<@U56NPG3RU> has joined the channel",
        "type": "message",
        "subtype": "channel_join",
        "ts": "1493391616.785878"
    },
    {
        "user": "U55EQCK09",
        "inviter": "U53T94L7N",
        "text": "<@U55EQCK09> has joined the channel",
        "type": "message",
        "subtype": "channel_join",
        "ts": "1493391616.785899"
    },
    {
        "user": "U569HNNQ6",
        "inviter": "U53T94L7N",
        "text": "<@U569HNNQ6> has joined the channel",
        "type": "message",
        "subtype": "channel_join",
        "ts": "1493391616.785913"
    },
    {
        "user": "U54NRLM1T",
        "inviter": "U53T94L7N",
        "text": "<@U54NRLM1T> has joined the channel",
        "type": "message",
        "subtype": "channel_join",
        "ts": "1493391616.785922"
    },
    {
        "user": "U54NJCDGT",
        "inviter": "U53T94L7N",
        "text": "<@U54NJCDGT> has joined the channel",
        "type": "message",
        "subtype": "channel_join",
        "ts": "1493391616.785936"
    },
    {
        "user": "U550CBX96",
        "inviter": "U53T94L7N",
        "text": "<@U550CBX96> has joined the channel",
        "type": "message",
        "subtype": "channel_join",
        "ts": "1493391616.785942"
    },
    {
        "user": "U5663G9LP",
        "inviter": "U53T94L7N",
        "text": "<@U5663G9LP> has joined the channel",
        "type": "message",
        "subtype": "channel_join",
        "ts": "1493391616.785954"
    },
    {
        "user": "U55DYBNN9",
        "inviter": "U53T94L7N",
        "text": "<@U55DYBNN9> has joined the channel",
        "type": "message",
        "subtype": "channel_join",
        "ts": "1493391616.785966"
    },
    {
        "user": "U55BW5KU5",
        "inviter": "U53T94L7N",
        "text": "<@U55BW5KU5> has joined the channel",
        "type": "message",
        "subtype": "channel_join",
        "ts": "1493391616.785968"
    },
    {
        "user": "U5592BR6E",
        "inviter": "U53T94L7N",
        "text": "<@U5592BR6E> has joined the channel",
        "type": "message",
        "subtype": "channel_join",
        "ts": "1493391616.785986"
    },
    {
        "user": "U562PLR2R",
        "inviter": "U53T94L7N",
        "text": "<@U562PLR2R> has joined the channel",
        "type": "message",
        "subtype": "channel_join",
        "ts": "1493391616.786002"
    },
    {
        "user": "U55BRMTTP",
        "inviter": "U53T94L7N",
        "text": "<@U55BRMTTP> has joined the channel",
        "type": "message",
        "subtype": "channel_join",
        "ts": "1493391616.786010"
    },
    {
        "user": "U544YUM8T",
        "inviter": "U53T94L7N",
        "text": "<@U544YUM8T> has joined the channel",
        "type": "message",
        "subtype": "channel_join",
        "ts": "1493391616.786025"
    },
    {
        "user": "U539RMTHN",
        "inviter": "U53T94L7N",
        "text": "<@U539RMTHN> has joined the channel",
        "type": "message",
        "subtype": "channel_join",
        "ts": "1493391616.786031"
    },
    {
        "user": "U566GRVEH",
        "inviter": "U53T94L7N",
        "text": "<@U566GRVEH> has joined the channel",
        "type": "message",
        "subtype": "channel_join",
        "ts": "1493391616.786046"
    },
    {
        "user": "U557CV65R",
        "inviter": "U53T94L7N",
        "text": "<@U557CV65R> has joined the channel",
        "type": "message",
        "subtype": "channel_join",
        "ts": "1493391616.786053"
    },
    {
        "user": "U557TQYF5",
        "inviter": "U53T94L7N",
        "text": "<@U557TQYF5> has joined the channel",
        "type": "message",
        "subtype": "channel_join",
        "ts": "1493391616.786054"
    },
    {
        "user": "U54M5EV4G",
        "inviter": "U53T94L7N",
        "text": "<@U54M5EV4G> has joined the channel",
        "type": "message",
        "subtype": "channel_join",
        "ts": "1493391616.786068"
    },
    {
        "user": "U5633FEJ1",
        "inviter": "U53T94L7N",
        "text": "<@U5633FEJ1> has joined the channel",
        "type": "message",
        "subtype": "channel_join",
        "ts": "1493391616.786080"
    },
    {
        "user": "U5483SKC2",
        "inviter": "U53T94L7N",
        "text": "<@U5483SKC2> has joined the channel",
        "type": "message",
        "subtype": "channel_join",
        "ts": "1493391616.786085"
    },
    {
        "user": "U54TBFM24",
        "inviter": "U53T94L7N",
        "text": "<@U54TBFM24> has joined the channel",
        "type": "message",
        "subtype": "channel_join",
        "ts": "1493391616.786105"
    },
    {
        "user": "U56RB3M2T",
        "inviter": "U53T94L7N",
        "text": "<@U56RB3M2T> has joined the channel",
        "type": "message",
        "subtype": "channel_join",
        "ts": "1493391616.786122"
    },
    {
        "user": "U560U1F5G",
        "inviter": "U53T94L7N",
        "text": "<@U560U1F5G> has joined the channel",
        "type": "message",
        "subtype": "channel_join",
        "ts": "1493391616.786140"
    },
    {
        "user": "U55SBF6M9",
        "inviter": "U53T94L7N",
        "text": "<@U55SBF6M9> has joined the channel",
        "type": "message",
        "subtype": "channel_join",
        "ts": "1493391616.786151"
    },
    {
        "user": "U56P2HTUP",
        "inviter": "U53T94L7N",
        "text": "<@U56P2HTUP> has joined the channel",
        "type": "message",
        "subtype": "channel_join",
        "ts": "1493391616.786168"
    },
    {
        "user": "U55CP9RR9",
        "inviter": "U53T94L7N",
        "text": "<@U55CP9RR9> has joined the channel",
        "type": "message",
        "subtype": "channel_join",
        "ts": "1493391616.786191"
    },
    {
        "user": "U54RKNGFP",
        "inviter": "U53T94L7N",
        "text": "<@U54RKNGFP> has joined the channel",
        "type": "message",
        "subtype": "channel_join",
        "ts": "1493391616.786212"
    },
    {
        "user": "U555438A1",
        "inviter": "U53T94L7N",
        "text": "<@U555438A1> has joined the channel",
        "type": "message",
        "subtype": "channel_join",
        "ts": "1493391616.786241"
    },
    {
        "user": "U551ZGU9L",
        "inviter": "U53T94L7N",
        "text": "<@U551ZGU9L> has joined the channel",
        "type": "message",
        "subtype": "channel_join",
        "ts": "1493391617.786258"
    },
    {
        "user": "U559YMSHZ",
        "inviter": "U53T94L7N",
        "text": "<@U559YMSHZ> has joined the channel",
        "type": "message",
        "subtype": "channel_join",
        "ts": "1493391617.786271"
    },
    {
        "user": "U55AYHPV0",
        "inviter": "U53T94L7N",
        "text": "<@U55AYHPV0> has joined the channel",
        "type": "message",
        "subtype": "channel_join",
        "ts": "1493391617.786287"
    },
    {
        "user": "U54KY0H2N",
        "inviter": "U53T94L7N",
        "text": "<@U54KY0H2N> has joined the channel",
        "type": "message",
        "subtype": "channel_join",
        "ts": "1493391617.786306"
    },
    {
        "user": "U55EAMFQ9",
        "inviter": "U53T94L7N",
        "text": "<@U55EAMFQ9> has joined the channel",
        "type": "message",
        "subtype": "channel_join",
        "ts": "1493391620.787681"
    },
    {
        "user": "U55B9K65N",
        "inviter": "U53T94L7N",
        "text": "<@U55B9K65N> has joined the channel",
        "type": "message",
        "subtype": "channel_join",
        "ts": "1493391626.790272"
    },
    {
        "user": "U56106HGS",
        "inviter": "U53T94L7N",
        "text": "<@U56106HGS> has joined the channel",
        "type": "message",
        "subtype": "channel_join",
        "ts": "1493391633.793411"
    },
    {
        "user": "U53GAFF8R",
        "inviter": "U53T94L7N",
        "text": "<@U53GAFF8R> has joined the channel",
        "type": "message",
        "subtype": "channel_join",
        "ts": "1493391633.793413"
    },
    {
        "user": "U55GLQDN0",
        "inviter": "U53T94L7N",
        "text": "<@U55GLQDN0> has joined the channel",
        "type": "message",
        "subtype": "channel_join",
        "ts": "1493391633.793428"
    },
    {
        "user": "U54EBH18U",
        "inviter": "U53T94L7N",
        "text": "<@U54EBH18U> has joined the channel",
        "type": "message",
        "subtype": "channel_join",
        "ts": "1493391633.793436"
    },
    {
        "user": "U55CEJEE5",
        "inviter": "U53T94L7N",
        "text": "<@U55CEJEE5> has joined the channel",
        "type": "message",
        "subtype": "channel_join",
        "ts": "1493391633.793444"
    },
    {
        "user": "U54HX4JN7",
        "inviter": "U53T94L7N",
        "text": "<@U54HX4JN7> has joined the channel",
        "type": "message",
        "subtype": "channel_join",
        "ts": "1493391633.793464"
    },
    {
        "user": "U560TKWMQ",
        "inviter": "U53T94L7N",
        "text": "<@U560TKWMQ> has joined the channel",
        "type": "message",
        "subtype": "channel_join",
        "ts": "1493391633.793466"
    },
    {
        "user": "U54BX2761",
        "inviter": "U53T94L7N",
        "text": "<@U54BX2761> has joined the channel",
        "type": "message",
        "subtype": "channel_join",
        "ts": "1493391633.793483"
    },
    {
        "user": "U54NF6REC",
        "inviter": "U53T94L7N",
        "text": "<@U54NF6REC> has joined the channel",
        "type": "message",
        "subtype": "channel_join",
        "ts": "1493391633.793490"
    },
    {
        "user": "U54V6V50D",
        "inviter": "U53T94L7N",
        "text": "<@U54V6V50D> has joined the channel",
        "type": "message",
        "subtype": "channel_join",
        "ts": "1493391633.793505"
    },
    {
        "user": "U54N6EZ8S",
        "inviter": "U53T94L7N",
        "text": "<@U54N6EZ8S> has joined the channel",
        "type": "message",
        "subtype": "channel_join",
        "ts": "1493391633.793518"
    },
    {
        "user": "U54PVUXE0",
        "inviter": "U53T94L7N",
        "text": "<@U54PVUXE0> has joined the channel",
        "type": "message",
        "subtype": "channel_join",
        "ts": "1493391633.793532"
    },
    {
        "user": "U54078XQ8",
        "inviter": "U53T94L7N",
        "text": "<@U54078XQ8> has joined the channel",
        "type": "message",
        "subtype": "channel_join",
        "ts": "1493391633.793536"
    },
    {
        "user": "U555MT77A",
        "inviter": "U53T94L7N",
        "text": "<@U555MT77A> has joined the channel",
        "type": "message",
        "subtype": "channel_join",
        "ts": "1493391633.793548"
    },
    {
        "user": "U54MX52KT",
        "inviter": "U53T94L7N",
        "text": "<@U54MX52KT> has joined the channel",
        "type": "message",
        "subtype": "channel_join",
        "ts": "1493391633.793551"
    },
    {
        "user": "U550M144W",
        "inviter": "U53T94L7N",
        "text": "<@U550M144W> has joined the channel",
        "type": "message",
        "subtype": "channel_join",
        "ts": "1493391633.793567"
    },
    {
        "user": "U550BARD1",
        "inviter": "U53T94L7N",
        "text": "<@U550BARD1> has joined the channel",
        "type": "message",
        "subtype": "channel_join",
        "ts": "1493391633.793570"
    },
    {
        "user": "U548J1HH7",
        "inviter": "U53T94L7N",
        "text": "<@U548J1HH7> has joined the channel",
        "type": "message",
        "subtype": "channel_join",
        "ts": "1493391633.793595"
    },
    {
        "user": "U54S5EE9G",
        "inviter": "U53T94L7N",
        "text": "<@U54S5EE9G> has joined the channel",
        "type": "message",
        "subtype": "channel_join",
        "ts": "1493391633.793608"
    },
    {
        "user": "U53HC95EU",
        "inviter": "U53T94L7N",
        "text": "<@U53HC95EU> has joined the channel",
        "type": "message",
        "subtype": "channel_join",
        "ts": "1493391633.793629"
    },
    {
        "user": "U5479AJQH",
        "inviter": "U53T94L7N",
        "text": "<@U5479AJQH> has joined the channel",
        "type": "message",
        "subtype": "channel_join",
        "ts": "1493391634.793651"
    },
    {
        "user": "U54KR16C8",
        "inviter": "U53T94L7N",
        "text": "<@U54KR16C8> has joined the channel",
        "type": "message",
        "subtype": "channel_join",
        "ts": "1493391634.793669"
    },
    {
        "user": "U5652E6K0",
        "inviter": "U53T94L7N",
        "text": "<@U5652E6K0> has joined the channel",
        "type": "message",
        "subtype": "channel_join",
        "ts": "1493391634.793689"
    },
    {
        "user": "U54TSNY5B",
        "inviter": "U53T94L7N",
        "text": "<@U54TSNY5B> has joined the channel",
        "type": "message",
        "subtype": "channel_join",
        "ts": "1493391634.793708"
    },
    {
        "user": "U54PG2V1S",
        "inviter": "U53T94L7N",
        "text": "<@U54PG2V1S> has joined the channel",
        "type": "message",
        "subtype": "channel_join",
        "ts": "1493391634.793727"
    },
    {
        "user": "U546T8N8Z",
        "inviter": "U53T94L7N",
        "text": "<@U546T8N8Z> has joined the channel",
        "type": "message",
        "subtype": "channel_join",
        "ts": "1493391634.793742"
    },
    {
        "user": "U551GAXD4",
        "inviter": "U53T94L7N",
        "text": "<@U551GAXD4> has joined the channel",
        "type": "message",
        "subtype": "channel_join",
        "ts": "1493391634.793760"
    },
    {
        "user": "U55GV67D4",
        "inviter": "U53T94L7N",
        "text": "<@U55GV67D4> has joined the channel",
        "type": "message",
        "subtype": "channel_join",
        "ts": "1493391634.793776"
    },
    {
        "user": "U545Q0JR1",
        "inviter": "U53T94L7N",
        "text": "<@U545Q0JR1> has joined the channel",
        "type": "message",
        "subtype": "channel_join",
        "ts": "1493391634.793797"
    },
    {
        "user": "U55LZFQ87",
        "inviter": "U53T94L7N",
        "text": "<@U55LZFQ87> has joined the channel",
        "type": "message",
        "subtype": "channel_join",
        "ts": "1493391634.793811"
    },
    {
        "user": "U5432FSD6",
        "inviter": "U53T94L7N",
        "text": "<@U5432FSD6> has joined the channel",
        "type": "message",
        "subtype": "channel_join",
        "ts": "1493391634.793831"
    },
    {
        "user": "U558Q90KV",
        "inviter": "U53T94L7N",
        "text": "<@U558Q90KV> has joined the channel",
        "type": "message",
        "subtype": "channel_join",
        "ts": "1493391634.793848"
    },
    {
        "user": "U563HPMHV",
        "inviter": "U53T94L7N",
        "text": "<@U563HPMHV> has joined the channel",
        "type": "message",
        "subtype": "channel_join",
        "ts": "1493391634.793871"
    },
    {
        "user": "U55BS1ECB",
        "inviter": "U53T94L7N",
        "text": "<@U55BS1ECB> has joined the channel",
        "type": "message",
        "subtype": "channel_join",
        "ts": "1493391634.793893"
    },
    {
        "user": "U55EJRM7T",
        "inviter": "U53T94L7N",
        "text": "<@U55EJRM7T> has joined the channel",
        "type": "message",
        "subtype": "channel_join",
        "ts": "1493391634.793909"
    },
    {
        "user": "U54NRQWFK",
        "inviter": "U53T94L7N",
        "text": "<@U54NRQWFK> has joined the channel",
        "type": "message",
        "subtype": "channel_join",
        "ts": "1493391634.793926"
    },
    {
        "user": "U566UK0MV",
        "inviter": "U53T94L7N",
        "text": "<@U566UK0MV> has joined the channel",
        "type": "message",
        "subtype": "channel_join",
        "ts": "1493391634.793940"
    },
    {
        "user": "U53GN1UEM",
        "inviter": "U53T94L7N",
        "text": "<@U53GN1UEM> has joined the channel",
        "type": "message",
        "subtype": "channel_join",
        "ts": "1493391634.793960"
    },
    {
        "user": "U55T98PGT",
        "inviter": "U53T94L7N",
        "text": "<@U55T98PGT> has joined the channel",
        "type": "message",
        "subtype": "channel_join",
        "ts": "1493391637.794993"
    },
    {
        "user": "U54N4URLZ",
        "inviter": "U53T94L7N",
        "text": "<@U54N4URLZ> has joined the channel",
        "type": "message",
        "subtype": "channel_join",
        "ts": "1493391652.801196"
    },
    {
        "user": "U54PDBGCE",
        "inviter": "U53T94L7N",
        "text": "<@U54PDBGCE> has joined the channel",
        "type": "message",
        "subtype": "channel_join",
        "ts": "1493391652.801224"
    },
    {
        "user": "U54M0Q6DN",
        "inviter": "U53T94L7N",
        "text": "<@U54M0Q6DN> has joined the channel",
        "type": "message",
        "subtype": "channel_join",
        "ts": "1493391652.801246"
    },
    {
        "user": "U55CZ7KM2",
        "inviter": "U53T94L7N",
        "text": "<@U55CZ7KM2> has joined the channel",
        "type": "message",
        "subtype": "channel_join",
        "ts": "1493391652.801273"
    },
    {
        "user": "U55SK97LP",
        "inviter": "U53T94L7N",
        "text": "<@U55SK97LP> has joined the channel",
        "type": "message",
        "subtype": "channel_join",
        "ts": "1493391652.801291"
    },
    {
        "user": "U55EDQBEC",
        "inviter": "U53T94L7N",
        "text": "<@U55EDQBEC> has joined the channel",
        "type": "message",
        "subtype": "channel_join",
        "ts": "1493391652.801314"
    },
    {
        "user": "U55AGRXBL",
        "inviter": "U53T94L7N",
        "text": "<@U55AGRXBL> has joined the channel",
        "type": "message",
        "subtype": "channel_join",
        "ts": "1493391652.801341"
    },
    {
        "user": "U54R9JPBR",
        "inviter": "U53T94L7N",
        "text": "<@U54R9JPBR> has joined the channel",
        "type": "message",
        "subtype": "channel_join",
        "ts": "1493391652.801365"
    },
    {
        "user": "U55FBBY5T",
        "inviter": "U53T94L7N",
        "text": "<@U55FBBY5T> has joined the channel",
        "type": "message",
        "subtype": "channel_join",
        "ts": "1493391652.801400"
    },
    {
        "user": "U563VV6DS",
        "inviter": "U53T94L7N",
        "text": "<@U563VV6DS> has joined the channel",
        "type": "message",
        "subtype": "channel_join",
        "ts": "1493391652.801418"
    },
    {
        "user": "U55EM0DGV",
        "inviter": "U53T94L7N",
        "text": "<@U55EM0DGV> has joined the channel",
        "type": "message",
        "subtype": "channel_join",
        "ts": "1493391652.801446"
    },
    {
        "user": "U54URQF63",
        "inviter": "U53T94L7N",
        "text": "<@U54URQF63> has joined the channel",
        "type": "message",
        "subtype": "channel_join",
        "ts": "1493391652.801466"
    },
    {
        "user": "U55EC4RA7",
        "inviter": "U53T94L7N",
        "text": "<@U55EC4RA7> has joined the channel",
        "type": "message",
        "subtype": "channel_join",
        "ts": "1493391652.801492"
    },
    {
        "user": "U55FRG7MJ",
        "inviter": "U53T94L7N",
        "text": "<@U55FRG7MJ> has joined the channel",
        "type": "message",
        "subtype": "channel_join",
        "ts": "1493391653.801526"
    },
    {
        "user": "U54C5S7V2",
        "inviter": "U53T94L7N",
        "text": "<@U54C5S7V2> has joined the channel",
        "type": "message",
        "subtype": "channel_join",
        "ts": "1493391653.801548"
    },
    {
        "user": "U548HGBG9",
        "inviter": "U53T94L7N",
        "text": "<@U548HGBG9> has joined the channel",
        "type": "message",
        "subtype": "channel_join",
        "ts": "1493391653.801611"
    },
    {
        "user": "U543MU39P",
        "inviter": "U53T94L7N",
        "text": "<@U543MU39P> has joined the channel",
        "type": "message",
        "subtype": "channel_join",
        "ts": "1493391653.801641"
    },
    {
        "user": "U54TVQE3X",
        "inviter": "U53T94L7N",
        "text": "<@U54TVQE3X> has joined the channel",
        "type": "message",
        "subtype": "channel_join",
        "ts": "1493391653.801666"
    },
    {
        "user": "U56QEEFML",
        "inviter": "U53T94L7N",
        "text": "<@U56QEEFML> has joined the channel",
        "type": "message",
        "subtype": "channel_join",
        "ts": "1493391653.801701"
    },
    {
        "user": "U543A3CLV",
        "inviter": "U53T94L7N",
        "text": "<@U543A3CLV> has joined the channel",
        "type": "message",
        "subtype": "channel_join",
        "ts": "1493391653.801731"
    },
    {
        "user": "U54PRAWVD",
        "inviter": "U53T94L7N",
        "text": "<@U54PRAWVD> has joined the channel",
        "type": "message",
        "subtype": "channel_join",
        "ts": "1493391653.801754"
    },
    {
        "user": "U5648J9AS",
        "inviter": "U53T94L7N",
        "text": "<@U5648J9AS> has joined the channel",
        "type": "message",
        "subtype": "channel_join",
        "ts": "1493391653.801775"
    },
    {
        "user": "U54Q7DJ5A",
        "inviter": "U53T94L7N",
        "text": "<@U54Q7DJ5A> has joined the channel",
        "type": "message",
        "subtype": "channel_join",
        "ts": "1493391653.801796"
    },
    {
        "user": "U561C1DPC",
        "inviter": "U53T94L7N",
        "text": "<@U561C1DPC> has joined the channel",
        "type": "message",
        "subtype": "channel_join",
        "ts": "1493391653.801810"
    },
    {
        "user": "U541GCW5S",
        "inviter": "U53T94L7N",
        "text": "<@U541GCW5S> has joined the channel",
        "type": "message",
        "subtype": "channel_join",
        "ts": "1493391653.801843"
    },
    {
        "user": "U541B5RQU",
        "inviter": "U53T94L7N",
        "text": "<@U541B5RQU> has joined the channel",
        "type": "message",
        "subtype": "channel_join",
        "ts": "1493391653.801863"
    },
    {
        "user": "U541S59L4",
        "inviter": "U53T94L7N",
        "text": "<@U541S59L4> has joined the channel",
        "type": "message",
        "subtype": "channel_join",
        "ts": "1493391653.801889"
    },
    {
        "user": "U5485RYMA",
        "inviter": "U53T94L7N",
        "text": "<@U5485RYMA> has joined the channel",
        "type": "message",
        "subtype": "channel_join",
        "ts": "1493391653.801912"
    },
    {
        "user": "U54E8FNL9",
        "inviter": "U53T94L7N",
        "text": "<@U54E8FNL9> has joined the channel",
        "type": "message",
        "subtype": "channel_join",
        "ts": "1493391653.801939"
    },
    {
        "user": "U54QSPYDQ",
        "inviter": "U53T94L7N",
        "text": "<@U54QSPYDQ> has joined the channel",
        "type": "message",
        "subtype": "channel_join",
        "ts": "1493391672.809590"
    },
    {
        "user": "U564U5PEJ",
        "inviter": "U53T94L7N",
        "text": "<@U564U5PEJ> has joined the channel",
        "type": "message",
        "subtype": "channel_join",
        "ts": "1493391672.809605"
    },
    {
        "user": "U55750RJQ",
        "inviter": "U53T94L7N",
        "text": "<@U55750RJQ> has joined the channel",
        "type": "message",
        "subtype": "channel_join",
        "ts": "1493391672.809624"
    },
    {
        "user": "U55D5RFG8",
        "inviter": "U53T94L7N",
        "text": "<@U55D5RFG8> has joined the channel",
        "type": "message",
        "subtype": "channel_join",
        "ts": "1493391672.809647"
    },
    {
        "user": "U561A6611",
        "inviter": "U53T94L7N",
        "text": "<@U561A6611> has joined the channel",
        "type": "message",
        "subtype": "channel_join",
        "ts": "1493391672.809657"
    },
    {
        "user": "U54N9SMTL",
        "inviter": "U53T94L7N",
        "text": "<@U54N9SMTL> has joined the channel",
        "type": "message",
        "subtype": "channel_join",
        "ts": "1493391672.809676"
    },
    {
        "user": "U54KCT4N7",
        "inviter": "U53T94L7N",
        "text": "<@U54KCT4N7> has joined the channel",
        "type": "message",
        "subtype": "channel_join",
        "ts": "1493391672.809696"
    },
    {
        "user": "U54JMBG3S",
        "inviter": "U53T94L7N",
        "text": "<@U54JMBG3S> has joined the channel",
        "type": "message",
        "subtype": "channel_join",
        "ts": "1493391672.809704"
    },
    {
        "user": "U55UACP42",
        "inviter": "U53T94L7N",
        "text": "<@U55UACP42> has joined the channel",
        "type": "message",
        "subtype": "channel_join",
        "ts": "1493391672.809720"
    },
    {
        "user": "U56NNVDGW",
        "inviter": "U53T94L7N",
        "text": "<@U56NNVDGW> has joined the channel",
        "type": "message",
        "subtype": "channel_join",
        "ts": "1493391672.809737"
    },
    {
        "user": "U54L1FFH9",
        "inviter": "U53T94L7N",
        "text": "<@U54L1FFH9> has joined the channel",
        "type": "message",
        "subtype": "channel_join",
        "ts": "1493391672.809750"
    },
    {
        "user": "U55EM803Z",
        "inviter": "U53T94L7N",
        "text": "<@U55EM803Z> has joined the channel",
        "type": "message",
        "subtype": "channel_join",
        "ts": "1493391672.809774"
    },
    {
        "user": "U53J4TEFJ",
        "inviter": "U53T94L7N",
        "text": "<@U53J4TEFJ> has joined the channel",
        "type": "message",
        "subtype": "channel_join",
        "ts": "1493391672.809789"
    },
    {
        "user": "U54LA3KQA",
        "inviter": "U53T94L7N",
        "text": "<@U54LA3KQA> has joined the channel",
        "type": "message",
        "subtype": "channel_join",
        "ts": "1493391672.809802"
    },
    {
        "user": "U543HC49E",
        "inviter": "U53T94L7N",
        "text": "<@U543HC49E> has joined the channel",
        "type": "message",
        "subtype": "channel_join",
        "ts": "1493391672.809814"
    },
    {
        "user": "U551V8HGC",
        "inviter": "U53T94L7N",
        "text": "<@U551V8HGC> has joined the channel",
        "type": "message",
        "subtype": "channel_join",
        "ts": "1493391690.816871"
    },
    {
        "user": "U55DDDEN8",
        "inviter": "U53T94L7N",
        "text": "<@U55DDDEN8> has joined the channel",
        "type": "message",
        "subtype": "channel_join",
        "ts": "1493391690.816883"
    },
    {
        "user": "U54CN300Z",
        "inviter": "U53T94L7N",
        "text": "<@U54CN300Z> has joined the channel",
        "type": "message",
        "subtype": "channel_join",
        "ts": "1493391690.816890"
    },
    {
        "user": "U545HSX16",
        "inviter": "U53T94L7N",
        "text": "<@U545HSX16> has joined the channel",
        "type": "message",
        "subtype": "channel_join",
        "ts": "1493391690.816904"
    },
    {
        "user": "U56SRUS3H",
        "inviter": "U53T94L7N",
        "text": "<@U56SRUS3H> has joined the channel",
        "type": "message",
        "subtype": "channel_join",
        "ts": "1493391690.816922"
    },
    {
        "user": "U544F5PFV",
        "inviter": "U53T94L7N",
        "text": "<@U544F5PFV> has joined the channel",
        "type": "message",
        "subtype": "channel_join",
        "ts": "1493391690.816938"
    },
    {
        "user": "U554EUSKY",
        "inviter": "U53T94L7N",
        "text": "<@U554EUSKY> has joined the channel",
        "type": "message",
        "subtype": "channel_join",
        "ts": "1493391690.816949"
    },
    {
        "user": "U5514MGR4",
        "inviter": "U53T94L7N",
        "text": "<@U5514MGR4> has joined the channel",
        "type": "message",
        "subtype": "channel_join",
        "ts": "1493391690.816965"
    },
    {
        "user": "U55DNSEFJ",
        "inviter": "U53T94L7N",
        "text": "<@U55DNSEFJ> has joined the channel",
        "type": "message",
        "subtype": "channel_join",
        "ts": "1493391690.816979"
    },
    {
        "user": "U53T9SWPM",
        "inviter": "U53T94L7N",
        "text": "<@U53T9SWPM> has joined the channel",
        "type": "message",
        "subtype": "channel_join",
        "ts": "1493391690.816989"
    },
    {
        "user": "U570EJRGX",
        "text": "<@U570EJRGX> has joined the channel",
        "type": "message",
        "subtype": "channel_join",
        "ts": "1493395053.096702"
    },
    {
        "user": "U54PQ74HF",
        "text": "<@U54PQ74HF> has joined the channel",
        "type": "message",
        "subtype": "channel_join",
        "ts": "1493412933.766111"
    },
    {
        "user": "U55Q727DF",
        "text": "<@U55Q727DF> has joined the channel",
        "type": "message",
        "subtype": "channel_join",
        "ts": "1493414267.095354"
    }
]