[
    {
        "user": "U7UNTSFCY",
        "text": "<@U7UNTSFCY> has joined the channel",
        "type": "message",
        "subtype": "channel_join",
        "ts": "1509956592.000239"
    },
    {
        "user": "U7WJ7CHTQ",
        "text": "<@U7WJ7CHTQ> has joined the channel",
        "type": "message",
        "subtype": "channel_join",
        "ts": "1509990613.000409"
    },
    {
        "user": "U7WJENEJJ",
        "text": "<@U7WJENEJJ> has joined the channel",
        "type": "message",
        "subtype": "channel_join",
        "ts": "1509991237.000019"
    }
]