[
    {
        "user": "U7BN1BNEA",
        "text": "<@U7BN1BNEA> has joined the channel",
        "type": "message",
        "subtype": "channel_join",
        "ts": "1506678526.000281"
    },
    {
        "user": "U54NAL317",
        "topic": "Partage d'articles de blogs intéressants, ou les vôtres.",
        "text": "<@U54NAL317> set the channel topic: Partage d'articles de blogs intéressants, ou les vôtres.",
        "type": "message",
        "subtype": "channel_topic",
        "ts": "1506691669.000360"
    },
    {
        "user": "U7AF80QJC",
        "text": "<@U7AF80QJC> has joined the channel",
        "type": "message",
        "subtype": "channel_join",
        "ts": "1506709860.000010"
    }
]