[
    {
        "user": "U7CD9PYP2",
        "text": "<@U7CD9PYP2> has joined the channel",
        "type": "message",
        "subtype": "channel_join",
        "ts": "1507104053.000031"
    },
    {
        "user": "U7CHPNUE5",
        "text": "<@U7CHPNUE5> has joined the channel",
        "type": "message",
        "subtype": "channel_join",
        "ts": "1507106427.000087"
    },
    {
        "user": "U7E71D7TR",
        "text": "<@U7E71D7TR> has joined the channel",
        "type": "message",
        "subtype": "channel_join",
        "ts": "1507111025.000332"
    },
    {
        "user": "U7CK9CLQZ",
        "text": "<@U7CK9CLQZ> has joined the channel",
        "type": "message",
        "subtype": "channel_join",
        "ts": "1507113892.000023"
    },
    {
        "user": "U7EA7PHD5",
        "text": "<@U7EA7PHD5> has joined the channel",
        "type": "message",
        "subtype": "channel_join",
        "ts": "1507123856.000255"
    },
    {
        "user": "U7D9L7XJ8",
        "text": "<@U7D9L7XJ8> has joined the channel",
        "type": "message",
        "subtype": "channel_join",
        "ts": "1507124882.000366"
    },
    {
        "user": "U7D9VMXDJ",
        "text": "<@U7D9VMXDJ> has joined the channel",
        "type": "message",
        "subtype": "channel_join",
        "ts": "1507125675.000985"
    },
    {
        "user": "U7D65D07M",
        "text": "<@U7D65D07M> has joined the channel",
        "type": "message",
        "subtype": "channel_join",
        "ts": "1507125964.000625"
    },
    {
        "user": "U7DA68F0U",
        "text": "<@U7DA68F0U> has joined the channel",
        "type": "message",
        "subtype": "channel_join",
        "ts": "1507126552.000378"
    },
    {
        "user": "U7D8WQ10A",
        "text": "<@U7D8WQ10A> has joined the channel",
        "type": "message",
        "subtype": "channel_join",
        "ts": "1507127410.000556"
    },
    {
        "type": "message",
        "user": "U555MT77A",
        "text": "Hello, un petit nouveau (pour énerver <@U53T94L7N> :p)\n<https:\/\/medium.com\/growth-room\/le-marketing-entrepreneurial-9010eb2b05f3>",
        "attachments": [
            {
                "service_name": "Medium",
                "title": "Le marketing entrepreneurial – Growth Room – Medium",
                "title_link": "https:\/\/medium.com\/growth-room\/le-marketing-entrepreneurial-9010eb2b05f3",
                "text": "Il y a quelques années, Babak Nivi, co-fondateur du site Angel List, a publié un billet de blog intitulé “L’âge entrepreneurial”. Il y d…",
                "fallback": "Medium: Le marketing entrepreneurial – Growth Room – Medium",
                "image_url": "https:\/\/cdn-images-1.medium.com\/max\/1200\/1*iEUPN2IUu7DtSUWoIZ9l1w.jpeg",
                "fields": [
                    {
                        "title": "Reading time",
                        "value": "6 min read",
                        "short": true
                    }
                ],
                "ts": 1507127393,
                "from_url": "https:\/\/medium.com\/growth-room\/le-marketing-entrepreneurial-9010eb2b05f3",
                "image_width": 361,
                "image_height": 250,
                "image_bytes": 42360,
                "service_icon": "https:\/\/cdn-images-1.medium.com\/fit\/c\/304\/304\/1*rw7iEwZo0KhBXceK0tOtXQ.png",
                "id": 1
            }
        ],
        "thread_ts": "1507131746.000190",
        "reply_count": 26,
        "replies": [
            {
                "user": "U53T94L7N",
                "ts": "1507131919.000357"
            },
            {
                "user": "U555MT77A",
                "ts": "1507131996.000291"
            },
            {
                "user": "U53T94L7N",
                "ts": "1507132111.000533"
            },
            {
                "user": "U555MT77A",
                "ts": "1507132282.000395"
            },
            {
                "user": "U53T94L7N",
                "ts": "1507132377.000259"
            },
            {
                "user": "U53T94L7N",
                "ts": "1507132409.000329"
            },
            {
                "user": "U555MT77A",
                "ts": "1507132798.000448"
            },
            {
                "user": "U53T94L7N",
                "ts": "1507135359.000174"
            },
            {
                "user": "U56A4ULMV",
                "ts": "1507136839.000312"
            },
            {
                "user": "U56A4ULMV",
                "ts": "1507137350.000118"
            },
            {
                "user": "U53T94L7N",
                "ts": "1507146790.000519"
            },
            {
                "user": "U56A4ULMV",
                "ts": "1507189680.000230"
            },
            {
                "user": "U53T94L7N",
                "ts": "1507189992.000286"
            },
            {
                "user": "U53T94L7N",
                "ts": "1507190078.000120"
            },
            {
                "user": "U53T94L7N",
                "ts": "1507190543.000143"
            },
            {
                "user": "U555MT77A",
                "ts": "1507207434.000467"
            },
            {
                "user": "U54PR7DFW",
                "ts": "1507208005.000601"
            },
            {
                "user": "U56A4ULMV",
                "ts": "1507208133.000334"
            },
            {
                "user": "U56A4ULMV",
                "ts": "1507208285.000114"
            },
            {
                "user": "U54E8FNL9",
                "ts": "1507208758.000123"
            },
            {
                "user": "U54PR7DFW",
                "ts": "1507208814.000222"
            },
            {
                "user": "U56A4ULMV",
                "ts": "1507209039.000575"
            },
            {
                "user": "U555MT77A",
                "ts": "1507211656.000338"
            },
            {
                "user": "U53T94L7N",
                "ts": "1507216056.000560"
            },
            {
                "user": "U53T94L7N",
                "ts": "1507216549.000149"
            },
            {
                "user": "U566P6QCE",
                "ts": "1507222637.000233"
            }
        ],
        "unread_count": 26,
        "ts": "1507131746.000190",
        "reactions": [
            {
                "name": "+1",
                "users": [
                    "U566P6QCE"
                ],
                "count": 1
            }
        ]
    },
    {
        "type": "message",
        "user": "U53T94L7N",
        "text": "<@U555MT77A> c'est de bonne guerre ;) ",
        "thread_ts": "1507131746.000190",
        "parent_user_id": "U555MT77A",
        "ts": "1507131919.000357"
    },
    {
        "type": "message",
        "user": "U555MT77A",
        "text": "i know i know",
        "thread_ts": "1507131746.000190",
        "parent_user_id": "U555MT77A",
        "ts": "1507131996.000291"
    },
    {
        "type": "message",
        "user": "U53T94L7N",
        "text": "On pourrait avoir le même type de débat sur ce qu'est une démocratie on arriverait au même résultat haha nan mais il est bien, il a le mérite de garder l'essentiel.",
        "thread_ts": "1507131746.000190",
        "parent_user_id": "U555MT77A",
        "ts": "1507132111.000533"
    },
    {
        "type": "message",
        "user": "U555MT77A",
        "text": "suis pas sur de saisir la comparaison mais je te promets qu’il faut arreter de se la peter, le GH est en train de devnir le nouveau community management et de se faire réduire à des pignoufs qui réinventent le marketing… alors que franchement y’a mieux à tirer",
        "thread_ts": "1507131746.000190",
        "parent_user_id": "U555MT77A",
        "ts": "1507132282.000395",
        "reactions": [
            {
                "name": "joy",
                "users": [
                    "U56A4ULMV"
                ],
                "count": 1
            }
        ]
    },
    {
        "type": "message",
        "user": "U53T94L7N",
        "text": "Tu projettes là",
        "thread_ts": "1507131746.000190",
        "parent_user_id": "U555MT77A",
        "ts": "1507132377.000259"
    },
    {
        "type": "message",
        "user": "U53T94L7N",
        "text": "<https:\/\/fr.wikipedia.org\/wiki\/Projection_(psychologie)>",
        "attachments": [
            {
                "image_url": "https:\/\/upload.wikimedia.org\/wikipedia\/commons\/3\/3d\/Sofa_Clip_Art.jpg",
                "image_width": 536,
                "image_height": 312,
                "image_bytes": 50145,
                "title": "Projection (psychologie)",
                "title_link": "https:\/\/fr.wikipedia.org\/wiki\/Projection_(psychologie)",
                "author_name": "Wikipedia",
                "author_link": "http:\/\/fr.wikipedia.org\/",
                "text": "La projection désigne l'opération mentale (inconsciente) par laquelle une personne attribue à quelqu'un d'autre ses propres sentiments, dans le but de se sortir d'une situation émotionnelle vécue comme intolérable par elle. La personne n'a pas conscience d'appliquer ce mécanisme, justement car elle n'accepte pas les sentiments, ou sensations, qu'elle « projette » à l'extérieur, sur l'autre ou sur un objet. Il s'agit donc de mouvements pulsionnels intolérables, ou en tout cas, perçus comme tels.\nLa projection peut apparaître aussi dans les cas de psychoses paranoïaque (délire paranoïaque) ou schizophrénique (hallucination, délire). Le « langage intérieur » du malade est alors identifié par celui-ci comme étant « une voix » venue du dehors, extérieur à lui-même. Il s'agit d'un mécanisme psychotique mettant en œuvre un processus primaire.",
                "fallback": "wikipedia: Projection (psychologie)",
                "service_icon": "https:\/\/a.slack-edge.com\/bfaba\/img\/unfurl_icons\/wikipedia.png",
                "id": 1
            }
        ],
        "thread_ts": "1507131746.000190",
        "parent_user_id": "U555MT77A",
        "ts": "1507132409.000329"
    },
    {
        "type": "message",
        "user": "U555MT77A",
        "text": "mdr, permets moi de faire un argument d’autorité et de te dire que je ne projettes pas :wink:",
        "thread_ts": "1507131746.000190",
        "parent_user_id": "U555MT77A",
        "ts": "1507132798.000448"
    },
    {
        "type": "message",
        "user": "U53T94L7N",
        "text": "Argument d'autorité noté. C'est vrai que j'ai toujours du mal à ce qu'on me projette des pensées, sentiments, façons de faire qui ne sont pas les miennes, quand elles caractérisent bien, dans certains cas, la personne qui est en face. Chose que je vois de manière très récurrente quand on échange tous les deux et pas avec d'autres. \nNe confond donc pas la détente que j'ai à te parler avec quoi que ce soit d'autre, on est humains avant tout, pas GH \/ Marketeux, Blabla, merde.\nEt ton opinion comme la mienne valent ce qu'elles valent, je préfère 100x que tu ne sois pas d'accord et qu'on échange, plutôt qu'on se dise amen à tout. Mon compliment était sincère",
        "edited": {
            "user": "U53T94L7N",
            "ts": "1507135400.000000"
        },
        "thread_ts": "1507131746.000190",
        "parent_user_id": "U555MT77A",
        "ts": "1507135359.000174"
    },
    {
        "type": "message",
        "user": "U56A4ULMV",
        "text": "C’est beau ce que vous vous dîtes. Mais vous n’êtes pas d’accord sur quoi exactement? (Je veux juste voir ou je me place)",
        "thread_ts": "1507131746.000190",
        "parent_user_id": "U555MT77A",
        "ts": "1507136839.000312",
        "reactions": [
            {
                "name": "heart",
                "users": [
                    "U54E8FNL9",
                    "U566P6QCE"
                ],
                "count": 2
            }
        ]
    },
    {
        "type": "message",
        "user": "U56A4ULMV",
        "text": "Car du coup, après avoir lu l’article je me pose une simple question. Jusqu’à quel moment le GH n’assume pas le rôle du CEO. En réalité, si le GH est libre comme l’air il touche principalement au produit et au marketing , du coup à une grosse partie de la vision. Le truc qui peut être mal sain pour une boîte. Et si le rôle du CEO est de brider le GH, ça tue son efficacité. Est-ce que finalement les GH ne sont pas tous de futurs entrepreneurs qui sont GH que pour un moment?",
        "thread_ts": "1507131746.000190",
        "parent_user_id": "U555MT77A",
        "ts": "1507137350.000118"
    },
    {
        "user": "U7DBVA9T5",
        "text": "<@U7DBVA9T5> has joined the channel",
        "type": "message",
        "subtype": "channel_join",
        "ts": "1507142023.000422"
    },
    {
        "type": "message",
        "user": "U53T94L7N",
        "text": "Pour moi, le Growth c'est maximiser l'apprentissage dans un temps donné dans le contexte d'une entreprise conçue pour croître fortement (on parle de dizaines de pourcent par mois au moins). Après, comme dans le lean, tu dois optimiser tes ressources et encadrer le risque. Comme dans l'agilité, tu dois produire des résultats concrets rapidement pour pouvoir mesurer rapidement si tu vas dans le bon sens ou non et pas faire des plans sur la comète. Parce que tu veux aussi manager un projet, et qu'il y a de bonnes et de mauvaises façons d'orchestrer tes actions et celles des autres, tu vas avoir recours à des check-lists, processus, et autres pour que chaque itération soit mieux faite que la précédente (plutôt qu'à l'arrache au talent).\nDonc pour résumer, tu mesures tout (ton output de travail compris), parce que c'est la donnée nécessaire pour savoir ce qui marche ou ne marche pas. \nLe mindset il est dans tout ce que je viens de dire. Que chaque jour tu sois meilleur que le jour précédent parce que chaque jour tu es honnête par rapport à ce que tu as fait avant (les données) et tu es assez ouvert d'esprit pour trouver les solutions \/ tests de demain.\nJ'ai tort ?",
        "thread_ts": "1507131746.000190",
        "parent_user_id": "U555MT77A",
        "ts": "1507146790.000519"
    },
    {
        "user": "U7DLJA421",
        "text": "<@U7DLJA421> has joined the channel",
        "type": "message",
        "subtype": "channel_join",
        "ts": "1507149453.000052"
    }
]