[
    {
        "user": "U6R8RS20G",
        "text": "<@U6R8RS20G> has joined the channel",
        "type": "message",
        "subtype": "channel_join",
        "ts": "1503404819.000198"
    },
    {
        "user": "U6RU1K5BL",
        "text": "<@U6RU1K5BL> has joined the channel",
        "type": "message",
        "subtype": "channel_join",
        "ts": "1503405598.000183"
    },
    {
        "type": "message",
        "user": "U5CH9K4LW",
        "text": "Hey everyone, I just finished writing a really honest Medium post about this: *How we (Mailjet) spent $35K in 4 hours. Should startups invest in events?*\n\nThe ups, the downs, the results, the how-to. I hope it can be useful for others wondering if they should throw a large event: <https:\/\/medium.com\/taking-flight-with-mailjet\/how-we-spent-35k-in-4-hours-should-startups-invest-in-events-9a0145336792>",
        "attachments": [
            {
                "service_name": "Medium",
                "title": "How we spent $35K in 4 hours. Should startups invest in events?",
                "title_link": "https:\/\/medium.com\/taking-flight-with-mailjet\/how-we-spent-35k-in-4-hours-should-startups-invest-in-events-9a0145336792",
                "text": "Beginning of the month we threw a party in Boston. But not just any party: the biggest party we’ve thrown in the six years since Maijlet’s…",
                "fallback": "Medium: How we spent $35K in 4 hours. Should startups invest in events?",
                "image_url": "https:\/\/cdn-images-1.medium.com\/max\/1200\/1*Q-Vw20IXD8LFUYFoWSigDw.gif",
                "fields": [
                    {
                        "title": "Reading time",
                        "value": "8 min read",
                        "short": true
                    }
                ],
                "ts": 1503415523,
                "from_url": "https:\/\/medium.com\/taking-flight-with-mailjet\/how-we-spent-35k-in-4-hours-should-startups-invest-in-events-9a0145336792",
                "image_width": 305,
                "image_height": 250,
                "image_bytes": 4783584,
                "service_icon": "https:\/\/cdn-images-1.medium.com\/fit\/c\/304\/304\/1*CT43zQQTcSnAP-xlpvlyPA.png",
                "id": 1
            }
        ],
        "edited": {
            "user": "U5CH9K4LW",
            "ts": "1503421292.000000"
        },
        "thread_ts": "1503421229.000655",
        "reply_count": 1,
        "replies": [
            {
                "user": "U54E8FNL9",
                "ts": "1504698570.000146"
            }
        ],
        "unread_count": 1,
        "ts": "1503421229.000655",
        "reactions": [
            {
                "name": "+1",
                "users": [
                    "U546L44SJ",
                    "U54E8FNL9",
                    "U57DKJR5F",
                    "U5852MULX",
                    "U5C86111D"
                ],
                "count": 5
            }
        ]
    }
]