[
    {
        "type": "message",
        "user": "U5B18JDFS",
        "text": "je suis peut-être intéressé, via mon site de news <https:\/\/nouvellesdudigital.com\/>",
        "attachments": [
            {
                "title": "Nouvelles du Digital : actualités SEO, SEA, réseaux sociaux",
                "title_link": "https:\/\/nouvellesdudigital.com\/",
                "text": "news digital",
                "fallback": "Nouvelles du Digital : actualités SEO, SEA, réseaux sociaux",
                "from_url": "https:\/\/nouvellesdudigital.com\/",
                "service_name": "nouvellesdudigital.com",
                "id": 1
            }
        ],
        "thread_ts": "1498229871.720615",
        "parent_user_id": "U5AV671TK",
        "ts": "1499415362.974755"
    },
    {
        "type": "message",
        "user": "U5B18JDFS",
        "text": "Si vous n’avez rien suivi à l’actu SEA ces 6 derniers mois, voici un récap détaillé : <https:\/\/nouvellesdudigital.com\/tendances-sea-mi-2017>",
        "ts": "1499415439.000453",
        "reactions": [
            {
                "name": "pray",
                "users": [
                    "U53T94L7N",
                    "U57BRFAR2"
                ],
                "count": 2
            }
        ]
    }
]