[
    {
        "type": "message",
        "user": "U61DTU467",
        "text": "Hello, après 3 années de pratique intensive, je me suis penché sur la question de savoir si il y avait un bon moment pour faire du GH. Voici ma réflexion sur les sujet :slightly_smiling_face: Feedbacks bienvenus ! <http:\/\/bit.ly\/2zBejBA>",
        "attachments": [
            {
                "service_name": "Blog de Sébastien Carret - Growth hacker",
                "title": "Growth hacking : c'est aussi une question de timing",
                "title_link": "http:\/\/bit.ly\/2zBejBA",
                "text": "Y a-t-il un bon moment pour faire du growth hacking ? Voici mon retour d’expérience après 3 années à retourner la discipline dans tous les sens.",
                "fallback": "Blog de Sébastien Carret - Growth hacker: Growth hacking : c'est aussi une question de timing",
                "thumb_url": "https:\/\/www.sebastiencarret.fr\/blog\/wp-content\/uploads\/2017\/11\/Banner_GH.jpg",
                "ts": 1511790386,
                "from_url": "http:\/\/bit.ly\/2zBejBA",
                "thumb_width": 960,
                "thumb_height": 427,
                "service_icon": "https:\/\/www.sebastiencarret.fr\/blog\/wp-content\/uploads\/2016\/09\/cropped-logo-SC-rond-512x512-180x180.png",
                "id": 1
            }
        ],
        "ts": "1512035306.000005"
    },
    {
        "user": "U872GDJE4",
        "text": "<@U872GDJE4> has joined the channel",
        "type": "message",
        "subtype": "channel_join",
        "ts": "1512049535.000312"
    },
    {
        "user": "U873ES8MN",
        "text": "<@U873ES8MN> has joined the channel",
        "type": "message",
        "subtype": "channel_join",
        "ts": "1512052743.000465"
    },
    {
        "user": "U87D597EC",
        "text": "<@U87D597EC> has joined the channel",
        "type": "message",
        "subtype": "channel_join",
        "ts": "1512086163.000520"
    }
]