[
    {
        "user": "U6C3ZJEC9",
        "text": "<@U6C3ZJEC9> has joined the channel",
        "type": "message",
        "subtype": "channel_join",
        "ts": "1500887551.183819"
    },
    {
        "user": "U6DPX8UF8",
        "text": "<@U6DPX8UF8> has joined the channel",
        "type": "message",
        "subtype": "channel_join",
        "ts": "1500917580.773861"
    },
    {
        "type": "message",
        "subtype": "file_share",
        "text": "<@U54QEA0A0> uploaded a file: <https:\/\/growthhackingfrance.slack.com\/files\/U54QEA0A0\/F6E0TRLET\/infographic-slack_hacks-by_socialwall.me.png|Infographic-Slack_Hacks-by_SocialWall.me.png> and commented: Hello, comme vous tous nous adorons utiliser Slack mais avons aussi été confrontés à la contre-productivité de la plateforme... Nous avons donc établi des règles d’usage qui nous ont permis de gagner du temps. Nous les partageons aujourd’hui avec vous ! Vos astuces sont les bienvenues :wink: \n\n<https:\/\/medium.com\/sociallwall-me\/best-practices-for-slack-6-hacks-to-save-you-time-bfd745631b18>",
        "file": {
            "id": "F6E0TRLET",
            "created": 1500918337,
            "timestamp": 1500918337,
            "name": "Infographic-Slack_Hacks-by_SocialWall.me.png",
            "title": "Infographic-Slack_Hacks-by_SocialWall.me.png",
            "mimetype": "image\/png",
            "filetype": "png",
            "pretty_type": "PNG",
            "user": "U54QEA0A0",
            "editable": false,
            "size": 628915,
            "mode": "hosted",
            "is_external": false,
            "external_type": "",
            "is_public": true,
            "public_url_shared": false,
            "display_as_bot": false,
            "username": "",
            "url_private": "https:\/\/files.slack.com\/files-pri\/T53A65FDZ-F6E0TRLET\/infographic-slack_hacks-by_socialwall.me.png?t=xoxe-173346185475-301971345667-302189523445-be5392310f98480a534c383e5d92ddc3",
            "url_private_download": "https:\/\/files.slack.com\/files-pri\/T53A65FDZ-F6E0TRLET\/download\/infographic-slack_hacks-by_socialwall.me.png?t=xoxe-173346185475-301971345667-302189523445-be5392310f98480a534c383e5d92ddc3",
            "thumb_64": "https:\/\/files.slack.com\/files-tmb\/T53A65FDZ-F6E0TRLET-989207606e\/infographic-slack_hacks-by_socialwall.me_64.png?t=xoxe-173346185475-301971345667-302189523445-be5392310f98480a534c383e5d92ddc3",
            "thumb_80": "https:\/\/files.slack.com\/files-tmb\/T53A65FDZ-F6E0TRLET-989207606e\/infographic-slack_hacks-by_socialwall.me_80.png?t=xoxe-173346185475-301971345667-302189523445-be5392310f98480a534c383e5d92ddc3",
            "thumb_360": "https:\/\/files.slack.com\/files-tmb\/T53A65FDZ-F6E0TRLET-989207606e\/infographic-slack_hacks-by_socialwall.me_360.png?t=xoxe-173346185475-301971345667-302189523445-be5392310f98480a534c383e5d92ddc3",
            "thumb_360_w": 197,
            "thumb_360_h": 360,
            "thumb_480": "https:\/\/files.slack.com\/files-tmb\/T53A65FDZ-F6E0TRLET-989207606e\/infographic-slack_hacks-by_socialwall.me_480.png?t=xoxe-173346185475-301971345667-302189523445-be5392310f98480a534c383e5d92ddc3",
            "thumb_480_w": 262,
            "thumb_480_h": 480,
            "thumb_160": "https:\/\/files.slack.com\/files-tmb\/T53A65FDZ-F6E0TRLET-989207606e\/infographic-slack_hacks-by_socialwall.me_160.png?t=xoxe-173346185475-301971345667-302189523445-be5392310f98480a534c383e5d92ddc3",
            "thumb_720": "https:\/\/files.slack.com\/files-tmb\/T53A65FDZ-F6E0TRLET-989207606e\/infographic-slack_hacks-by_socialwall.me_720.png?t=xoxe-173346185475-301971345667-302189523445-be5392310f98480a534c383e5d92ddc3",
            "thumb_720_w": 393,
            "thumb_720_h": 720,
            "thumb_800": "https:\/\/files.slack.com\/files-tmb\/T53A65FDZ-F6E0TRLET-989207606e\/infographic-slack_hacks-by_socialwall.me_800.png?t=xoxe-173346185475-301971345667-302189523445-be5392310f98480a534c383e5d92ddc3",
            "thumb_800_w": 800,
            "thumb_800_h": 1465,
            "thumb_960": "https:\/\/files.slack.com\/files-tmb\/T53A65FDZ-F6E0TRLET-989207606e\/infographic-slack_hacks-by_socialwall.me_960.png?t=xoxe-173346185475-301971345667-302189523445-be5392310f98480a534c383e5d92ddc3",
            "thumb_960_w": 524,
            "thumb_960_h": 960,
            "thumb_1024": "https:\/\/files.slack.com\/files-tmb\/T53A65FDZ-F6E0TRLET-989207606e\/infographic-slack_hacks-by_socialwall.me_1024.png?t=xoxe-173346185475-301971345667-302189523445-be5392310f98480a534c383e5d92ddc3",
            "thumb_1024_w": 559,
            "thumb_1024_h": 1024,
            "image_exif_rotation": 1,
            "original_w": 1276,
            "original_h": 2337,
            "permalink": "https:\/\/growthhackingfrance.slack.com\/files\/U54QEA0A0\/F6E0TRLET\/infographic-slack_hacks-by_socialwall.me.png",
            "permalink_public": "https:\/\/slack-files.com\/T53A65FDZ-F6E0TRLET-ea1b2fc4c9",
            "channels": [],
            "groups": [],
            "ims": [],
            "comments_count": 1,
            "initial_comment": {
                "id": "Fc6CBM0NCR",
                "created": 1500918337,
                "timestamp": 1500918337,
                "user": "U54QEA0A0",
                "is_intro": true,
                "comment": "Hello, comme vous tous nous adorons utiliser Slack mais avons aussi été confrontés à la contre-productivité de la plateforme... Nous avons donc établi des règles d’usage qui nous ont permis de gagner du temps. Nous les partageons aujourd’hui avec vous ! Vos astuces sont les bienvenues :wink: \n\n<https:\/\/medium.com\/sociallwall-me\/best-practices-for-slack-6-hacks-to-save-you-time-bfd745631b18>"
            },
            "reactions": [
                {
                    "name": "+1",
                    "users": [
                        "U57DAHPE1",
                        "U5CQPG96J"
                    ],
                    "count": 2
                }
            ]
        },
        "user": "U54QEA0A0",
        "upload": true,
        "display_as_bot": false,
        "username": "carene",
        "bot_id": null,
        "ts": "1500918341.194188"
    }
]