[
    {
        "user": "U7B9J6SUR",
        "text": "<@U7B9J6SUR> has joined the channel",
        "type": "message",
        "subtype": "channel_join",
        "ts": "1506937347.000357"
    },
    {
        "user": "U7CNN0V5L",
        "text": "<@U7CNN0V5L> has joined the channel",
        "type": "message",
        "subtype": "channel_join",
        "ts": "1506942776.000053"
    },
    {
        "user": "U7C4RLXT7",
        "text": "<@U7C4RLXT7> has joined the channel",
        "type": "message",
        "subtype": "channel_join",
        "ts": "1506957602.000465"
    },
    {
        "user": "U7CDYPTGV",
        "text": "<@U7CDYPTGV> has joined the channel",
        "type": "message",
        "subtype": "channel_join",
        "ts": "1506992106.000171"
    }
]