[
    {
        "user": "U8BL7N95G",
        "text": "<@U8BL7N95G> has joined the channel",
        "type": "message",
        "subtype": "channel_join",
        "ts": "1512721094.000305"
    },
    {
        "type": "message",
        "subtype": "file_share",
        "text": "<@U54NAL317> uploaded a file: <https:\/\/growthhackingfrance.slack.com\/files\/U54NAL317\/F8BK2DGCT\/image.png|growthackers.com>",
        "file": {
            "id": "F8BK2DGCT",
            "created": 1512726790,
            "timestamp": 1512726790,
            "name": "image.png",
            "title": "growthackers.com",
            "mimetype": "image\/png",
            "filetype": "png",
            "pretty_type": "PNG",
            "user": "U54NAL317",
            "editable": false,
            "size": 82703,
            "mode": "hosted",
            "is_external": false,
            "external_type": "",
            "is_public": true,
            "public_url_shared": false,
            "display_as_bot": false,
            "username": "",
            "url_private": "https:\/\/files.slack.com\/files-pri\/T53A65FDZ-F8BK2DGCT\/image.png?t=xoxe-173346185475-301971345667-302189523445-be5392310f98480a534c383e5d92ddc3",
            "url_private_download": "https:\/\/files.slack.com\/files-pri\/T53A65FDZ-F8BK2DGCT\/download\/image.png?t=xoxe-173346185475-301971345667-302189523445-be5392310f98480a534c383e5d92ddc3",
            "thumb_64": "https:\/\/files.slack.com\/files-tmb\/T53A65FDZ-F8BK2DGCT-a80772d55d\/image_64.png?t=xoxe-173346185475-301971345667-302189523445-be5392310f98480a534c383e5d92ddc3",
            "thumb_80": "https:\/\/files.slack.com\/files-tmb\/T53A65FDZ-F8BK2DGCT-a80772d55d\/image_80.png?t=xoxe-173346185475-301971345667-302189523445-be5392310f98480a534c383e5d92ddc3",
            "thumb_360": "https:\/\/files.slack.com\/files-tmb\/T53A65FDZ-F8BK2DGCT-a80772d55d\/image_360.png?t=xoxe-173346185475-301971345667-302189523445-be5392310f98480a534c383e5d92ddc3",
            "thumb_360_w": 360,
            "thumb_360_h": 200,
            "thumb_480": "https:\/\/files.slack.com\/files-tmb\/T53A65FDZ-F8BK2DGCT-a80772d55d\/image_480.png?t=xoxe-173346185475-301971345667-302189523445-be5392310f98480a534c383e5d92ddc3",
            "thumb_480_w": 480,
            "thumb_480_h": 266,
            "thumb_160": "https:\/\/files.slack.com\/files-tmb\/T53A65FDZ-F8BK2DGCT-a80772d55d\/image_160.png?t=xoxe-173346185475-301971345667-302189523445-be5392310f98480a534c383e5d92ddc3",
            "thumb_720": "https:\/\/files.slack.com\/files-tmb\/T53A65FDZ-F8BK2DGCT-a80772d55d\/image_720.png?t=xoxe-173346185475-301971345667-302189523445-be5392310f98480a534c383e5d92ddc3",
            "thumb_720_w": 720,
            "thumb_720_h": 400,
            "thumb_800": "https:\/\/files.slack.com\/files-tmb\/T53A65FDZ-F8BK2DGCT-a80772d55d\/image_800.png?t=xoxe-173346185475-301971345667-302189523445-be5392310f98480a534c383e5d92ddc3",
            "thumb_800_w": 800,
            "thumb_800_h": 444,
            "image_exif_rotation": 1,
            "original_w": 809,
            "original_h": 449,
            "permalink": "https:\/\/growthhackingfrance.slack.com\/files\/U54NAL317\/F8BK2DGCT\/image.png",
            "permalink_public": "https:\/\/slack-files.com\/T53A65FDZ-F8BK2DGCT-357985cb49",
            "channels": [],
            "groups": [],
            "ims": [],
            "comments_count": 0,
            "reactions": [
                {
                    "name": "v",
                    "users": [
                        "U5SRSJC5B"
                    ],
                    "count": 1
                }
            ]
        },
        "user": "U54NAL317",
        "upload": true,
        "display_as_bot": false,
        "username": "melanie_almeida",
        "bot_id": null,
        "ts": "1512726792.000027"
    },
    {
        "type": "message",
        "user": "U54NAL317",
        "text": ":sweat_smile:",
        "ts": "1512726814.000167"
    },
    {
        "type": "message",
        "user": "U54NAL317",
        "text": "c'était pas Dave McClure ?",
        "ts": "1512727012.000337"
    },
    {
        "type": "message",
        "user": "U57DAHPE1",
        "text": "Woop putain j’ai lu Awareness.",
        "ts": "1512727101.000211",
        "reactions": [
            {
                "name": "gun",
                "users": [
                    "U62V7G8J1"
                ],
                "count": 1
            }
        ]
    },
    {
        "type": "message",
        "user": "U5SRSJC5B",
        "text": "Si normalement c'est mcclure",
        "ts": "1512727112.000146"
    },
    {
        "type": "message",
        "user": "U54NAL317",
        "text": "assume ton message <@U57DAHPE1>",
        "ts": "1512727128.000313"
    },
    {
        "type": "message",
        "user": "U54NAL317",
        "text": "XD",
        "ts": "1512727129.000298"
    },
    {
        "type": "message",
        "user": "U57DAHPE1",
        "text": "De quoi vous parlez ? :joy:",
        "ts": "1512727130.000154"
    },
    {
        "type": "message",
        "user": "U54NAL317",
        "text": "haha",
        "ts": "1512727134.000038"
    },
    {
        "type": "message",
        "user": "U5SRSJC5B",
        "text": "haha cet escroc :joy:",
        "ts": "1512727155.000146"
    },
    {
        "type": "message",
        "user": "U57DAHPE1",
        "text": "Je vois trop de gens qui parlent de Awareness, c’est de l’ordre du réflexe",
        "ts": "1512727187.000316"
    },
    {
        "type": "message",
        "user": "U5SRSJC5B",
        "text": "c'est quoi le truc de growthtribe concernant l'awarennes ?",
        "ts": "1512727557.000412"
    },
    {
        "type": "message",
        "user": "U57DAHPE1",
        "text": "En gros Awareness c’est avant la conversion, c’est ta marque. Comment les utilisateurs te connaissent et voient ta marque et s’en souviennent",
        "ts": "1512728076.000396"
    },
    {
        "type": "message",
        "user": "U57DAHPE1",
        "text": "Tu prends les impressions en compte par ex.",
        "ts": "1512728085.000249"
    },
    {
        "type": "message",
        "user": "U57DAHPE1",
        "text": "Enorme bullshit !",
        "ts": "1512728091.000146",
        "reactions": [
            {
                "name": "ok_hand",
                "users": [
                    "U62V7G8J1"
                ],
                "count": 1
            }
        ]
    },
    {
        "type": "message",
        "user": "U57DAHPE1",
        "text": "Sauf si tu as assez d’argent pour saturer totalement une cible publicitaire et que tu es dans un marché plutôt stable.",
        "ts": "1512728125.000215"
    },
    {
        "type": "message",
        "user": "U57DAHPE1",
        "text": "Mais là t’es LVMH et tu veux savoir combien de gens connaissent ta marque ce qui provoquera un achat + tard. Pas une startup",
        "ts": "1512728176.000098"
    },
    {
        "type": "message",
        "user": "U5SRSJC5B",
        "text": "ouai faire de la noto. Qu'est-ce que growth tribe raconte là-dessus ? Je me souviens pas du message axé sur l'awarennes.",
        "ts": "1512728209.000259"
    },
    {
        "type": "message",
        "user": "U5SRSJC5B",
        "text": "un bon exemple d'awareness pour un \"petit\" acteur. <https:\/\/www.youtube.com\/watch?v=2to-pbjSk-E>",
        "attachments": [
            {
                "service_name": "YouTube",
                "service_url": "https:\/\/www.youtube.com\/",
                "title": "Chris Record - Click Funnels Rap ft. Sunny D (Official Music Video)",
                "title_link": "https:\/\/www.youtube.com\/watch?v=2to-pbjSk-E",
                "author_name": "Chris Record Vlogs",
                "author_link": "https:\/\/www.youtube.com\/channel\/UCziOCmhROELF7GEZ_fShAVA",
                "thumb_url": "https:\/\/i.ytimg.com\/vi\/2to-pbjSk-E\/hqdefault.jpg",
                "thumb_width": 480,
                "thumb_height": 360,
                "fallback": "YouTube Video: Chris Record - Click Funnels Rap ft. Sunny D (Official Music Video)",
                "video_html": "<iframe width=\"400\" height=\"225\" src=\"https:\/\/www.youtube.com\/embed\/2to-pbjSk-E?feature=oembed&autoplay=1&iv_load_policy=3\" frameborder=\"0\" gesture=\"media\" allow=\"encrypted-media\" allowfullscreen><\/iframe>",
                "video_html_width": 400,
                "video_html_height": 225,
                "from_url": "https:\/\/www.youtube.com\/watch?v=2to-pbjSk-E",
                "service_icon": "https:\/\/a.slack-edge.com\/2089\/img\/unfurl_icons\/youtube.png",
                "id": 1
            }
        ],
        "ts": "1512728286.000172"
    },
    {
        "type": "message",
        "user": "U57DAHPE1",
        "text": "<http:\/\/blog.growthtribe.io\/pirate-funnel-creative-marketing\/> <@U5SRSJC5B>",
        "attachments": [
            {
                "service_name": "Growth Tribe",
                "title": "Set The Pirate Funnel On Fire With Creative Marketing - Growth Tribe",
                "title_link": "http:\/\/blog.growthtribe.io\/pirate-funnel-creative-marketing\/",
                "text": "In this thought-piece, I’ll show you how you can infuse your existing Pirate Funnel with essences of creativity which will lead to more",
                "fallback": "Growth Tribe: Set The Pirate Funnel On Fire With Creative Marketing - Growth Tribe",
                "thumb_url": "http:\/\/blog.growthtribe.io\/wp-content\/uploads\/2017\/07\/Ogilvy-20.png",
                "ts": 1499346365,
                "from_url": "http:\/\/blog.growthtribe.io\/pirate-funnel-creative-marketing\/",
                "thumb_width": 600,
                "thumb_height": 400,
                "service_icon": "http:\/\/blog.growthtribe.io\/wp-content\/uploads\/2016\/01\/growth-tribe-icon.jpg",
                "id": 1
            }
        ],
        "ts": "1512728308.000130"
    },
    {
        "type": "message",
        "user": "U54PV0R4L",
        "text": "Awareness, c'est pas con mais c'est difficile à evaluer surtout au niveau startup. SI vous avez des ressources de qualité, je prend",
        "ts": "1512728336.000259"
    },
    {
        "type": "message",
        "user": "U5C86111D",
        "text": "Demandez à vos customers et puis voilà.. parler au gens ça marche encore bien comme canal :smile:",
        "ts": "1512728562.000048",
        "reactions": [
            {
                "name": "wink",
                "users": [
                    "U56R541TJ"
                ],
                "count": 1
            }
        ]
    },
    {
        "type": "message",
        "user": "U54PV0R4L",
        "text": "C'est le meilleur et le pire conseil ! Si on interroge  mal les gens, on a des réponses pourries :slightly_smiling_face:",
        "ts": "1512728595.000219"
    },
    {
        "type": "message",
        "user": "U54PV0R4L",
        "text": "Cela dit, si on interroge pas, on a pas de réponses.",
        "ts": "1512728620.000075"
    },
    {
        "type": "message",
        "user": "U62V7G8J1",
        "text": "<https:\/\/www.usersknow.com\/blog\/2010\/03\/why-your-customer-feedback-is-useless.html>",
        "attachments": [
            {
                "service_name": "Users Know",
                "title": "Why Your Customer Feedback is Useless",
                "title_link": "https:\/\/www.usersknow.com\/blog\/2010\/03\/why-your-customer-feedback-is-useless.html",
                "text": "Here’s the scenario: You have a minimum viable product. You’re talking to your users about it. You’re asking them questions, and they’re answering. But for some reason, it’s just not turning into usable information. You wonder what’s going on. You imagine that perhapsyour users suck at giving good f",
                "fallback": "Users Know: Why Your Customer Feedback is Useless",
                "from_url": "https:\/\/www.usersknow.com\/blog\/2010\/03\/why-your-customer-feedback-is-useless.html",
                "service_icon": "https:\/\/www.usersknow.com\/favicon.ico",
                "id": 1
            }
        ],
        "ts": "1512728822.000087"
    },
    {
        "type": "message",
        "user": "U5C86111D",
        "text": "Je suis pas d’accord. Ca sert forcément. A vous d’être objectif et de remettre dans un contexte.",
        "ts": "1512729496.000042",
        "reactions": [
            {
                "name": "+1",
                "users": [
                    "U5519FU87",
                    "U56R541TJ",
                    "U7M69QQV7"
                ],
                "count": 3
            }
        ]
    },
    {
        "type": "message",
        "user": "U5C86111D",
        "text": "Après tu peux faire du Mention",
        "ts": "1512729507.000088"
    },
    {
        "type": "message",
        "user": "U62V7G8J1",
        "text": "T'as lu l'article ?",
        "ts": "1512730077.000054"
    },
    {
        "type": "message",
        "user": "U62V7G8J1",
        "text": "En gros elle dit que c'est useless car l'interviewer est souvent biaisé \/ incompétent, et que l'interviewee ne sait pas ce qu'il veut ou du moins ne sait s'exprimer comme nous nous le comprendrions",
        "edited": {
            "user": "U62V7G8J1",
            "ts": "1512730130.000000"
        },
        "thread_ts": "1512730112.000399",
        "reply_count": 4,
        "replies": [
            {
                "user": "U5C86111D",
                "ts": "1512731060.000174"
            },
            {
                "user": "U62V7G8J1",
                "ts": "1512731220.000154"
            },
            {
                "user": "U5C86111D",
                "ts": "1512731238.000323"
            },
            {
                "user": "U62V7G8J1",
                "ts": "1512731248.000082"
            }
        ],
        "unread_count": 4,
        "ts": "1512730112.000399"
    },
    {
        "type": "message",
        "user": "U5C86111D",
        "text": "à la personne d’être compétent alors",
        "thread_ts": "1512730112.000399",
        "parent_user_id": "U62V7G8J1",
        "ts": "1512731060.000174"
    },
    {
        "type": "message",
        "user": "U62V7G8J1",
        "text": "Bien sûr. Mais dans le sens où la plupart des customer feedbacks ne sont pas bien conduits, pas bien interprétés",
        "thread_ts": "1512730112.000399",
        "parent_user_id": "U62V7G8J1",
        "ts": "1512731220.000154"
    },
    {
        "type": "message",
        "user": "U5C86111D",
        "text": "ca coutera toujours pas grand chose",
        "thread_ts": "1512730112.000399",
        "parent_user_id": "U62V7G8J1",
        "ts": "1512731238.000323"
    },
    {
        "type": "message",
        "user": "U62V7G8J1",
        "text": "sure :slightly_smiling_face:",
        "thread_ts": "1512730112.000399",
        "parent_user_id": "U62V7G8J1",
        "ts": "1512731248.000082"
    },
    {
        "type": "message",
        "user": "U5SRSJC5B",
        "text": "La nana a totalement raison, interviewer c'est pas ultra simple pour avoir des réponses non biaisées. Si vous voulez aller plus loin là-dessus la méthode JTBD est pas mal pour vraiment comprendre le pourquoi derrière un achat.",
        "ts": "1512731420.000341"
    },
    {
        "type": "message",
        "user": "U55AEG97A",
        "text": "Je fais des interview user en ce moment pour une app de mutuelle dans l’éducation et c’est vachement pas évident de parler à des cibles non-tech, tu finis toujours par avoir des feedback pourris et hyper large “on veut que ce soit simple”  “on veut pas que ce soit compliqué”",
        "ts": "1512738615.000168"
    },
    {
        "type": "message",
        "user": "U62V7G8J1",
        "text": "Le sujet des mutuelles, je comprends jamais rien...",
        "ts": "1512738647.000182"
    },
    {
        "type": "message",
        "user": "U62V7G8J1",
        "text": "Enfin maintenant si, mais avant...",
        "thread_ts": "1512738659.000079",
        "reply_count": 1,
        "replies": [
            {
                "user": "U56R541TJ",
                "ts": "1515169949.000329"
            }
        ],
        "unread_count": 1,
        "ts": "1512738659.000079"
    },
    {
        "type": "message",
        "user": "U62V7G8J1",
        "text": "Lourd topic <@U55AEG97A>, bonne chance !",
        "ts": "1512738673.000053",
        "reactions": [
            {
                "name": "+1",
                "users": [
                    "U55AEG97A"
                ],
                "count": 1
            }
        ]
    },
    {
        "type": "message",
        "user": "U55AEG97A",
        "text": "Sur une cible de profs pas du tout orienté web, comme dit <@U54PV0R4L> si on interroge mal on a des réponses pourries",
        "ts": "1512738796.000080"
    },
    {
        "type": "message",
        "user": "U55AEG97A",
        "text": "J’ai du m’y reprendre 2\/3 fois perso avant d’avoir des bons feedbacks",
        "ts": "1512738816.000057"
    },
    {
        "type": "message",
        "user": "U62V7G8J1",
        "text": "Déjà t'as su indentifié des bons et des mauvais feedbacks, pas une chose aisée",
        "ts": "1512739568.000220"
    },
    {
        "type": "message",
        "user": "U7M69QQV7",
        "text": "Clairement pas simple les interview utilisateurs. Pour ma part je préfère travailler avec un UX designer pour ce genre de choses. Sinon une ressource qui m'a bien aidé avant : <https:\/\/www.slideshare.net\/robfitz\/mom-test-customer-development-30m>",
        "attachments": [
            {
                "title": "Mom Test - Customer Development - 30m",
                "title_link": "https:\/\/www.slideshare.net\/robfitz\/mom-test-customer-development-30m",
                "text": "For more on the practicalities of customer development and asking good questions, check out the full book at <http:\/\/momtestbook.com>",
                "fallback": "Mom Test - Customer Development - 30m",
                "thumb_url": "https:\/\/cdn.slidesharecdn.com\/ss_thumbnails\/custdev30m-podim-140528070855-phpapp01-thumbnail-4.jpg?cb=1401279317",
                "from_url": "https:\/\/www.slideshare.net\/robfitz\/mom-test-customer-development-30m",
                "thumb_width": 768,
                "thumb_height": 576,
                "service_icon": "https:\/\/public.slidesharecdn.com\/favicon.ico?d8e2a4ed15",
                "service_name": "slideshare.net",
                "id": 1
            }
        ],
        "ts": "1512739660.000397"
    },
    {
        "user": "U8BPQJNUA",
        "text": "<@U8BPQJNUA> has joined the channel",
        "type": "message",
        "subtype": "channel_join",
        "ts": "1512740077.000305"
    },
    {
        "user": "U8BT59TCL",
        "text": "<@U8BT59TCL> has joined the channel",
        "type": "message",
        "subtype": "channel_join",
        "ts": "1512747313.000471"
    },
    {
        "user": "U8CU5JQ31",
        "text": "<@U8CU5JQ31> has joined the channel",
        "type": "message",
        "subtype": "channel_join",
        "ts": "1512747702.000527"
    },
    {
        "user": "U8B8R0V24",
        "text": "<@U8B8R0V24> has joined the channel",
        "type": "message",
        "subtype": "channel_join",
        "ts": "1512754080.000410"
    }
]