[
    {
        "type": "message",
        "user": "U5PSVHNFJ",
        "text": "<https:\/\/youtu.be\/ABXNw8v3Ofo>",
        "attachments": [
            {
                "service_name": "YouTube",
                "service_url": "https:\/\/www.youtube.com\/",
                "title": "INSTAGRAM BOTS : Comment utiliser des bots sans se faire bannir ? - 365IG #8",
                "title_link": "https:\/\/youtu.be\/ABXNw8v3Ofo",
                "author_name": "Arthur Backouche",
                "author_link": "https:\/\/www.youtube.com\/channel\/UCHPcmgOhmdf0O691uWJImAA",
                "thumb_url": "https:\/\/i.ytimg.com\/vi\/ABXNw8v3Ofo\/hqdefault.jpg",
                "thumb_width": 480,
                "thumb_height": 360,
                "fallback": "YouTube Video: INSTAGRAM BOTS : Comment utiliser des bots sans se faire bannir ? - 365IG #8",
                "video_html": "<iframe width=\"400\" height=\"225\" src=\"https:\/\/www.youtube.com\/embed\/ABXNw8v3Ofo?feature=oembed&autoplay=1&iv_load_policy=3\" frameborder=\"0\" gesture=\"media\" allow=\"encrypted-media\" allowfullscreen><\/iframe>",
                "video_html_width": 400,
                "video_html_height": 225,
                "from_url": "https:\/\/youtu.be\/ABXNw8v3Ofo",
                "service_icon": "https:\/\/a.slack-edge.com\/2089\/img\/unfurl_icons\/youtube.png",
                "id": 1
            }
        ],
        "ts": "1512556000.000392"
    },
    {
        "type": "message",
        "user": "U62V7G8J1",
        "text": "350 like par heure? Tu l'as testé <@U5PSVHNFJ>",
        "ts": "1512557636.000076"
    },
    {
        "type": "message",
        "user": "U5PSVHNFJ",
        "text": "Cette information provient d'un article qui à l'air assez fiable.",
        "attachments": [
            {
                "fallback": "[December 6th, 2017 11:53 AM] quentinh: 350 like par heure? Tu l'as testé <@U5PSVHNFJ>",
                "ts": "1512557636.000076",
                "author_id": "U62V7G8J1",
                "author_subname": "Quentin Hervé",
                "channel_id": "C53NKNCGK",
                "channel_name": "blog-posts",
                "is_msg_unfurl": true,
                "text": "350 like par heure? Tu l'as testé <@U5PSVHNFJ>",
                "author_name": "Quentin Hervé",
                "author_link": "https:\/\/growthhackingfrance.slack.com\/team\/U62V7G8J1",
                "author_icon": "https:\/\/avatars.slack-edge.com\/2017-11-14\/272014749524_95f0682ade3c406d3e86_48.jpg",
                "mrkdwn_in": [
                    "text"
                ],
                "color": "D0D0D0",
                "from_url": "https:\/\/growthhackingfrance.slack.com\/archives\/C53NKNCGK\/p1512557636000076",
                "is_share": true,
                "footer": "Posted in #blog-posts"
            }
        ],
        "ts": "1512557697.000086",
        "reactions": [
            {
                "name": "sweat_smile",
                "users": [
                    "U612RQTSR"
                ],
                "count": 1
            }
        ]
    },
    {
        "type": "message",
        "user": "U62V7G8J1",
        "text": "Je peux te dire que tu vas surtout prendre un ban :smile:",
        "ts": "1512557710.000019"
    },
    {
        "type": "message",
        "user": "U62V7G8J1",
        "text": "éventuelement un shadow ban",
        "ts": "1512557720.000075"
    },
    {
        "type": "message",
        "user": "U62V7G8J1",
        "text": "en gros ça te comptera l'interaction",
        "ts": "1512557724.000177"
    },
    {
        "type": "message",
        "user": "U62V7G8J1",
        "text": "mais derrière le compte liké, n'aura jamais reçu ton like",
        "ts": "1512557730.000302"
    },
    {
        "type": "message",
        "user": "U62V7G8J1",
        "text": "Follow \/ Unfollow, c'est pas plus de 60 par heures",
        "ts": "1512557744.000374",
        "reactions": [
            {
                "name": "+1",
                "users": [
                    "U57DAHPE1"
                ],
                "count": 1
            }
        ]
    },
    {
        "type": "message",
        "user": "U62V7G8J1",
        "text": "donc après tu pondères comme tu veux",
        "ts": "1512557748.000309"
    },
    {
        "type": "message",
        "user": "U5PSVHNFJ",
        "text": "Perso avec les bots que j'utilise je suis à 750 par jour",
        "ts": "1512557786.000042"
    },
    {
        "type": "message",
        "user": "U5PSVHNFJ",
        "text": "avec des périodes de sleep",
        "ts": "1512557796.000368"
    },
    {
        "type": "message",
        "user": "U62V7G8J1",
        "text": "Je parlais par heure :slightly_smiling_face:",
        "ts": "1512557799.000222"
    },
    {
        "type": "message",
        "user": "U5PSVHNFJ",
        "text": "Yes je sais",
        "ts": "1512557804.000353"
    },
    {
        "type": "message",
        "user": "U546L44SJ",
        "text": "<@U5PSVHNFJ> merci de ne pas inonder le slack de tes videos. Tu peux pointer une fois dessus on a compris le truc je pense",
        "ts": "1512557835.000294",
        "reactions": [
            {
                "name": "+1",
                "users": [
                    "U612RQTSR"
                ],
                "count": 1
            }
        ]
    },
    {
        "type": "message",
        "user": "U5PSVHNFJ",
        "text": "Follow\/unfollow dans la vidéo je recommandes 20 par heures d'après les articles que j'ai lu",
        "ts": "1512557837.000104"
    },
    {
        "type": "message",
        "user": "U62V7G8J1",
        "text": "C'est un peu plus compliqué en fait l'algo d'IG",
        "ts": "1512557849.000218"
    },
    {
        "type": "message",
        "user": "U5PSVHNFJ",
        "text": "Ah oui ?",
        "ts": "1512557865.000048"
    },
    {
        "type": "message",
        "user": "U62V7G8J1",
        "text": "ouais, c'est la merde ...",
        "ts": "1512557875.000128"
    },
    {
        "type": "message",
        "user": "U62V7G8J1",
        "text": "Car t'as les shadow bans",
        "ts": "1512557880.000239"
    },
    {
        "type": "message",
        "user": "U5PSVHNFJ",
        "text": "Oui j'ai déjà fais fasse à cela ...",
        "ts": "1512557897.000084"
    },
    {
        "type": "message",
        "user": "U62V7G8J1",
        "text": "Les réductions de reach, les pénalités, les features block, les features ban, etc.",
        "ts": "1512557901.000103"
    },
    {
        "type": "message",
        "user": "U62V7G8J1",
        "text": "Après faut \"réanimer\" ton compte, faire lever les ban, rentre le tout aléatoire",
        "ts": "1512557922.000054"
    },
    {
        "type": "message",
        "user": "U62V7G8J1",
        "text": "Sans oublier les lieux de connexion, l'utilisation des proxies, les interactions, la vérification de téléphone",
        "ts": "1512557957.000080"
    },
    {
        "type": "message",
        "user": "U5PSVHNFJ",
        "text": "Dommage ce sont des sujets dont j'aimerais que l'on parle plus",
        "attachments": [
            {
                "fallback": "[December 6th, 2017 11:57 AM] benjamin_gabay: <@U5PSVHNFJ> merci de ne pas inonder le slack de tes videos. Tu peux pointer une fois dessus on a compris le truc je pense",
                "ts": "1512557835.000294",
                "author_id": "U546L44SJ",
                "author_subname": "Benjamin Gabay",
                "channel_id": "C53NKNCGK",
                "channel_name": "blog-posts",
                "is_msg_unfurl": true,
                "text": "<@U5PSVHNFJ> merci de ne pas inonder le slack de tes videos. Tu peux pointer une fois dessus on a compris le truc je pense",
                "author_name": "Benjamin Gabay",
                "author_link": "https:\/\/growthhackingfrance.slack.com\/team\/U546L44SJ",
                "author_icon": "https:\/\/avatars.slack-edge.com\/2017-04-26\/175490230567_fcf195e3668d15a43bab_48.jpg",
                "mrkdwn_in": [
                    "text"
                ],
                "color": "D0D0D0",
                "from_url": "https:\/\/growthhackingfrance.slack.com\/archives\/C53NKNCGK\/p1512557835000294",
                "is_share": true,
                "footer": "Posted in #blog-posts"
            }
        ],
        "thread_ts": "1512557995.000061",
        "reply_count": 1,
        "replies": [
            {
                "user": "U546L44SJ",
                "ts": "1512558072.000302"
            }
        ],
        "unread_count": 1,
        "ts": "1512557995.000061"
    },
    {
        "type": "message",
        "user": "U57DAHPE1",
        "text": "Moi j’ai plus à gérer ces problématiques ‘D.ieu merci’ , mais j’utilisais Massplanner et ça faisait le boulot assez bien, malgré des bans relatifs au début",
        "ts": "1512558021.000072"
    },
    {
        "type": "message",
        "user": "U62V7G8J1",
        "text": "Moi je trouve ça fun :smile:",
        "ts": "1512558048.000417"
    },
    {
        "type": "message",
        "user": "U546L44SJ",
        "text": "MP",
        "thread_ts": "1512557995.000061",
        "parent_user_id": "U5PSVHNFJ",
        "ts": "1512558072.000302"
    },
    {
        "type": "message",
        "user": "U5PSVHNFJ",
        "text": "Le problème c'est que je n'ai pas trouvé un site que recense exactement ces informations là sur le ban, et le shadow ban <@U62V7G8J1>",
        "ts": "1512558101.000288"
    },
    {
        "type": "message",
        "user": "U62V7G8J1",
        "text": "Il n'y en a pas. T'imagines sinon? C'est comme si Google donnait les limites du black hat",
        "ts": "1512558121.000245"
    },
    {
        "type": "message",
        "user": "U62V7G8J1",
        "text": "\"Bon les gars, jusqu'à 33% de hard anchor text vous pouvez y aller. Idéalement évitez d'avoir moins de 70% de liens no follow\"",
        "ts": "1512558152.000160"
    },
    {
        "type": "message",
        "user": "U5PSVHNFJ",
        "text": "Oui c'est vrai, quora est une bonne source d'information",
        "ts": "1512558169.000250"
    },
    {
        "type": "message",
        "user": "U62V7G8J1",
        "text": "Quora parle beaucoup",
        "ts": "1512558178.000195"
    },
    {
        "type": "message",
        "user": "U62V7G8J1",
        "text": "A la fin faut que ton fake account soit humain",
        "ts": "1512558207.000326"
    },
    {
        "type": "message",
        "user": "U62V7G8J1",
        "text": "tu pars de ça, tu testes, quand t'es ban tu sais :smile:",
        "ts": "1512558222.000025"
    },
    {
        "type": "message",
        "user": "U62V7G8J1",
        "text": "Au mieux tu échanges avec des personnes qui ont de l'expérience",
        "ts": "1512558229.000269"
    },
    {
        "type": "message",
        "user": "U62V7G8J1",
        "text": "Tu rentres dans des communautés où plus les forums sont dégueux, + tu sais que t'es au bon endroit :smile:",
        "ts": "1512558253.000095",
        "reactions": [
            {
                "name": "joy",
                "users": [
                    "U580PR7C2",
                    "U75BDQFK3"
                ],
                "count": 2
            }
        ]
    },
    {
        "type": "message",
        "user": "U5PSVHNFJ",
        "text": "Yes haha",
        "ts": "1512558343.000196"
    },
    {
        "type": "message",
        "user": "U5PSVHNFJ",
        "text": "Perf merci pour c'est informations ! :slightly_smiling_face:",
        "ts": "1512558452.000206"
    },
    {
        "type": "message",
        "user": "U62V7G8J1",
        "text": "MP :smile:",
        "ts": "1512558475.000155"
    },
    {
        "type": "message",
        "user": "U5SRSJC5B",
        "text": "<@U62V7G8J1> quel est le niveau de dégueulassité de ce slack ? :hankey::thinking_face:",
        "ts": "1512558680.000097"
    },
    {
        "type": "message",
        "user": "U62V7G8J1",
        "text": "Pur et clair comme de l'eau de roche",
        "ts": "1512558719.000050"
    },
    {
        "type": "message",
        "user": "U5SRSJC5B",
        "text": "je veux bien que tu m'amènes du coté sale alors :v:",
        "ts": "1512558889.000395"
    },
    {
        "type": "message",
        "user": "U62V7G8J1",
        "text": "Je pense qu'on en fera un sujet de talk. <@U546L44SJ> des ptites rencontres sur des sujets précis ?",
        "ts": "1512559054.000125"
    },
    {
        "type": "message",
        "user": "U546L44SJ",
        "text": "Why not on en parle ce soir ? <@U62V7G8J1> ",
        "ts": "1512561069.000011"
    },
    {
        "type": "message",
        "user": "U62V7G8J1",
        "text": "yes",
        "ts": "1512561502.000052"
    },
    {
        "type": "message",
        "user": "U7G04SPAL",
        "text": "<@U62V7G8J1> ahah va falloir ressortir les vieux comptes sur ces bons vieux PHPbb",
        "ts": "1512564742.000314"
    },
    {
        "user": "U8BH0HP70",
        "text": "<@U8BH0HP70> has joined the channel",
        "type": "message",
        "subtype": "channel_join",
        "ts": "1512583491.000437"
    }
]