[
    {
        "type": "message",
        "user": "U54NAL317",
        "text": "Hello à tous, j'ai un petit débat à proposer en ce dimanche très calme\nBlog perso VS Medium\nDe nombreux experts que je suis, publient maintenant les mêmes articles de leur blog sur Medium  (avant c'était sur linkedin). Du coup je les lis maintenant sur Medium et moins sur leur propre site.\nJe me suis désinscrites de newsletters telles que celles de Neil Patel, Andrew Chen et autres afin d'alléger ma boite mail et de lire leurs articles sur mon flux feedly ou Medium. Des sites comme <http:\/\/growthhackers.com|growthhackers.com> ont créé des éditions sur Medium pour publier leurs articles alors que leur site est déjà super populaire.\nDu coup j'ai plusieurs questions : peut-on encore attirer des visiteurs sur un blog perso ? ou faut-il privilégier Medium ? \nEst-ce que les lecteurs s'inscrivent encore aux newsletters de ces experts alors qu'ils peuvent suivre depuis leur application Medium ?\nPar exemple, <@U555MT77A> j'ai remarqué que ta newsletter redirige vers ton compte Medium, pourquoi pas ton propre site ?\nA tous les membres de ce slack, est-ce que vous avez un site perso ? un medium ou les deux ? Est ce que vos efforts pour attirer des visiteurs se sont dirigés de votre blog vers votre Medium ? ou au contraire vous continuez à privilégier votre blog ?\nJe me doute qu'en Content il ne faut pas mettre tout ses oeufs dans le même panier, surtout si l'on publie exclusivement sur Medium et qu'un jour Medium disparaisse. Du coup, comment manager ses efforts entre toutes ces plateformes ?\nQu'en pensez-vous ?\nPs : Si vous avez des comptes Medium\/twitter ou blog perso n'hésitez pas à les partager. Ce serait intéressant de se suivre entre membres de la même communauté. :slightly_smiling_face:",
        "edited": {
            "user": "U54NAL317",
            "ts": "1497187896.000000"
        },
        "thread_ts": "1497187839.344114",
        "reply_count": 28,
        "replies": [
            {
                "user": "U56A4ULMV",
                "ts": "1497188761.386054"
            },
            {
                "user": "U56A4ULMV",
                "ts": "1497188776.386723"
            },
            {
                "user": "U5C86111D",
                "ts": "1497210277.529172"
            },
            {
                "user": "U5C86111D",
                "ts": "1497210301.530448"
            },
            {
                "user": "U5C86111D",
                "ts": "1497210315.531369"
            },
            {
                "user": "U54NAL317",
                "ts": "1497260059.351613"
            },
            {
                "user": "U53GAFF8R",
                "ts": "1497260677.489922"
            },
            {
                "user": "U5C86111D",
                "ts": "1497261210.610224"
            },
            {
                "user": "U54NAL317",
                "ts": "1497261299.629785"
            },
            {
                "user": "U53GAFF8R",
                "ts": "1497261345.640152"
            },
            {
                "user": "U5C86111D",
                "ts": "1497261371.645749"
            },
            {
                "user": "U54NAL317",
                "ts": "1497261527.680053"
            },
            {
                "user": "U5C86111D",
                "ts": "1497261582.692194"
            },
            {
                "user": "U54NAL317",
                "ts": "1497261691.717887"
            },
            {
                "user": "U5SRSJC5B",
                "ts": "1497342524.527621"
            },
            {
                "user": "U54NAL317",
                "ts": "1497343073.658123"
            },
            {
                "user": "U555MT77A",
                "ts": "1497345256.193899"
            },
            {
                "user": "U555MT77A",
                "ts": "1497345268.196945"
            },
            {
                "user": "U555MT77A",
                "ts": "1497345282.200001"
            },
            {
                "user": "U555MT77A",
                "ts": "1497345307.206174"
            },
            {
                "user": "U53GAFF8R",
                "ts": "1497345369.220721"
            },
            {
                "user": "U555MT77A",
                "ts": "1497345398.227381"
            },
            {
                "user": "U53T94L7N",
                "ts": "1497345538.260593"
            },
            {
                "user": "U555MT77A",
                "ts": "1497345810.326501"
            },
            {
                "user": "U54NAL317",
                "ts": "1497347973.840469"
            },
            {
                "user": "U5C86111D",
                "ts": "1497348258.908852"
            },
            {
                "user": "U5SRSJC5B",
                "ts": "1497349039.076167"
            },
            {
                "user": "U54NAL317",
                "ts": "1497349366.142393"
            }
        ],
        "unread_count": 28,
        "ts": "1497187839.344114"
    },
    {
        "user": "U5SP6US4X",
        "text": "<@U5SP6US4X> has joined the channel",
        "type": "message",
        "subtype": "channel_join",
        "ts": "1497188496.374177"
    },
    {
        "type": "message",
        "user": "U56A4ULMV",
        "text": "melanie_almeida: Hello, je pense que tout dépend de ton but et de ta communauté. Si ton but principal est d’être lue, alors Medium est top, peu importe si les gens te suivent via ta NL ou ton compte medium, l’important c’est qu’ils te lisent. Après si tu veux enclencher des actions sur ta communauté de lecteurs (liste marketing, pixel fb...) tu ne peux pas. Et si tu écris pour une boîte ou autre chose, les liens sont en no-follow depuis medium donc pas très intéressant pour le SEO. Mon twitter : <https:\/\/twitter.com\/artbouhanna>",
        "attachments": [
            {
                "title": "Arthur.B (@artbouhanna) | Twitter",
                "title_link": "https:\/\/twitter.com\/artbouhanna",
                "text": "The latest Tweets from Arthur.B (@artbouhanna). Student @hetic. Lead Generation Specialist @LemonWay #FinTech. Paris",
                "fallback": "Arthur.B (@artbouhanna) | Twitter",
                "from_url": "https:\/\/twitter.com\/artbouhanna",
                "service_icon": "https:\/\/abs.twimg.com\/icons\/apple-touch-icon-192x192.png",
                "service_name": "twitter.com",
                "id": 1
            }
        ],
        "thread_ts": "1497187839.344114",
        "parent_user_id": "U54NAL317",
        "ts": "1497188761.386054",
        "reactions": [
            {
                "name": "+1",
                "users": [
                    "U53T94L7N",
                    "U54NAL317"
                ],
                "count": 2
            }
        ]
    },
    {
        "type": "message",
        "user": "U56A4ULMV",
        "text": "<@U59CH84J3> t’en penses quoi?",
        "thread_ts": "1497187839.344114",
        "parent_user_id": "U54NAL317",
        "ts": "1497188776.386723"
    },
    {
        "type": "message",
        "user": "U5C86111D",
        "text": "j'ai fait le choix de mon propre blog pour capter les mails et avoir le contrôle totale",
        "thread_ts": "1497187839.344114",
        "parent_user_id": "U54NAL317",
        "ts": "1497210277.529172"
    },
    {
        "type": "message",
        "user": "U5C86111D",
        "text": "un bon contenu recevra des visiteurs avec une bonne promo",
        "thread_ts": "1497187839.344114",
        "parent_user_id": "U54NAL317",
        "ts": "1497210301.530448"
    },
    {
        "type": "message",
        "user": "U5C86111D",
        "text": "sur mon 1er article j'ai généré environs 1000 visites",
        "thread_ts": "1497187839.344114",
        "parent_user_id": "U54NAL317",
        "ts": "1497210315.531369"
    }
]