[
    {
        "user": "U869MEDB5",
        "text": "<@U869MEDB5> has joined the channel",
        "type": "message",
        "subtype": "channel_join",
        "ts": "1511863590.000206"
    },
    {
        "user": "U87F33WQ7",
        "text": "<@U87F33WQ7> has joined the channel",
        "type": "message",
        "subtype": "channel_join",
        "ts": "1511869176.000124"
    },
    {
        "type": "message",
        "user": "U7D9VMXDJ",
        "text": "Pour tous les SaaS, je viens de publier un petit article sur l'optimisation des taux de conversions. Curieux d'avoir vos retours :wink: <http:\/\/www.pierrelechelle.com\/start-cro-saas>",
        "attachments": [
            {
                "service_name": "Pierre Lechelle",
                "title": "Are you ready to optimize your SaaS website for conversion and improve your CAC?",
                "title_link": "http:\/\/www.pierrelechelle.com\/start-cro-saas",
                "text": "Discover all the ingredients required so that you can start to optimize your SaaS website and to improve your conversion rate.",
                "fallback": "Pierre Lechelle: Are you ready to optimize your SaaS website for conversion and improve your CAC?",
                "image_url": "http:\/\/www.pierrelechelle.com\/files\/2017\/11\/when-cro-social.png",
                "ts": 1511876056,
                "from_url": "http:\/\/www.pierrelechelle.com\/start-cro-saas",
                "image_width": 476,
                "image_height": 250,
                "image_bytes": 395852,
                "id": 1
            }
        ],
        "ts": "1511879451.000508",
        "reactions": [
            {
                "name": "white_check_mark",
                "users": [
                    "U546L44SJ",
                    "U7YH4MB88",
                    "U83KDT2QP"
                ],
                "count": 3
            },
            {
                "name": "raised_hands",
                "users": [
                    "U547GK5H8",
                    "U6HMF18JZ"
                ],
                "count": 2
            }
        ]
    }
]