[
    {
        "user": "U6BNG0MPZ",
        "text": "<@U6BNG0MPZ> has joined the channel",
        "type": "message",
        "subtype": "channel_join",
        "ts": "1500450111.019392"
    },
    {
        "type": "message",
        "user": "U5H9QQS4X",
        "text": ":star: :star: :star: :star2: \n<https:\/\/www.linkedin.com\/pulse\/souriez-vous-%C3%AAtes-not%C3%A9s-martin-vermorel>\nVous avez apprécié lire l'article ? Un like svp !",
        "ts": "1500450477.129867"
    },
    {
        "user": "U6BKJMDJS",
        "text": "<@U6BKJMDJS> has joined the channel",
        "type": "message",
        "subtype": "channel_join",
        "ts": "1500467740.783771"
    },
    {
        "user": "U62V7G8J1",
        "text": "<@U62V7G8J1> has joined the channel",
        "type": "message",
        "subtype": "channel_join",
        "ts": "1500497418.488021"
    }
]