[
    {
        "user": "U5EDX4SCQ",
        "text": "<@U5EDX4SCQ> has joined the channel",
        "type": "message",
        "subtype": "channel_join",
        "ts": "1495115791.308635"
    },
    {
        "type": "message",
        "user": "U56A4ULMV",
        "text": "Salut, on a écrit un nouvel article sur l’utilisation des cartes de paiement autour du monde avec quelques statistiques qui vous permettront de choisir la bonne solution de paiement pour votre plateforme : <https:\/\/goo.gl\/BfJTSE> :wink:",
        "attachments": [
            {
                "service_name": "Lemon Way",
                "title": "Which cards should your European payment gateway accept? ~ Lemon Way",
                "title_link": "https:\/\/goo.gl\/aIP5yP",
                "text": "Exactly how many types of cards do you need to accept? Here we will look at the statistics regarding card popularity so you can decide.",
                "fallback": "Lemon Way: Which cards should your European payment gateway accept? ~ Lemon Way",
                "thumb_url": "https:\/\/www.lemonway.com\/wp-content\/uploads\/2017\/05\/Lemon-Way-Payment-Cards-Popular-in-Europe.jpeg",
                "ts": 1495115509,
                "from_url": "https:\/\/goo.gl\/aIP5yP",
                "thumb_width": 1500,
                "thumb_height": 1000,
                "id": 1
            }
        ],
        "edited": {
            "user": "U56A4ULMV",
            "ts": "1495117653.000000"
        },
        "ts": "1495117591.196995",
        "reactions": [
            {
                "name": "+1",
                "users": [
                    "U546L44SJ",
                    "U54NAL317"
                ],
                "count": 2
            }
        ]
    },
    {
        "user": "U5G4NM26A",
        "text": "<@U5G4NM26A> has joined the channel",
        "type": "message",
        "subtype": "channel_join",
        "ts": "1495140602.798169"
    }
]