[
    {
        "type": "message",
        "user": "U61GVJ88Z",
        "text": "Hello, on vient de mettre à jour l’extension qui permet de scrapper LinkedIn et récupérer les emails de tous les profils. J’ai publié une vidéo pour vous montrer tout ça : <https:\/\/www.youtube.com\/watch?v=VoY-Fnqejrg>",
        "attachments": [
            {
                "service_name": "YouTube",
                "service_url": "https:\/\/www.youtube.com\/",
                "title": "Nouvelle extension Google Chrome pour scrapper LinkedIn",
                "title_link": "https:\/\/www.youtube.com\/watch?v=VoY-Fnqejrg",
                "author_name": "LinkLead.io",
                "author_link": "https:\/\/www.youtube.com\/channel\/UCdslf3ujnGjIPix2BMNNteA",
                "thumb_url": "https:\/\/i.ytimg.com\/vi\/VoY-Fnqejrg\/hqdefault.jpg",
                "thumb_width": 480,
                "thumb_height": 360,
                "fallback": "YouTube Video: Nouvelle extension Google Chrome pour scrapper LinkedIn",
                "video_html": "<iframe width=\"400\" height=\"300\" src=\"https:\/\/www.youtube.com\/embed\/VoY-Fnqejrg?feature=oembed&autoplay=1&iv_load_policy=3\" frameborder=\"0\" allowfullscreen><\/iframe>",
                "video_html_width": 400,
                "video_html_height": 300,
                "from_url": "https:\/\/www.youtube.com\/watch?v=VoY-Fnqejrg",
                "service_icon": "https:\/\/cfr.slack-edge.com\/2089\/img\/unfurl_icons\/youtube.png",
                "id": 1
            }
        ],
        "ts": "1505722507.000152",
        "reactions": [
            {
                "name": "+1",
                "users": [
                    "U55UKCMQT",
                    "U57JNRABE",
                    "U5AV671TK",
                    "U6HETNZQ8",
                    "U74FEUWQ6"
                ],
                "count": 5
            },
            {
                "name": "slightly_smiling_face",
                "users": [
                    "U6HETNZQ8"
                ],
                "count": 1
            }
        ]
    },
    {
        "user": "U75ER8BF0",
        "text": "<@U75ER8BF0> has joined the channel",
        "type": "message",
        "subtype": "channel_join",
        "ts": "1505726772.000320"
    },
    {
        "user": "U7413GS48",
        "text": "<@U7413GS48> has joined the channel",
        "type": "message",
        "subtype": "channel_join",
        "ts": "1505736910.000074"
    }
]