[
    {
        "user": "U7TMJQL8K",
        "text": "<@U7TMJQL8K> has joined the channel",
        "type": "message",
        "subtype": "channel_join",
        "ts": "1509615808.000467"
    },
    {
        "user": "U7TU1HL7P",
        "text": "<@U7TU1HL7P> has joined the channel",
        "type": "message",
        "subtype": "channel_join",
        "ts": "1509616509.000271"
    },
    {
        "user": "U7T4TGEKA",
        "text": "<@U7T4TGEKA> has joined the channel",
        "type": "message",
        "subtype": "channel_join",
        "ts": "1509616796.000408"
    },
    {
        "user": "U7T8WB34H",
        "text": "<@U7T8WB34H> has joined the channel",
        "type": "message",
        "subtype": "channel_join",
        "ts": "1509617127.000114"
    },
    {
        "user": "U7TQ5FHT4",
        "text": "<@U7TQ5FHT4> has joined the channel",
        "type": "message",
        "subtype": "channel_join",
        "ts": "1509617343.000399"
    },
    {
        "user": "U7TN0297V",
        "text": "<@U7TN0297V> has joined the channel",
        "type": "message",
        "subtype": "channel_join",
        "ts": "1509617876.000202"
    },
    {
        "user": "U7TN333C3",
        "text": "<@U7TN333C3> has joined the channel",
        "type": "message",
        "subtype": "channel_join",
        "ts": "1509618306.000223"
    },
    {
        "user": "U7UT049RD",
        "text": "<@U7UT049RD> has joined the channel",
        "type": "message",
        "subtype": "channel_join",
        "ts": "1509619076.000238"
    },
    {
        "user": "U7T9B3UUR",
        "text": "<@U7T9B3UUR> has joined the channel",
        "type": "message",
        "subtype": "channel_join",
        "ts": "1509619179.000051"
    },
    {
        "user": "U7TNEKAPM",
        "text": "<@U7TNEKAPM> has joined the channel",
        "type": "message",
        "subtype": "channel_join",
        "ts": "1509619829.000093"
    },
    {
        "user": "U7UMKUB7G",
        "text": "<@U7UMKUB7G> has joined the channel",
        "type": "message",
        "subtype": "channel_join",
        "ts": "1509621131.000349"
    },
    {
        "user": "U7TTY9E1J",
        "text": "<@U7TTY9E1J> has joined the channel",
        "type": "message",
        "subtype": "channel_join",
        "ts": "1509626588.000277"
    },
    {
        "user": "U7UPFUS78",
        "text": "<@U7UPFUS78> has joined the channel",
        "type": "message",
        "subtype": "channel_join",
        "ts": "1509628445.000418"
    },
    {
        "user": "U7TTCT5NX",
        "text": "<@U7TTCT5NX> has joined the channel",
        "type": "message",
        "subtype": "channel_join",
        "ts": "1509636397.000895"
    },
    {
        "user": "U7TUD00QK",
        "text": "<@U7TUD00QK> has joined the channel",
        "type": "message",
        "subtype": "channel_join",
        "ts": "1509638948.000721"
    },
    {
        "user": "U7TUL4MEX",
        "text": "<@U7TUL4MEX> has joined the channel",
        "type": "message",
        "subtype": "channel_join",
        "ts": "1509639508.000825"
    },
    {
        "user": "U7U7E36HG",
        "text": "<@U7U7E36HG> has joined the channel",
        "type": "message",
        "subtype": "channel_join",
        "ts": "1509658357.000029"
    },
    {
        "user": "U7TRU3W7K",
        "text": "<@U7TRU3W7K> has joined the channel",
        "type": "message",
        "subtype": "channel_join",
        "ts": "1509690366.000022"
    },
    {
        "user": "U7UBPU482",
        "text": "<@U7UBPU482> has joined the channel",
        "type": "message",
        "subtype": "channel_join",
        "ts": "1509691072.000051"
    }
]