[
    {
        "user": "U78PKU68J",
        "text": "<@U78PKU68J> has joined the channel",
        "type": "message",
        "subtype": "channel_join",
        "ts": "1506411559.000032"
    },
    {
        "user": "U79SQSUA3",
        "text": "<@U79SQSUA3> has joined the channel",
        "type": "message",
        "subtype": "channel_join",
        "ts": "1506414277.000308"
    },
    {
        "user": "U78U8FC21",
        "text": "<@U78U8FC21> has joined the channel",
        "type": "message",
        "subtype": "channel_join",
        "ts": "1506414302.000070"
    },
    {
        "user": "U79M2NMNJ",
        "text": "<@U79M2NMNJ> has joined the channel",
        "type": "message",
        "subtype": "channel_join",
        "ts": "1506415441.000397"
    },
    {
        "user": "U78QPN0JE",
        "text": "<@U78QPN0JE> has joined the channel",
        "type": "message",
        "subtype": "channel_join",
        "ts": "1506416908.000410"
    },
    {
        "user": "U79TM1TMM",
        "text": "<@U79TM1TMM> has joined the channel",
        "type": "message",
        "subtype": "channel_join",
        "ts": "1506418387.000118"
    },
    {
        "user": "U78P5D0N7",
        "text": "<@U78P5D0N7> has joined the channel",
        "type": "message",
        "subtype": "channel_join",
        "ts": "1506419955.000160"
    },
    {
        "user": "U78RG4HQA",
        "text": "<@U78RG4HQA> has joined the channel",
        "type": "message",
        "subtype": "channel_join",
        "ts": "1506420601.000081"
    },
    {
        "user": "U78RLDWSE",
        "text": "<@U78RLDWSE> has joined the channel",
        "type": "message",
        "subtype": "channel_join",
        "ts": "1506421253.000116"
    },
    {
        "user": "U78V1LFL4",
        "text": "<@U78V1LFL4> has joined the channel",
        "type": "message",
        "subtype": "channel_join",
        "ts": "1506428559.000353"
    },
    {
        "user": "U78TDF5L2",
        "text": "<@U78TDF5L2> has joined the channel",
        "type": "message",
        "subtype": "channel_join",
        "ts": "1506428585.000266"
    },
    {
        "user": "U78C80RS5",
        "text": "<@U78C80RS5> has joined the channel",
        "type": "message",
        "subtype": "channel_join",
        "ts": "1506428879.000238"
    },
    {
        "user": "U7A0NE887",
        "text": "<@U7A0NE887> has joined the channel",
        "type": "message",
        "subtype": "channel_join",
        "ts": "1506428900.000075"
    },
    {
        "user": "U78R9T1C3",
        "text": "<@U78R9T1C3> has joined the channel",
        "type": "message",
        "subtype": "channel_join",
        "ts": "1506428948.000226"
    },
    {
        "user": "U78RE46PM",
        "text": "<@U78RE46PM> has joined the channel",
        "type": "message",
        "subtype": "channel_join",
        "ts": "1506429478.000008"
    },
    {
        "user": "U79QBB4MC",
        "text": "<@U79QBB4MC> has joined the channel",
        "type": "message",
        "subtype": "channel_join",
        "ts": "1506429578.000088"
    },
    {
        "user": "U78CEH5RP",
        "text": "<@U78CEH5RP> has joined the channel",
        "type": "message",
        "subtype": "channel_join",
        "ts": "1506429694.000357"
    },
    {
        "user": "U7A0YUUG7",
        "text": "<@U7A0YUUG7> has joined the channel",
        "type": "message",
        "subtype": "channel_join",
        "ts": "1506430210.000511"
    },
    {
        "user": "U7A0ZLD55",
        "text": "<@U7A0ZLD55> has joined the channel",
        "type": "message",
        "subtype": "channel_join",
        "ts": "1506430286.000236"
    },
    {
        "user": "U78TX4D42",
        "text": "<@U78TX4D42> has joined the channel",
        "type": "message",
        "subtype": "channel_join",
        "ts": "1506430743.000101"
    },
    {
        "user": "U78U1CQBU",
        "text": "<@U78U1CQBU> has joined the channel",
        "type": "message",
        "subtype": "channel_join",
        "ts": "1506431166.000123"
    },
    {
        "user": "U79R5UC4E",
        "text": "<@U79R5UC4E> has joined the channel",
        "type": "message",
        "subtype": "channel_join",
        "ts": "1506432617.000113"
    },
    {
        "user": "U78V6G4GJ",
        "text": "<@U78V6G4GJ> has joined the channel",
        "type": "message",
        "subtype": "channel_join",
        "ts": "1506434786.000227"
    },
    {
        "user": "U78TAHZJ7",
        "text": "<@U78TAHZJ7> has joined the channel",
        "type": "message",
        "subtype": "channel_join",
        "ts": "1506435669.000323"
    },
    {
        "user": "U790JH2KC",
        "text": "<@U790JH2KC> has joined the channel",
        "type": "message",
        "subtype": "channel_join",
        "ts": "1506436957.000423"
    },
    {
        "user": "U7927E0JG",
        "text": "<@U7927E0JG> has joined the channel",
        "type": "message",
        "subtype": "channel_join",
        "ts": "1506437001.000587"
    },
    {
        "user": "U78H9EW3B",
        "text": "<@U78H9EW3B> has joined the channel",
        "type": "message",
        "subtype": "channel_join",
        "ts": "1506444012.000745"
    },
    {
        "user": "U7912DHQB",
        "text": "<@U7912DHQB> has joined the channel",
        "type": "message",
        "subtype": "channel_join",
        "ts": "1506444512.000423"
    },
    {
        "user": "U792BSFK5",
        "text": "<@U792BSFK5> has joined the channel",
        "type": "message",
        "subtype": "channel_join",
        "ts": "1506448391.000596"
    },
    {
        "user": "U799MDD6G",
        "text": "<@U799MDD6G> has joined the channel",
        "type": "message",
        "subtype": "channel_join",
        "ts": "1506459434.000136"
    },
    {
        "user": "U7AFATV7H",
        "text": "<@U7AFATV7H> has joined the channel",
        "type": "message",
        "subtype": "channel_join",
        "ts": "1506490146.000190"
    }
]