[
    {
        "user": "U5G0V0Q1E",
        "text": "<@U5G0V0Q1E> has joined the channel",
        "type": "message",
        "subtype": "channel_join",
        "ts": "1495527327.017009"
    },
    {
        "user": "U5HJ4A5JS",
        "text": "<@U5HJ4A5JS> has joined the channel",
        "type": "message",
        "subtype": "channel_join",
        "ts": "1495546168.589558"
    },
    {
        "user": "U54LNEBG8",
        "text": "<@U54LNEBG8> has joined the channel",
        "type": "message",
        "subtype": "channel_join",
        "ts": "1495607786.376363"
    }
]