[
    {
        "user": "U5PAJ6AKW",
        "text": "<@U5PAJ6AKW> has joined the channel",
        "type": "message",
        "subtype": "channel_join",
        "ts": "1496749059.685487"
    },
    {
        "user": "U5Q52D37G",
        "text": "<@U5Q52D37G> has joined the channel",
        "type": "message",
        "subtype": "channel_join",
        "ts": "1496756121.463724"
    },
    {
        "user": "U5NNT82E4",
        "text": "<@U5NNT82E4> has joined the channel",
        "type": "message",
        "subtype": "channel_join",
        "ts": "1496762226.883631"
    },
    {
        "type": "message",
        "user": "U555MT77A",
        "text": "Hello, mon petit dernier sur comment choisir sa stratégie de referral : <https:\/\/medium.com\/growth-room\/choisir-son-syst%C3%A8me-de-recommandation-afcc1ddfe2df> :slightly_smiling_face:",
        "attachments": [
            {
                "service_name": "Medium",
                "title": "Choisir son système de recommandation – Growth Room – Medium",
                "title_link": "https:\/\/medium.com\/growth-room\/choisir-son-syst%C3%A8me-de-recommandation-afcc1ddfe2df",
                "text": "Le système de referral est donc important dès le début de la vie de la startup. C’est ce qui va vous permettre de croître organiquement.",
                "fallback": "Medium: Choisir son système de recommandation – Growth Room – Medium",
                "image_url": "https:\/\/cdn-images-1.medium.com\/max\/1200\/1*CMbflfIEmLJj48cXiuHxZw.jpeg",
                "fields": [
                    {
                        "title": "Reading time",
                        "value": "7 min read",
                        "short": true
                    }
                ],
                "ts": 1496755134,
                "from_url": "https:\/\/medium.com\/growth-room\/choisir-son-syst%C3%A8me-de-recommandation-afcc1ddfe2df",
                "image_width": 500,
                "image_height": 250,
                "image_bytes": 156000,
                "service_icon": "https:\/\/cdn-images-1.medium.com\/fit\/c\/152\/152\/1*rw7iEwZo0KhBXceK0tOtXQ.png",
                "id": 1
            }
        ],
        "ts": "1496763086.242388",
        "reactions": [
            {
                "name": "+1",
                "users": [
                    "U53GAFF8R",
                    "U546L44SJ",
                    "U5519FU87",
                    "U56A4ULMV",
                    "U56CGCRS7",
                    "U56R541TJ"
                ],
                "count": 6
            }
        ]
    }
]