[
    {
        "user": "U5L8ANHUK",
        "text": "<@U5L8ANHUK> has joined the channel",
        "type": "message",
        "subtype": "channel_join",
        "ts": "1496221979.506502"
    },
    {
        "type": "message",
        "user": "U54E8FNL9",
        "text": "La stratégie de croissance d’Intercom expliquée <http:\/\/okdork.com\/marketing-ideas-from-intercom\/>",
        "attachments": [
            {
                "service_name": "OkDork.com",
                "title": "Peek inside Intercom’s Multi-million Dollar SaaS Growth Strategy",
                "title_link": "http:\/\/okdork.com\/marketing-ideas-from-intercom\/",
                "text": "Intercom has quietly become a MASSIVE hit. Behind-the-scenes, they've grown their brand to $50 million in yearly revenue. Damn. Today, I want to share exactly how Intercom has grown — paying almost nothing on advertising — and how you can do the same. Learn the 8 strategies you can use to grow your own business with these epic marketing ideas.",
                "fallback": "OkDork.com: Peek inside Intercom’s Multi-million Dollar SaaS Growth Strategy",
                "image_url": "http:\/\/okdork.com\/wp-content\/uploads\/2017\/05\/OkDork-BlogImg-Intercom-1024x536.jpg",
                "ts": 1496196043,
                "from_url": "http:\/\/okdork.com\/marketing-ideas-from-intercom\/",
                "image_width": 478,
                "image_height": 250,
                "image_bytes": 197294,
                "service_icon": "http:\/\/okdork.com\/wp-content\/uploads\/2017\/02\/okdork-2017-favicon-128x128.png",
                "id": 1
            }
        ],
        "ts": "1496233609.939267",
        "reactions": [
            {
                "name": "+1",
                "users": [
                    "U53T94L7N",
                    "U54ACN4L9",
                    "U57DKJR5F",
                    "U5AV671TK",
                    "U5NJE3B1U",
                    "U5SRSJC5B"
                ],
                "count": 6
            }
        ]
    },
    {
        "user": "U5KURF3QR",
        "text": "<@U5KURF3QR> has joined the channel",
        "type": "message",
        "subtype": "channel_join",
        "ts": "1496242546.005432"
    },
    {
        "user": "U5LJUKG4D",
        "text": "<@U5LJUKG4D> has joined the channel",
        "type": "message",
        "subtype": "channel_join",
        "ts": "1496242611.032754"
    },
    {
        "user": "U5LGXTZ42",
        "text": "<@U5LGXTZ42> has joined the channel",
        "type": "message",
        "subtype": "channel_join",
        "ts": "1496244913.996300"
    }
]