[
    {
        "user": "U786QMTNG",
        "text": "<@U786QMTNG> has joined the channel",
        "type": "message",
        "subtype": "channel_join",
        "ts": "1506327680.000348"
    },
    {
        "user": "U782WKVNX",
        "text": "<@U782WKVNX> has joined the channel",
        "type": "message",
        "subtype": "channel_join",
        "ts": "1506327778.000074"
    },
    {
        "user": "U7897HVBP",
        "text": "<@U7897HVBP> has joined the channel",
        "type": "message",
        "subtype": "channel_join",
        "ts": "1506327898.000213"
    },
    {
        "user": "U77KA5PA5",
        "text": "<@U77KA5PA5> has joined the channel",
        "type": "message",
        "subtype": "channel_join",
        "ts": "1506327923.000379"
    },
    {
        "user": "U77FEE7UY",
        "text": "<@U77FEE7UY> has joined the channel",
        "type": "message",
        "subtype": "channel_join",
        "ts": "1506327941.000361"
    },
    {
        "user": "U786SN6GL",
        "text": "<@U786SN6GL> has joined the channel",
        "type": "message",
        "subtype": "channel_join",
        "ts": "1506327994.000049"
    },
    {
        "user": "U77FETG8Y",
        "text": "<@U77FETG8Y> has joined the channel",
        "type": "message",
        "subtype": "channel_join",
        "ts": "1506328013.000109"
    },
    {
        "user": "U77KDAPHP",
        "text": "<@U77KDAPHP> has joined the channel",
        "type": "message",
        "subtype": "channel_join",
        "ts": "1506328390.000021"
    },
    {
        "user": "U786WE9S8",
        "text": "<@U786WE9S8> has joined the channel",
        "type": "message",
        "subtype": "channel_join",
        "ts": "1506328532.000281"
    },
    {
        "user": "U77FK2XB2",
        "text": "<@U77FK2XB2> has joined the channel",
        "type": "message",
        "subtype": "channel_join",
        "ts": "1506328615.000336"
    },
    {
        "user": "U77FMEFPA",
        "text": "<@U77FMEFPA> has joined the channel",
        "type": "message",
        "subtype": "channel_join",
        "ts": "1506328951.000225"
    },
    {
        "user": "U789FFRFX",
        "text": "<@U789FFRFX> has joined the channel",
        "type": "message",
        "subtype": "channel_join",
        "ts": "1506329050.000381"
    },
    {
        "user": "U797YD17H",
        "text": "<@U797YD17H> has joined the channel",
        "type": "message",
        "subtype": "channel_join",
        "ts": "1506329081.000052"
    },
    {
        "user": "U77KP4YUR",
        "text": "<@U77KP4YUR> has joined the channel",
        "type": "message",
        "subtype": "channel_join",
        "ts": "1506329816.000319"
    },
    {
        "user": "U78A0CYLV",
        "text": "<@U78A0CYLV> has joined the channel",
        "type": "message",
        "subtype": "channel_join",
        "ts": "1506331701.000274"
    },
    {
        "user": "U783QF3QB",
        "text": "<@U783QF3QB> has joined the channel",
        "type": "message",
        "subtype": "channel_join",
        "ts": "1506331740.000109"
    },
    {
        "user": "U792LV72S",
        "text": "<@U792LV72S> has joined the channel",
        "type": "message",
        "subtype": "channel_join",
        "ts": "1506331771.000055"
    },
    {
        "user": "U792PMYG6",
        "text": "<@U792PMYG6> has joined the channel",
        "type": "message",
        "subtype": "channel_join",
        "ts": "1506332150.000289"
    },
    {
        "user": "U783W0V0B",
        "text": "<@U783W0V0B> has joined the channel",
        "type": "message",
        "subtype": "channel_join",
        "ts": "1506332502.000335"
    },
    {
        "user": "U79311NTY",
        "text": "<@U79311NTY> has joined the channel",
        "type": "message",
        "subtype": "channel_join",
        "ts": "1506333759.000032"
    },
    {
        "user": "U787ZP59A",
        "text": "<@U787ZP59A> has joined the channel",
        "type": "message",
        "subtype": "channel_join",
        "ts": "1506333811.000198"
    },
    {
        "user": "U7938R1TQ",
        "text": "<@U7938R1TQ> has joined the channel",
        "type": "message",
        "subtype": "channel_join",
        "ts": "1506334947.000164"
    },
    {
        "user": "U78AR05QD",
        "text": "<@U78AR05QD> has joined the channel",
        "type": "message",
        "subtype": "channel_join",
        "ts": "1506335324.000087"
    },
    {
        "user": "U799PUSNB",
        "text": "<@U799PUSNB> has joined the channel",
        "type": "message",
        "subtype": "channel_join",
        "ts": "1506337205.000096"
    },
    {
        "user": "U784YHRJP",
        "text": "<@U784YHRJP> has joined the channel",
        "type": "message",
        "subtype": "channel_join",
        "ts": "1506337331.000113"
    },
    {
        "user": "U788Z50A0",
        "text": "<@U788Z50A0> has joined the channel",
        "type": "message",
        "subtype": "channel_join",
        "ts": "1506337868.000191"
    },
    {
        "user": "U77JS65A4",
        "text": "<@U77JS65A4> has joined the channel",
        "type": "message",
        "subtype": "channel_join",
        "ts": "1506343093.000233"
    },
    {
        "user": "U786T4PPV",
        "text": "<@U786T4PPV> has joined the channel",
        "type": "message",
        "subtype": "channel_join",
        "ts": "1506345120.000498"
    },
    {
        "user": "U78AR6HKN",
        "text": "<@U78AR6HKN> has joined the channel",
        "type": "message",
        "subtype": "channel_join",
        "ts": "1506345489.000300"
    },
    {
        "user": "U79BPEGGP",
        "text": "<@U79BPEGGP> has joined the channel",
        "type": "message",
        "subtype": "channel_join",
        "ts": "1506345492.000148"
    },
    {
        "user": "U786WSGUB",
        "text": "<@U786WSGUB> has joined the channel",
        "type": "message",
        "subtype": "channel_join",
        "ts": "1506345518.000174"
    },
    {
        "user": "U78ASJA7N",
        "text": "<@U78ASJA7N> has joined the channel",
        "type": "message",
        "subtype": "channel_join",
        "ts": "1506345632.000652"
    },
    {
        "user": "U77PF35Q9",
        "text": "<@U77PF35Q9> has joined the channel",
        "type": "message",
        "subtype": "channel_join",
        "ts": "1506346103.000217"
    },
    {
        "user": "U79BY19NK",
        "text": "<@U79BY19NK> has joined the channel",
        "type": "message",
        "subtype": "channel_join",
        "ts": "1506346355.000192"
    },
    {
        "user": "U79C0578X",
        "text": "<@U79C0578X> has joined the channel",
        "type": "message",
        "subtype": "channel_join",
        "ts": "1506346572.000033"
    },
    {
        "user": "U77PN29MX",
        "text": "<@U77PN29MX> has joined the channel",
        "type": "message",
        "subtype": "channel_join",
        "ts": "1506346788.000194"
    },
    {
        "user": "U78B5UQ4C",
        "text": "<@U78B5UQ4C> has joined the channel",
        "type": "message",
        "subtype": "channel_join",
        "ts": "1506346952.000444"
    },
    {
        "user": "U77KVD256",
        "text": "<@U77KVD256> has joined the channel",
        "type": "message",
        "subtype": "channel_join",
        "ts": "1506347086.000159"
    },
    {
        "user": "U78DYQ7D3",
        "text": "<@U78DYQ7D3> has joined the channel",
        "type": "message",
        "subtype": "channel_join",
        "ts": "1506348004.000752"
    },
    {
        "user": "U79CTL823",
        "text": "<@U79CTL823> has joined the channel",
        "type": "message",
        "subtype": "channel_join",
        "ts": "1506349006.000442"
    },
    {
        "user": "U78C3RTEG",
        "text": "<@U78C3RTEG> has joined the channel",
        "type": "message",
        "subtype": "channel_join",
        "ts": "1506349744.000698"
    },
    {
        "user": "U78AQRL7L",
        "text": "<@U78AQRL7L> has joined the channel",
        "type": "message",
        "subtype": "channel_join",
        "ts": "1506350534.000299"
    },
    {
        "user": "U78C1JTM0",
        "text": "<@U78C1JTM0> has joined the channel",
        "type": "message",
        "subtype": "channel_join",
        "ts": "1506354232.000146"
    },
    {
        "user": "U79G807RV",
        "text": "<@U79G807RV> has joined the channel",
        "type": "message",
        "subtype": "channel_join",
        "ts": "1506359307.000660"
    },
    {
        "type": "message",
        "user": "U5G4NM26A",
        "text": "Pas vraiment un blog-post, mais j'ai rédigé mon mémoire de fin d'études sur le Growth-Hacking et l'économie collaborative. Vous pouvez le consulter sur mon profil LinkedIn : <https:\/\/www.linkedin.com\/in\/julien-labeaut-profile\/>. Scroller jusqu'à la section \"Formation\", puis dans le champs EDC Business School vous verrez un média joint : clique dessus, puis \"Voir la source\". Et voilà!",
        "thread_ts": "1506359361.000206",
        "reply_count": 3,
        "replies": [
            {
                "user": "U55AEG97A",
                "ts": "1506360009.000088"
            },
            {
                "user": "U5G4NM26A",
                "ts": "1506362689.000153"
            },
            {
                "user": "U53T94L7N",
                "ts": "1506362733.000232"
            }
        ],
        "unread_count": 3,
        "ts": "1506359361.000206"
    },
    {
        "type": "message",
        "user": "U5G4NM26A",
        "text": "Si vous avez des questions \/ remarques \/ crachats ou quoi que ce soit n'hésitez pas à m'identifier\/me contacter! Bonne journée les GHs!",
        "ts": "1506359406.000034"
    },
    {
        "type": "message",
        "user": "U55AEG97A",
        "text": "Désolé ici tu n’auras que des pouces :+1: ou des crachats :stuck_out_tongue: je vais consulter ça a l’air intéressant :slightly_smiling_face:",
        "thread_ts": "1506359361.000206",
        "parent_user_id": "U5G4NM26A",
        "ts": "1506360009.000088"
    },
    {
        "user": "U78C11CCT",
        "text": "<@U78C11CCT> has joined the channel",
        "type": "message",
        "subtype": "channel_join",
        "ts": "1506361162.000350"
    },
    {
        "type": "message",
        "user": "U799PUSNB",
        "text": "<@U5G4NM26A> sympa le memoire. Par contre, c’est la misere à lire sur slideshare. Possible d’avoir une version pdf?",
        "thread_ts": "1506362173.000373",
        "reply_count": 2,
        "replies": [
            {
                "user": "U5G4NM26A",
                "ts": "1506365241.000297"
            },
            {
                "user": "U5G4NM26A",
                "ts": "1506365285.000096"
            }
        ],
        "unread_count": 2,
        "ts": "1506362173.000373"
    },
    {
        "type": "message",
        "user": "U5G4NM26A",
        "text": "Haha! Merci, tu me diras :slightly_smiling_face:",
        "thread_ts": "1506359361.000206",
        "parent_user_id": "U5G4NM26A",
        "ts": "1506362689.000153"
    },
    {
        "type": "message",
        "user": "U5G4NM26A",
        "text": "tu dois pouvoir le DL non (bouton \"download\")",
        "attachments": [
            {
                "fallback": "[September 25th, 2017 7:56 PM] aurelien.vasinis: <@U5G4NM26A> sympa le memoire. Par contre, c’est la misere à lire sur slideshare. Possible d’avoir une version pdf?",
                "ts": "1506362173.000373",
                "author_id": "U799PUSNB",
                "author_subname": "Vasinis",
                "channel_id": "C53NKNCGK",
                "channel_name": "blog-posts",
                "is_msg_unfurl": true,
                "text": "<@U5G4NM26A> sympa le memoire. Par contre, c’est la misere à lire sur slideshare. Possible d’avoir une version pdf?",
                "author_name": "Vasinis",
                "author_link": "https:\/\/growthhackingfrance.slack.com\/team\/U799PUSNB",
                "author_icon": "https:\/\/avatars.slack-edge.com\/2017-09-25\/246303675268_e6737d150d3b6ab761d6_48.jpg",
                "mrkdwn_in": [
                    "text"
                ],
                "color": "D0D0D0",
                "from_url": "https:\/\/growthhackingfrance.slack.com\/archives\/C53NKNCGK\/p1506362173000373",
                "is_share": true,
                "footer": "Posted in #blog-posts"
            }
        ],
        "ts": "1506362710.000350"
    },
    {
        "type": "message",
        "user": "U53T94L7N",
        "text": "J'aime beaucoup les approches \"études documentées basées sur des entretiens\", surtout dans des cas comme ça, on voit dans les variations des réponses une tendance générale :+1:",
        "thread_ts": "1506359361.000206",
        "parent_user_id": "U5G4NM26A",
        "ts": "1506362733.000232",
        "reactions": [
            {
                "name": "slightly_smiling_face",
                "users": [
                    "U5G4NM26A"
                ],
                "count": 1
            }
        ]
    },
    {
        "type": "message",
        "user": "U5G4NM26A",
        "text": "ah non j'ai désactivé je me rappel pourquoi : il y a des noms, des adresses mails etc de personnes réelles dans ce mémoire donc j'ai préfère ne pas qu'il se \"propage\" de façon incontrôlé. Sur SlideShare du coup il est impossible (ou en tout cas pas à la portée de tous) de télécharger\/modifier le fichier à tout va",
        "thread_ts": "1506362173.000373",
        "parent_user_id": "U799PUSNB",
        "ts": "1506365241.000297"
    },
    {
        "type": "message",
        "user": "U5G4NM26A",
        "text": "Je ferais une version sans ces \"données confidentielles\" à l'occaz. SlideShare s'affiche bien sur mobile\/tablette, et sinon sur ordi en jouant avec le zoom du navigateur t'arrives à avoir un truc correct :slightly_smiling_face:",
        "thread_ts": "1506362173.000373",
        "parent_user_id": "U799PUSNB",
        "ts": "1506365285.000096"
    },
    {
        "user": "U77TBDYGY",
        "text": "<@U77TBDYGY> has joined the channel",
        "type": "message",
        "subtype": "channel_join",
        "ts": "1506370242.000410"
    },
    {
        "user": "U78HV0Q3U",
        "text": "<@U78HV0Q3U> has joined the channel",
        "type": "message",
        "subtype": "channel_join",
        "ts": "1506373147.000352"
    },
    {
        "user": "U781LEVKJ",
        "text": "<@U781LEVKJ> has joined the channel",
        "type": "message",
        "subtype": "channel_join",
        "ts": "1506388553.000153"
    }
]