[
    {
        "type": "message",
        "user": "U5S5VE94L",
        "text": "Hello !!! \nPetite question concernant la refonte d'un site...\nAujourd'hui le blog c'est 190 articles avec bien 2\/3 de bullshit mais 1\/3 d'articles à fort potentiel. \nIl est \"éventuellement\" question de faire héberger le blog sur medium. \nC'est ce que ça pue la fausse bonne idée ? (Analytics, SEO, etc...) \nJe suis tout ouïe :slightly_smiling_face:",
        "thread_ts": "1510054608.000037",
        "reply_count": 8,
        "replies": [
            {
                "user": "U7GA1HAJ2",
                "ts": "1510055649.000262"
            },
            {
                "user": "U6GDWPSMQ",
                "ts": "1510056130.000029"
            },
            {
                "user": "U60DUGA9X",
                "ts": "1510057241.000271"
            },
            {
                "user": "U5C86111D",
                "ts": "1510057398.000153"
            },
            {
                "user": "U546L44SJ",
                "ts": "1510057581.000047"
            },
            {
                "user": "U7WJENEJJ",
                "ts": "1510059121.000352"
            },
            {
                "user": "U7SJ35TRB",
                "ts": "1510115513.000182"
            },
            {
                "user": "U5S5VE94L",
                "ts": "1510132514.000279"
            }
        ],
        "unread_count": 8,
        "ts": "1510054608.000037"
    },
    {
        "type": "message",
        "user": "U7GA1HAJ2",
        "text": "Pour suivre ça m'intéresse :slightly_smiling_face: :wink:",
        "thread_ts": "1510054608.000037",
        "parent_user_id": "U5S5VE94L",
        "ts": "1510055649.000262"
    },
    {
        "type": "message",
        "user": "U6GDWPSMQ",
        "text": "moi aussi!",
        "thread_ts": "1510054608.000037",
        "parent_user_id": "U5S5VE94L",
        "ts": "1510056130.000029"
    },
    {
        "type": "message",
        "user": "U60DUGA9X",
        "text": "Sans avoir utilisé médium, je pense que tout dépend de ton objectif. Avec ton blog (si c’est bien fait) il te génère du trafic, augmente le CF\/TF de ton domaine et peut rapporter des leads et tu as la main sur tout. Médium est hébergé sur leur plateforme, donc il ne va que pouvoir t’envoyer des visiteurs via les liens de tes articles (qui je crois doivent être en nofollow), donc la l’objectif est différent. ",
        "thread_ts": "1510054608.000037",
        "parent_user_id": "U5S5VE94L",
        "ts": "1510057241.000271",
        "reactions": [
            {
                "name": "+1",
                "users": [
                    "U5S5VE94L"
                ],
                "count": 1
            }
        ]
    },
    {
        "type": "message",
        "user": "U5C86111D",
        "text": "tu peux aussi avoir un custom domain sur medium ?",
        "thread_ts": "1510054608.000037",
        "parent_user_id": "U5S5VE94L",
        "ts": "1510057398.000153"
    },
    {
        "type": "message",
        "user": "U546L44SJ",
        "text": "Oui tu peux en payant 70 euros",
        "thread_ts": "1510054608.000037",
        "parent_user_id": "U5S5VE94L",
        "ts": "1510057581.000047"
    },
    {
        "type": "message",
        "user": "U7WJENEJJ",
        "text": "Tu peux garder ton blog et poster sur Medium en pointant vers ton site <https:\/\/help.medium.com\/hc\/en-us\/articles\/217991468-SEO-and-duplicate-content>. Le contenu original reste sur ton site mais tu accèdes au reach de Medium.",
        "edited": {
            "user": "U7WJENEJJ",
            "ts": "1510059126.000000"
        },
        "thread_ts": "1510054608.000037",
        "parent_user_id": "U5S5VE94L",
        "ts": "1510059121.000352",
        "reactions": [
            {
                "name": "+1",
                "users": [
                    "U53GAFF8R",
                    "U5S5VE94L",
                    "U60DUGA9X"
                ],
                "count": 3
            }
        ]
    },
    {
        "user": "U7W5063CK",
        "text": "<@U7W5063CK> has joined the channel",
        "type": "message",
        "subtype": "channel_join",
        "ts": "1510063458.000289"
    },
    {
        "user": "U7W02AQ9X",
        "text": "<@U7W02AQ9X> has joined the channel",
        "type": "message",
        "subtype": "channel_join",
        "ts": "1510085679.000156"
    },
    {
        "user": "U7WLC7D8D",
        "text": "<@U7WLC7D8D> has joined the channel",
        "type": "message",
        "subtype": "channel_join",
        "ts": "1510088645.000220"
    },
    {
        "user": "U7SJ35TRB",
        "text": "<@U7SJ35TRB> has joined the channel",
        "type": "message",
        "subtype": "channel_join",
        "ts": "1510115370.000028"
    },
    {
        "type": "message",
        "user": "U7SJ35TRB",
        "text": "Et Linkedin? Pas un bon channel pour poster des articles?",
        "thread_ts": "1510054608.000037",
        "parent_user_id": "U5S5VE94L",
        "ts": "1510115513.000182"
    }
]