[
    {
        "user": "U546L44SJ",
        "text": "<@U546L44SJ> has joined the channel",
        "type": "message",
        "subtype": "channel_join",
        "ts": "1493068719.803850"
    },
    {
        "user": "U546L44SJ",
        "purpose": "Des blogs posts sympa qui pourraient intéresser la communauté",
        "text": "<@U546L44SJ> set the channel purpose: Des blogs posts sympa qui pourraient intéresser la communauté",
        "type": "message",
        "subtype": "channel_purpose",
        "ts": "1493068719.804027"
    },
    {
        "user": "U53T94L7N",
        "text": "<@U53T94L7N> has joined the channel",
        "type": "message",
        "subtype": "channel_join",
        "ts": "1493074078.267844"
    },
    {
        "user": "U54PP5Q23",
        "text": "<@U54PP5Q23> has joined the channel",
        "type": "message",
        "subtype": "channel_join",
        "ts": "1493101577.057631"
    },
    {
        "user": "U542GFW85",
        "text": "<@U542GFW85> has joined the channel",
        "type": "message",
        "subtype": "channel_join",
        "ts": "1493103526.381585"
    }
]