[
    {
        "user": "U5SRSJC5B",
        "text": "<@U5SRSJC5B> has joined the channel",
        "type": "message",
        "subtype": "channel_join",
        "ts": "1497338503.662743"
    },
    {
        "type": "message",
        "user": "U5SRSJC5B",
        "text": "<@U54NAL317> sur le marché FR, medium, j'y crois moyen for now même si les avis divergent... et comme dit plus haut medium = pas la main sur ce que tu fais. C'est pas mal pour tester et commencer à fédérer un électorat, t'as un post assez cool sur le sujet d'Ali Meese : <https:\/\/medium.com\/swlh\/the-truth-about-blogging-f7ada34e6121>",
        "attachments": [
            {
                "service_name": "Medium",
                "title": "The Truth About Blogging – The Startup – Medium",
                "title_link": "https:\/\/medium.com\/swlh\/the-truth-about-blogging-f7ada34e6121",
                "text": "Starting a Blog on Your Own Website vs. Writing on Medium",
                "fallback": "Medium: The Truth About Blogging – The Startup – Medium",
                "image_url": "https:\/\/cdn-images-1.medium.com\/max\/1200\/1*I63euMwI5sTvSRnD7WdEdg.jpeg",
                "fields": [
                    {
                        "title": "Reading time",
                        "value": "7 min read",
                        "short": true
                    }
                ],
                "ts": 1435151312,
                "from_url": "https:\/\/medium.com\/swlh\/the-truth-about-blogging-f7ada34e6121",
                "image_width": 613,
                "image_height": 250,
                "image_bytes": 70922,
                "service_icon": "https:\/\/cdn-images-1.medium.com\/fit\/c\/152\/152\/1*QDKLSNsqEejuYghCBHwgBA.jpeg",
                "id": 1
            }
        ],
        "thread_ts": "1497187839.344114",
        "parent_user_id": "U54NAL317",
        "ts": "1497342524.527621",
        "reactions": [
            {
                "name": "+1",
                "users": [
                    "U54NAL317"
                ],
                "count": 1
            }
        ]
    },
    {
        "type": "message",
        "user": "U54NAL317",
        "text": "Merci Alex, je suis d'accord :slightly_smiling_face:",
        "thread_ts": "1497187839.344114",
        "parent_user_id": "U54NAL317",
        "ts": "1497343073.658123"
    },
    {
        "type": "message",
        "user": "U555MT77A",
        "text": "Hahaha ça été LE débat entre Julien et moi :stuck_out_tongue:",
        "thread_ts": "1497187839.344114",
        "parent_user_id": "U54NAL317",
        "ts": "1497345256.193899",
        "reactions": [
            {
                "name": "laughing",
                "users": [
                    "U54NAL317"
                ],
                "count": 1
            }
        ]
    },
    {
        "type": "message",
        "user": "U555MT77A",
        "text": "Perso j’ai choisi medium parce que j’avais la flemme de faire un blog",
        "thread_ts": "1497187839.344114",
        "parent_user_id": "U54NAL317",
        "ts": "1497345268.196945"
    },
    {
        "type": "message",
        "user": "U555MT77A",
        "text": "et que ma cible est sur medium",
        "thread_ts": "1497187839.344114",
        "parent_user_id": "U54NAL317",
        "ts": "1497345282.200001"
    },
    {
        "type": "message",
        "user": "U555MT77A",
        "text": "+ le systeme de followers permet de reacher un peu. mais encore une fois, ma cible est sur medium÷",
        "thread_ts": "1497187839.344114",
        "parent_user_id": "U54NAL317",
        "ts": "1497345307.206174"
    },
    {
        "type": "message",
        "user": "U53GAFF8R",
        "text": "Il faut inviter Julien sur ce Slack moi je dis :smile:",
        "thread_ts": "1497187839.344114",
        "parent_user_id": "U54NAL317",
        "ts": "1497345369.220721"
    },
    {
        "type": "message",
        "user": "U555MT77A",
        "text": "<@U53T94L7N> <@U546L44SJ> :wink:",
        "edited": {
            "user": "U555MT77A",
            "ts": "1497345409.000000"
        },
        "thread_ts": "1497187839.344114",
        "parent_user_id": "U54NAL317",
        "ts": "1497345398.227381"
    },
    {
        "type": "message",
        "user": "U53T94L7N",
        "text": "<@U546L44SJ> il t'avait filé son mail quand tu lui as parlé la semaine dernière ? Dès qu'on a les mails et l'intention on perd pas de temps en général.",
        "thread_ts": "1497187839.344114",
        "parent_user_id": "U54NAL317",
        "ts": "1497345538.260593"
    },
    {
        "type": "message",
        "user": "U555MT77A",
        "text": "mp",
        "thread_ts": "1497187839.344114",
        "parent_user_id": "U54NAL317",
        "ts": "1497345810.326501"
    },
    {
        "user": "U5SQQEUKU",
        "text": "<@U5SQQEUKU> has joined the channel",
        "type": "message",
        "subtype": "channel_join",
        "ts": "1497346661.533611"
    },
    {
        "user": "U5SQRBZKL",
        "text": "<@U5SQRBZKL> has joined the channel",
        "type": "message",
        "subtype": "channel_join",
        "ts": "1497346772.559194"
    },
    {
        "user": "U5TK9EVDL",
        "text": "<@U5TK9EVDL> has joined the channel",
        "type": "message",
        "subtype": "channel_join",
        "ts": "1497347938.832553"
    },
    {
        "type": "message",
        "user": "U54NAL317",
        "text": "Et du coup question suivante : publier le même contenu sur son blog et sur une autre plateforme (medium, linkedin...) pour ou contre ? Par exemple, je suis James Altucher qui publie les mêmes contenus sur toutes les plateformes.",
        "thread_ts": "1497187839.344114",
        "parent_user_id": "U54NAL317",
        "ts": "1497347973.840469"
    },
    {
        "type": "message",
        "user": "U5C86111D",
        "text": "pour mais d’abord blog puis semaine +1 sur les autres plateforme pour que google ne te prennent pas en duplicate",
        "thread_ts": "1497187839.344114",
        "parent_user_id": "U54NAL317",
        "ts": "1497348258.908852",
        "reactions": [
            {
                "name": "+1",
                "users": [
                    "U53T94L7N",
                    "U54NAL317"
                ],
                "count": 2
            }
        ]
    },
    {
        "type": "message",
        "user": "U5SRSJC5B",
        "text": "plusieurs stratégies possibles à mon sens :\n- Utiliser comme relais de promotion (Altucher), pas super quali, un peu spammy...\n- Reposter uniquement les articles pertinents adaptés à la plateforme\n- Reposter l'article sur les autres plateformes, plusieurs semaine\/mois après\n\nJe préfère la seconde solution personnellement, spammer son contenu partout sans prendre en compte la plateforme me parait pas super pertinent sur le long terme.",
        "thread_ts": "1497187839.344114",
        "parent_user_id": "U54NAL317",
        "ts": "1497349039.076167",
        "reactions": [
            {
                "name": "+1",
                "users": [
                    "U54NAL317",
                    "U555MT77A"
                ],
                "count": 2
            }
        ]
    },
    {
        "type": "message",
        "user": "U54NAL317",
        "text": "Merci pour ces réponses !",
        "thread_ts": "1497187839.344114",
        "parent_user_id": "U54NAL317",
        "ts": "1497349366.142393",
        "reactions": [
            {
                "name": "rocket",
                "users": [
                    "U546L44SJ"
                ],
                "count": 1
            }
        ]
    },
    {
        "user": "U5ST333GU",
        "text": "<@U5ST333GU> has joined the channel",
        "type": "message",
        "subtype": "channel_join",
        "ts": "1497350908.451481"
    },
    {
        "user": "U5SCXER6V",
        "text": "<@U5SCXER6V> has joined the channel",
        "type": "message",
        "subtype": "channel_join",
        "ts": "1497364725.362574"
    }
]