[
    {
        "user": "U7UNTSFCY",
        "text": "<@U7UNTSFCY> has joined the channel",
        "type": "message",
        "subtype": "channel_join",
        "ts": "1509956593.000066"
    },
    {
        "user": "U7WJ7CHTQ",
        "text": "<@U7WJ7CHTQ> has joined the channel",
        "type": "message",
        "subtype": "channel_join",
        "ts": "1509990614.000060"
    },
    {
        "user": "U7WJENEJJ",
        "text": "<@U7WJENEJJ> has joined the channel",
        "type": "message",
        "subtype": "channel_join",
        "ts": "1509991237.000194"
    }
]