[
    {
        "type": "message",
        "user": "U546L44SJ",
        "text": "Dénonciation IMMEDIATE A GOOGLE :wink:",
        "thread_ts": "1502921188.000101",
        "parent_user_id": "U5SCXER6V",
        "ts": "1502958167.000281",
        "reactions": [
            {
                "name": "scream",
                "users": [
                    "U54E8FNL9",
                    "U57DAHPE1"
                ],
                "count": 2
            }
        ]
    },
    {
        "type": "message",
        "user": "U5SCXER6V",
        "text": ":joy:",
        "thread_ts": "1502921188.000101",
        "parent_user_id": "U5SCXER6V",
        "ts": "1502958498.000182"
    }
]