[
    {
        "user": "U58JYGKQV",
        "text": "<@U58JYGKQV> has joined the channel",
        "type": "message",
        "subtype": "channel_join",
        "ts": "1493883368.108187"
    },
    {
        "user": "U58G7BGPL",
        "text": "<@U58G7BGPL> has joined the channel",
        "type": "message",
        "subtype": "channel_join",
        "ts": "1493883642.166848"
    },
    {
        "user": "U57S783CG",
        "text": "<@U57S783CG> has joined the channel",
        "type": "message",
        "subtype": "channel_join",
        "ts": "1493885000.473475"
    },
    {
        "user": "U59BM87V5",
        "text": "<@U59BM87V5> has joined the channel",
        "type": "message",
        "subtype": "channel_join",
        "ts": "1493887685.146672"
    },
    {
        "type": "message",
        "user": "U57DKJR5F",
        "text": "je vais essayer Repost, merci <@U54PR7DFW>",
        "ts": "1493889219.558487"
    },
    {
        "user": "U564QFUGM",
        "text": "<@U564QFUGM> has joined the channel",
        "type": "message",
        "subtype": "channel_join",
        "ts": "1493890698.954106"
    },
    {
        "user": "U59CH84J3",
        "text": "<@U59CH84J3> has joined the channel",
        "type": "message",
        "subtype": "channel_join",
        "ts": "1493892239.352836"
    },
    {
        "user": "U59C3HJEA",
        "text": "<@U59C3HJEA> has joined the channel",
        "type": "message",
        "subtype": "channel_join",
        "ts": "1493892979.533235"
    },
    {
        "user": "U57TRPR1N",
        "text": "<@U57TRPR1N> has joined the channel",
        "type": "message",
        "subtype": "channel_join",
        "ts": "1493893162.575654"
    },
    {
        "user": "U58FW3TPD",
        "text": "<@U58FW3TPD> has joined the channel",
        "type": "message",
        "subtype": "channel_join",
        "ts": "1493893309.609680"
    },
    {
        "user": "U56A4ULMV",
        "text": "<@U56A4ULMV> has joined the channel",
        "type": "message",
        "subtype": "channel_join",
        "ts": "1493893686.695635"
    },
    {
        "user": "U58KRJGBE",
        "text": "<@U58KRJGBE> has joined the channel",
        "type": "message",
        "subtype": "channel_join",
        "ts": "1493895032.001172"
    },
    {
        "user": "U57U3R6AC",
        "text": "<@U57U3R6AC> has joined the channel",
        "type": "message",
        "subtype": "channel_join",
        "ts": "1493895224.043789"
    },
    {
        "user": "U55AEG97A",
        "text": "<@U55AEG97A> has joined the channel",
        "type": "message",
        "subtype": "channel_join",
        "ts": "1493896377.306595"
    },
    {
        "user": "U58GG2VS7",
        "text": "<@U58GG2VS7> has joined the channel",
        "type": "message",
        "subtype": "channel_join",
        "ts": "1493896705.378475"
    },
    {
        "user": "U58GGMCCB",
        "text": "<@U58GGMCCB> has joined the channel",
        "type": "message",
        "subtype": "channel_join",
        "ts": "1493896809.401184"
    },
    {
        "user": "U59CVM3AS",
        "text": "<@U59CVM3AS> has joined the channel",
        "type": "message",
        "subtype": "channel_join",
        "ts": "1493897437.537921"
    },
    {
        "user": "U59CZRP3Q",
        "text": "<@U59CZRP3Q> has joined the channel",
        "type": "message",
        "subtype": "channel_join",
        "ts": "1493898124.689668"
    },
    {
        "user": "U58LJD1S8",
        "text": "<@U58LJD1S8> has joined the channel",
        "type": "message",
        "subtype": "channel_join",
        "ts": "1493899480.012080"
    },
    {
        "user": "U543MU39P",
        "text": "<@U543MU39P> has joined the channel",
        "type": "message",
        "subtype": "channel_join",
        "ts": "1493901215.479889"
    },
    {
        "type": "message",
        "user": "U541NT2BU",
        "text": "<@U54PR7DFW> merci pour le partage, je suis entrain de le configurer !  Assez fastidieux mais hâte de voir le resultat :slightly_smiling_face:",
        "ts": "1493901244.488514"
    },
    {
        "type": "message",
        "user": "U55MMNVNK",
        "text": "En toute franchise, l'outil Elokenz est assez top. Les résultats en termes de clics que j'ai eu sont très satisfaisants.",
        "ts": "1493901744.640951",
        "reactions": [
            {
                "name": "+1",
                "users": [
                    "U53T72M8B"
                ],
                "count": 1
            }
        ]
    },
    {
        "type": "message",
        "user": "U541NT2BU",
        "text": "<@U55MMNVNK> Top ! Tu l'as essayé sur quelle plateforme principalement ?",
        "ts": "1493901869.679797"
    },
    {
        "type": "message",
        "user": "U55MMNVNK",
        "text": "Twitter et Facebook",
        "ts": "1493901917.695036"
    },
    {
        "type": "message",
        "subtype": "file_share",
        "text": "<@U55MMNVNK> uploaded a file: <https:\/\/growthhackingfrance.slack.com\/files\/U55MMNVNK\/F57VDG8C8\/pasted_image_at_2017_05_04_02_45_pm.png|Pasted image at 2017-05-04, 2:45 PM>",
        "file": {
            "id": "F57VDG8C8",
            "created": 1493901964,
            "timestamp": 1493901964,
            "name": "Pasted image at 2017_05_04 02_45 PM.png",
            "title": "Pasted image at 2017-05-04, 2:45 PM",
            "mimetype": "image\/png",
            "filetype": "png",
            "pretty_type": "PNG",
            "user": "U55MMNVNK",
            "editable": false,
            "size": 29023,
            "mode": "hosted",
            "is_external": false,
            "external_type": "",
            "is_public": true,
            "public_url_shared": false,
            "display_as_bot": false,
            "username": "",
            "url_private": "https:\/\/files.slack.com\/files-pri\/T53A65FDZ-F57VDG8C8\/pasted_image_at_2017_05_04_02_45_pm.png?t=xoxe-173346185475-301971345667-302189523445-be5392310f98480a534c383e5d92ddc3",
            "url_private_download": "https:\/\/files.slack.com\/files-pri\/T53A65FDZ-F57VDG8C8\/download\/pasted_image_at_2017_05_04_02_45_pm.png?t=xoxe-173346185475-301971345667-302189523445-be5392310f98480a534c383e5d92ddc3",
            "thumb_64": "https:\/\/files.slack.com\/files-tmb\/T53A65FDZ-F57VDG8C8-6b2ac1ce07\/pasted_image_at_2017_05_04_02_45_pm_64.png?t=xoxe-173346185475-301971345667-302189523445-be5392310f98480a534c383e5d92ddc3",
            "thumb_80": "https:\/\/files.slack.com\/files-tmb\/T53A65FDZ-F57VDG8C8-6b2ac1ce07\/pasted_image_at_2017_05_04_02_45_pm_80.png?t=xoxe-173346185475-301971345667-302189523445-be5392310f98480a534c383e5d92ddc3",
            "thumb_360": "https:\/\/files.slack.com\/files-tmb\/T53A65FDZ-F57VDG8C8-6b2ac1ce07\/pasted_image_at_2017_05_04_02_45_pm_360.png?t=xoxe-173346185475-301971345667-302189523445-be5392310f98480a534c383e5d92ddc3",
            "thumb_360_w": 360,
            "thumb_360_h": 180,
            "thumb_480": "https:\/\/files.slack.com\/files-tmb\/T53A65FDZ-F57VDG8C8-6b2ac1ce07\/pasted_image_at_2017_05_04_02_45_pm_480.png?t=xoxe-173346185475-301971345667-302189523445-be5392310f98480a534c383e5d92ddc3",
            "thumb_480_w": 480,
            "thumb_480_h": 240,
            "thumb_160": "https:\/\/files.slack.com\/files-tmb\/T53A65FDZ-F57VDG8C8-6b2ac1ce07\/pasted_image_at_2017_05_04_02_45_pm_160.png?t=xoxe-173346185475-301971345667-302189523445-be5392310f98480a534c383e5d92ddc3",
            "thumb_720": "https:\/\/files.slack.com\/files-tmb\/T53A65FDZ-F57VDG8C8-6b2ac1ce07\/pasted_image_at_2017_05_04_02_45_pm_720.png?t=xoxe-173346185475-301971345667-302189523445-be5392310f98480a534c383e5d92ddc3",
            "thumb_720_w": 720,
            "thumb_720_h": 360,
            "thumb_800": "https:\/\/files.slack.com\/files-tmb\/T53A65FDZ-F57VDG8C8-6b2ac1ce07\/pasted_image_at_2017_05_04_02_45_pm_800.png?t=xoxe-173346185475-301971345667-302189523445-be5392310f98480a534c383e5d92ddc3",
            "thumb_800_w": 800,
            "thumb_800_h": 400,
            "image_exif_rotation": 1,
            "original_w": 835,
            "original_h": 417,
            "permalink": "https:\/\/growthhackingfrance.slack.com\/files\/U55MMNVNK\/F57VDG8C8\/pasted_image_at_2017_05_04_02_45_pm.png",
            "permalink_public": "https:\/\/slack-files.com\/T53A65FDZ-F57VDG8C8-9c13c9da89",
            "channels": [],
            "groups": [],
            "ims": [],
            "comments_count": 0,
            "reactions": [
                {
                    "name": "+1",
                    "users": [
                        "U53T72M8B"
                    ],
                    "count": 1
                }
            ]
        },
        "user": "U55MMNVNK",
        "upload": true,
        "display_as_bot": false,
        "username": "domsilvestre",
        "bot_id": null,
        "ts": "1493901969.711713"
    },
    {
        "user": "U58KP81NE",
        "text": "<@U58KP81NE> has joined the channel",
        "type": "message",
        "subtype": "channel_join",
        "ts": "1493902149.768592"
    },
    {
        "type": "message",
        "user": "U541NT2BU",
        "text": "Ah oui, pas mal du tout en effet ! Merci !",
        "ts": "1493902216.789965"
    },
    {
        "user": "U58039U3A",
        "text": "<@U58039U3A> has joined the channel",
        "type": "message",
        "subtype": "channel_join",
        "ts": "1493902437.861779"
    },
    {
        "user": "U555MT77A",
        "text": "<@U555MT77A> has joined the channel",
        "type": "message",
        "subtype": "channel_join",
        "ts": "1493932575.267361"
    },
    {
        "user": "U597AKNBF",
        "text": "<@U597AKNBF> has joined the channel",
        "type": "message",
        "subtype": "channel_join",
        "ts": "1493966253.421558"
    }
]