[
    {
        "type": "message",
        "user": "U54SF0U1Y",
        "text": "Hello, je viens de publier un article sur le scraping de l'API privée d'une application mobile. N'hésitez pas si vous avez des questions ou si des points sont à éclaircir.\n<http:\/\/bit.ly\/2qycmDS>",
        "attachments": [
            {
                "service_name": "Medium",
                "title": "Comment exploiter l’API privée d’une application mobile",
                "title_link": "http:\/\/bit.ly\/2qycmDS",
                "text": "Le site que vous souhaitez scraper possède aussi une application mobile ? Il est temps de la regarder d’un peu plus près…",
                "fallback": "Medium: Comment exploiter l’API privée d’une application mobile",
                "thumb_url": "https:\/\/cdn-images-1.medium.com\/max\/1200\/1*XgW28DeeJD9FxaijZvkRDg.png",
                "fields": [
                    {
                        "title": "Reading time",
                        "value": "6 min read",
                        "short": true
                    }
                ],
                "ts": 1495187384,
                "from_url": "http:\/\/bit.ly\/2qycmDS",
                "thumb_width": 457,
                "thumb_height": 206,
                "service_icon": "https:\/\/cdn-images-1.medium.com\/fit\/c\/152\/152\/1*W0nmth_X8nFKjn6BZ388UQ.png",
                "id": 1
            }
        ],
        "thread_ts": "1495187613.166965",
        "reply_count": 3,
        "replies": [
            {
                "user": "U57DKJR5F",
                "ts": "1495441391.072565"
            },
            {
                "user": "U54SF0U1Y",
                "ts": "1495443582.713210"
            },
            {
                "user": "U555MT77A",
                "ts": "1495735511.818739"
            }
        ],
        "unread_count": 3,
        "ts": "1495187613.166965",
        "reactions": [
            {
                "name": "rocket",
                "users": [
                    "U53T94L7N",
                    "U546L44SJ",
                    "U5519FU87",
                    "U551ZGU9L",
                    "U555MT77A",
                    "U55H1EBGV",
                    "U570XT4RW",
                    "U57DAHPE1",
                    "U5F2XFR9D",
                    "U5FTBKD8T"
                ],
                "count": 10
            },
            {
                "name": "raised_hands",
                "users": [
                    "U570XT4RW"
                ],
                "count": 1
            }
        ]
    },
    {
        "type": "message",
        "user": "U546L44SJ",
        "text": "top de chez top",
        "ts": "1495187651.177545",
        "reactions": [
            {
                "name": "wink",
                "users": [
                    "U54SF0U1Y"
                ],
                "count": 1
            }
        ]
    },
    {
        "type": "message",
        "user": "U5AV671TK",
        "text": "<@U54SF0U1Y> ton tuto est top, super bien écrit en plus !",
        "ts": "1495189054.551522",
        "reactions": [
            {
                "name": "wink",
                "users": [
                    "U53T94L7N",
                    "U54SF0U1Y"
                ],
                "count": 2
            }
        ]
    },
    {
        "user": "U5FJXKLKX",
        "text": "<@U5FJXKLKX> has joined the channel",
        "type": "message",
        "subtype": "channel_join",
        "ts": "1495189160.577483"
    },
    {
        "type": "message",
        "user": "U544GB0JF",
        "text": "<@U54SF0U1Y> au top, en plus l’exemple précis m’intéresse (récupérer des contact de coiffeurs) tu as scraper quel service?",
        "ts": "1495202994.674287"
    },
    {
        "type": "message",
        "user": "U54SF0U1Y",
        "text": "118712",
        "ts": "1495203017.684438"
    }
]