[
    {
        "user": "U7G28F1B7",
        "text": "<@U7G28F1B7> has joined the channel",
        "type": "message",
        "subtype": "channel_join",
        "ts": "1507629718.000096"
    },
    {
        "type": "message",
        "user": "U566P6QCE",
        "text": "J’ai fait pas mal de modifications sur l’articles, si tu veux aller y jeter un oeil ! :slightly_smiling_face:",
        "thread_ts": "1507567961.000389",
        "parent_user_id": "U566P6QCE",
        "ts": "1507633784.000023"
    },
    {
        "type": "message",
        "user": "U789FFRFX",
        "text": "Hello,\nJe suis sûr qu’il y a des incubés\/accélérés etc. ici :slightly_smiling_face:\nJe serai ravis d’avoir votre retour sur cet article !\n<https:\/\/medium.com\/skwid\/startup-jungle-la-foire-aux-accompagnements-b78bdf2cb324>",
        "attachments": [
            {
                "service_name": "Medium",
                "title": "Startup jungle: la foire aux accompagnements – Skwid – Medium",
                "title_link": "https:\/\/medium.com\/skwid\/startup-jungle-la-foire-aux-accompagnements-b78bdf2cb324",
                "text": "La nouvelle attraction du Zoo de Vincennes… l’entrepreneur!",
                "fallback": "Medium: Startup jungle: la foire aux accompagnements – Skwid – Medium",
                "image_url": "https:\/\/cdn-images-1.medium.com\/max\/1200\/1*16FS4cdejlUicjGjdrLRhw.png",
                "fields": [
                    {
                        "title": "Reading time",
                        "value": "8 min read",
                        "short": true
                    }
                ],
                "ts": 1507193048,
                "from_url": "https:\/\/medium.com\/skwid\/startup-jungle-la-foire-aux-accompagnements-b78bdf2cb324",
                "image_width": 584,
                "image_height": 250,
                "image_bytes": 354255,
                "service_icon": "https:\/\/cdn-images-1.medium.com\/fit\/c\/304\/304\/1*kBCv2usKAeWTZgKGNHrgug.png",
                "id": 1
            }
        ],
        "thread_ts": "1507645206.000470",
        "reply_count": 2,
        "replies": [
            {
                "user": "U77FK2XB2",
                "ts": "1507708799.000238"
            },
            {
                "user": "U789FFRFX",
                "ts": "1507709114.000148"
            }
        ],
        "unread_count": 2,
        "ts": "1507645206.000470",
        "reactions": [
            {
                "name": "+1",
                "users": [
                    "U55AEG97A"
                ],
                "count": 1
            }
        ]
    },
    {
        "type": "message",
        "user": "U79GC4D5E",
        "text": "Hey! Un ancien collaborateur a rédigé une série d’articles sur la façon dont il a construit notre blog de 0 à 10k visiteurs uniques en 3 mois sur une cible tech. Il vient de publier le 1er volet sur sa stratégie growth hacking via Reddit : <https:\/\/medium.com\/@BBerdah\/reddit-and-reddit-ads-hitchhikers-guide-5d47a99cf076>",
        "attachments": [
            {
                "service_name": "Medium",
                "title": "Reddit and Reddit Ads Hitchhiker’s Guide – Brice Berdah – Medium",
                "title_link": "https:\/\/medium.com\/@BBerdah\/reddit-and-reddit-ads-hitchhikers-guide-5d47a99cf076",
                "text": "Taking stock of Reddit as a content promotion platform — With actionable tips to succeed on Reddit.",
                "fallback": "Medium: Reddit and Reddit Ads Hitchhiker’s Guide – Brice Berdah – Medium",
                "image_url": "https:\/\/cdn-images-1.medium.com\/max\/1200\/1*tkuRMXCBudkksf5mZP2Jiw.png",
                "fields": [
                    {
                        "title": "Reading time",
                        "value": "15 min read",
                        "short": true
                    }
                ],
                "ts": 1507634189,
                "from_url": "https:\/\/medium.com\/@BBerdah\/reddit-and-reddit-ads-hitchhikers-guide-5d47a99cf076",
                "image_width": 313,
                "image_height": 250,
                "image_bytes": 680109,
                "service_icon": "https:\/\/cdn-images-1.medium.com\/fit\/c\/304\/304\/1*8I-HPL0bfoIzGied-dzOvA.png",
                "id": 1
            }
        ],
        "thread_ts": "1507647145.000225",
        "reply_count": 2,
        "replies": [
            {
                "user": "U566P6QCE",
                "ts": "1507671251.000077"
            },
            {
                "user": "U79GC4D5E",
                "ts": "1507713039.000266"
            }
        ],
        "unread_count": 2,
        "ts": "1507647145.000225",
        "reactions": [
            {
                "name": "+1",
                "users": [
                    "U566P6QCE",
                    "U723MM58X"
                ],
                "count": 2
            }
        ]
    },
    {
        "type": "message",
        "user": "U566P6QCE",
        "text": "Cool, je le lis demain. Visiteurs uniques par ? (Jour, semaine, mois)",
        "thread_ts": "1507647145.000225",
        "parent_user_id": "U79GC4D5E",
        "ts": "1507671251.000077"
    }
]