[
    {
        "user": "U55LUDA05",
        "text": "<@U55LUDA05> has joined the channel",
        "type": "message",
        "subtype": "channel_join",
        "ts": "1493363169.265417"
    },
    {
        "user": "U560CMYGL",
        "text": "<@U560CMYGL> has joined the channel",
        "type": "message",
        "subtype": "channel_join",
        "ts": "1493366225.936461"
    },
    {
        "type": "message",
        "user": "U546L44SJ",
        "text": "<@U54PR7DFW> Effectivement. Merci pour le partage",
        "ts": "1493366421.988653"
    },
    {
        "user": "U55TEKM35",
        "text": "<@U55TEKM35> has joined the channel",
        "type": "message",
        "subtype": "channel_join",
        "ts": "1493372570.677185"
    },
    {
        "user": "U561JBSBW",
        "text": "<@U561JBSBW> has joined the channel",
        "type": "message",
        "subtype": "channel_join",
        "ts": "1493373647.970767"
    },
    {
        "user": "U560TKWMQ",
        "text": "<@U560TKWMQ> has joined the channel",
        "type": "message",
        "subtype": "channel_join",
        "ts": "1493375374.395477"
    },
    {
        "user": "U54NLVC21",
        "text": "<@U54NLVC21> has joined the channel",
        "type": "message",
        "subtype": "channel_join",
        "ts": "1493377939.981407"
    },
    {
        "user": "U561ECC5Q",
        "text": "<@U561ECC5Q> has joined the channel",
        "type": "message",
        "subtype": "channel_join",
        "ts": "1493378958.201551"
    },
    {
        "user": "U55BNSMS4",
        "text": "<@U55BNSMS4> has joined the channel",
        "type": "message",
        "subtype": "channel_join",
        "ts": "1493381988.914521"
    },
    {
        "user": "U56QMB762",
        "text": "<@U56QMB762> has joined the channel",
        "type": "message",
        "subtype": "channel_join",
        "ts": "1493384893.793693"
    },
    {
        "user": "U570EJRGX",
        "text": "<@U570EJRGX> has joined the channel",
        "type": "message",
        "subtype": "channel_join",
        "ts": "1493395351.518463"
    },
    {
        "user": "U547ZAYRZ",
        "text": "<@U547ZAYRZ> has left the channel",
        "type": "message",
        "subtype": "channel_leave",
        "ts": "1493411685.145889"
    }
]