[
    {
        "type": "message",
        "user": "U77FK2XB2",
        "text": "Héé article intéressant :smile: Tu devrais venir nous voir à BoostInLyon, je suis sûre qu'on pourrait faire des trucs ensemble :slightly_smiling_face:",
        "thread_ts": "1507645206.000470",
        "parent_user_id": "U789FFRFX",
        "ts": "1507708799.000238"
    },
    {
        "type": "message",
        "user": "U789FFRFX",
        "text": ":+1: si jamais je fais un tour sur Lyon entre deux presta et la création de mon produit :joy: avec plaisir !",
        "thread_ts": "1507645206.000470",
        "parent_user_id": "U789FFRFX",
        "ts": "1507709114.000148"
    },
    {
        "type": "message",
        "user": "U79GC4D5E",
        "text": "visiteurs uniques par mois :slightly_smiling_face:",
        "thread_ts": "1507647145.000225",
        "parent_user_id": "U79GC4D5E",
        "ts": "1507713039.000266",
        "reactions": [
            {
                "name": "the_horns",
                "users": [
                    "U566P6QCE"
                ],
                "count": 1
            }
        ]
    },
    {
        "user": "U7HLCB50F",
        "text": "<@U7HLCB50F> has joined the channel",
        "type": "message",
        "subtype": "channel_join",
        "ts": "1507719587.000131"
    },
    {
        "user": "U7G04SPAL",
        "text": "<@U7G04SPAL> has joined the channel",
        "type": "message",
        "subtype": "channel_join",
        "ts": "1507725815.000143"
    },
    {
        "type": "message",
        "user": "U5AHB5SQ3",
        "text": "Demande à des proches de le faire pour toi, c'est gratuit ^^",
        "thread_ts": "1507536909.000083",
        "parent_user_id": "U546L44SJ",
        "ts": "1507726198.000488"
    },
    {
        "user": "U7G71L917",
        "text": "<@U7G71L917> has joined the channel",
        "type": "message",
        "subtype": "channel_join",
        "ts": "1507735192.000330"
    },
    {
        "user": "U7J0F9RM4",
        "text": "<@U7J0F9RM4> has joined the channel",
        "type": "message",
        "subtype": "channel_join",
        "ts": "1507785932.000096"
    }
]