[
    {
        "type": "message",
        "user": "U76K8K8UA",
        "text": "Hello à tous :slightly_smiling_face: \nA force d'être questionnés sur le growth hacking, et par extension sur le rôle d'un growth hacker, on s'est rendu compte chez <http:\/\/deux.io|deux.io> que la question restait une source de débats. \n:couple: On a demandé à 9 experts français leurs avis sur la question (Côme Courteault, Brice Maurin, Pierre Lechelle etc.). \n:white_check_mark: Vous pouvez voter pour celle qui correspond le plus à votre approche du métier à la fin de l'article \nN'hésitez pas à nous faire vos feedbacks en commentaire, l'article est ici :point_right: <https:\/\/goo.gl\/5yTL1R>",
        "attachments": [
            {
                "service_name": "✌ DEUX.IO",
                "title": "Définition du Growth Hacking : 9 Experts Français donnent leurs avis",
                "title_link": "https:\/\/goo.gl\/5yTL1R",
                "text": "Brice Maurin (Deuxio), Côme Courteault (Growth Room), Julien Le Coupanec (Hackisition) et 6 autres experts proposent leur définition du Growth Hacking.",
                "fallback": "✌ DEUX.IO: Définition du Growth Hacking : 9 Experts Français donnent leurs avis",
                "image_url": "http:\/\/deux.io\/wp-content\/uploads\/2017\/11\/featured_image.png",
                "ts": 1511198154,
                "from_url": "https:\/\/goo.gl\/5yTL1R",
                "image_width": 792,
                "image_height": 250,
                "image_bytes": 362575,
                "service_icon": "https:\/\/deux.io\/wp-content\/uploads\/2015\/11\/deux.io-logo-563879c8v1_site_icon-256x256.png",
                "id": 1
            }
        ],
        "ts": "1513596457.000196",
        "reactions": [
            {
                "name": "slightly_smiling_face",
                "users": [
                    "U54KSDKCY"
                ],
                "count": 1
            },
            {
                "name": "v",
                "users": [
                    "U5519FU87",
                    "U582Z4BCM"
                ],
                "count": 2
            }
        ]
    },
    {
        "user": "U8FLTDQQ1",
        "text": "<@U8FLTDQQ1> has joined the channel",
        "type": "message",
        "subtype": "channel_join",
        "ts": "1513604210.000033"
    },
    {
        "user": "U8FPCFB7T",
        "text": "<@U8FPCFB7T> has joined the channel",
        "type": "message",
        "subtype": "channel_join",
        "ts": "1513612392.000316"
    },
    {
        "user": "U56SRUS3H",
        "text": "<@U56SRUS3H> has joined the channel",
        "type": "message",
        "subtype": "channel_join",
        "ts": "1513618129.000530"
    }
]