[
    {
        "user": "U541S59L4",
        "text": "<@U541S59L4> has joined the channel",
        "type": "message",
        "subtype": "channel_join",
        "ts": "1505983355.000202"
    },
    {
        "user": "U763GUS1F",
        "text": "<@U763GUS1F> has joined the channel",
        "type": "message",
        "subtype": "channel_join",
        "ts": "1505993338.000092"
    },
    {
        "user": "U76K8K8UA",
        "text": "<@U76K8K8UA> has joined the channel",
        "type": "message",
        "subtype": "channel_join",
        "ts": "1505996027.000351"
    }
]