[
    {
        "user": "U5MR46L15",
        "text": "<@U5MR46L15> has joined the channel",
        "type": "message",
        "subtype": "channel_join",
        "ts": "1496306105.605831"
    },
    {
        "user": "U5MRK12JK",
        "text": "<@U5MRK12JK> has joined the channel",
        "type": "message",
        "subtype": "channel_join",
        "ts": "1496308064.081128"
    },
    {
        "user": "U5M1XLKBL",
        "text": "<@U5M1XLKBL> has joined the channel",
        "type": "message",
        "subtype": "channel_join",
        "ts": "1496310837.740236"
    },
    {
        "user": "U5LFFUSNL",
        "text": "<@U5LFFUSNL> has joined the channel",
        "type": "message",
        "subtype": "channel_join",
        "ts": "1496325656.388985"
    },
    {
        "user": "U5M49RTCK",
        "text": "<@U5M49RTCK> has joined the channel",
        "type": "message",
        "subtype": "channel_join",
        "ts": "1496327727.210527"
    },
    {
        "user": "U5MBLE7N1",
        "text": "<@U5MBLE7N1> has joined the channel",
        "type": "message",
        "subtype": "channel_join",
        "ts": "1496333988.742154"
    },
    {
        "user": "U5MGPG276",
        "text": "<@U5MGPG276> has joined the channel",
        "type": "message",
        "subtype": "channel_join",
        "ts": "1496354484.652782"
    },
    {
        "user": "U5NAEEVST",
        "text": "<@U5NAEEVST> has joined the channel",
        "type": "message",
        "subtype": "channel_join",
        "ts": "1496356231.024757"
    }
]