[
    {
        "user": "U6EKX2AMC",
        "text": "<@U6EKX2AMC> has joined the channel",
        "type": "message",
        "subtype": "channel_join",
        "ts": "1501057780.193388"
    },
    {
        "user": "U54NRQWFK",
        "text": "<@U54NRQWFK> has joined the channel",
        "type": "message",
        "subtype": "channel_join",
        "ts": "1501058107.309684"
    },
    {
        "user": "U6ES2D6UF",
        "text": "<@U6ES2D6UF> has joined the channel",
        "type": "message",
        "subtype": "channel_join",
        "ts": "1501058158.327549"
    }
]