[
    {
        "user": "U7N8WKRFC",
        "text": "<@U7N8WKRFC> has joined the channel",
        "type": "message",
        "subtype": "channel_join",
        "ts": "1508752933.000279"
    },
    {
        "type": "message",
        "user": "U56KDGG9W",
        "text": "<@U555MT77A> l’image est tellement bien choisie",
        "thread_ts": "1508233570.000210",
        "parent_user_id": "U555MT77A",
        "ts": "1508778343.000203",
        "reactions": [
            {
                "name": "joy",
                "users": [
                    "U555MT77A"
                ],
                "count": 1
            }
        ]
    },
    {
        "user": "U7PCWV9D4",
        "text": "<@U7PCWV9D4> has joined the channel",
        "type": "message",
        "subtype": "channel_join",
        "ts": "1508778421.000287"
    },
    {
        "type": "message",
        "user": "U555MT77A",
        "text": "<@U56KDGG9W> remember le picture vault :wink:",
        "thread_ts": "1508233570.000210",
        "parent_user_id": "U555MT77A",
        "ts": "1508780850.000283",
        "reactions": [
            {
                "name": "heart_eyes",
                "users": [
                    "U56KDGG9W"
                ],
                "count": 1
            }
        ]
    },
    {
        "type": "message",
        "user": "U54NAL317",
        "text": "j'ai découvert le blog de <http:\/\/savio.no|savio.no> seulement très récemment et je suis grave fan.\nDes recos de blogs avec des articles tutos concrets de \"technical marketing\" ?",
        "thread_ts": "1508785250.000425",
        "reply_count": 7,
        "replies": [
            {
                "user": "U57DAHPE1",
                "ts": "1508832965.000251"
            },
            {
                "user": "U76K8K8UA",
                "ts": "1508835573.000445"
            },
            {
                "user": "U54NAL317",
                "ts": "1508836667.000416"
            },
            {
                "user": "U5830GL6A",
                "ts": "1508836948.000401"
            },
            {
                "user": "U5830GL6A",
                "ts": "1508837144.000021"
            },
            {
                "user": "U54NAL317",
                "ts": "1508837160.000022"
            },
            {
                "user": "U6UFP1FLJ",
                "ts": "1509070901.000087"
            }
        ],
        "unread_count": 7,
        "ts": "1508785250.000425",
        "reactions": [
            {
                "name": "+1",
                "users": [
                    "U53GAFF8R",
                    "U543MU39P",
                    "U57DKJR5F",
                    "U5AV671TK",
                    "U5SRSJC5B",
                    "U60DUGA9X",
                    "U61LBKVEF",
                    "U7M69QQV7"
                ],
                "count": 8
            }
        ]
    }
]