[
    {
        "user": "U6A8FMXL2",
        "text": "<@U6A8FMXL2> has joined the channel",
        "type": "message",
        "subtype": "channel_join",
        "ts": "1500388118.696702"
    },
    {
        "type": "message",
        "user": "U5NJE3B1U",
        "text": "Hello !\nJe viens de rédiger un article assez long pour essayer d'expliquer et de comprendre nos biais cognitifs, dont beaucoup sont utilisés en Marketing. J'ai pensé que ça pouvait être intéressant de le partager ici !\n\n<https:\/\/medium.com\/scribe\/le-guide-ultime-pour-comprendre-notre-cerveau-et-nos-biais-mentaux-4fb2a523bd7b>",
        "attachments": [
            {
                "service_name": "Medium",
                "title": "Le guide ultime pour comprendre notre cerveau et nos biais mentaux.",
                "title_link": "https:\/\/medium.com\/scribe\/le-guide-ultime-pour-comprendre-notre-cerveau-et-nos-biais-mentaux-4fb2a523bd7b",
                "text": "Pourquoi s’intéresser à nos biais mentaux ?",
                "fallback": "Medium: Le guide ultime pour comprendre notre cerveau et nos biais mentaux.",
                "image_url": "https:\/\/cdn-images-1.medium.com\/max\/1200\/1*Ak54zz_lGxloP9eFumw30Q.jpeg",
                "fields": [
                    {
                        "title": "Reading time",
                        "value": "11 min read",
                        "short": true
                    }
                ],
                "ts": 1500386811,
                "from_url": "https:\/\/medium.com\/scribe\/le-guide-ultime-pour-comprendre-notre-cerveau-et-nos-biais-mentaux-4fb2a523bd7b",
                "image_width": 376,
                "image_height": 250,
                "image_bytes": 243814,
                "service_icon": "https:\/\/cdn-images-1.medium.com\/fit\/c\/304\/304\/1*ye2vvbzMPmUeWJWlSFRmzQ.png",
                "id": 1
            }
        ],
        "thread_ts": "1500389852.809462",
        "reply_count": 3,
        "replies": [
            {
                "user": "U54ACN4L9",
                "ts": "1500391259.724850"
            },
            {
                "user": "U5NJE3B1U",
                "ts": "1500391564.919812"
            },
            {
                "user": "U53T94L7N",
                "ts": "1501835087.628327"
            }
        ],
        "unread_count": 3,
        "ts": "1500389852.809462",
        "reactions": [
            {
                "name": "rocket",
                "users": [
                    "U54ACN4L9",
                    "U57DKJR5F"
                ],
                "count": 2
            }
        ]
    },
    {
        "type": "message",
        "user": "U54ACN4L9",
        "text": "Superbe article. Je m’étais déjà intéressé au sujet et ca fait un bon rappel :slightly_smiling_face:",
        "thread_ts": "1500389852.809462",
        "parent_user_id": "U5NJE3B1U",
        "ts": "1500391259.724850",
        "reactions": [
            {
                "name": "rocket",
                "users": [
                    "U5NJE3B1U"
                ],
                "count": 1
            }
        ]
    },
    {
        "type": "message",
        "user": "U5NJE3B1U",
        "text": "Thanks ! :slightly_smiling_face:",
        "thread_ts": "1500389852.809462",
        "parent_user_id": "U5NJE3B1U",
        "ts": "1500391564.919812"
    }
]