[
    {
        "user": "U5BBYBDGS",
        "text": "<@U5BBYBDGS> has joined the channel",
        "type": "message",
        "subtype": "channel_join",
        "ts": "1494420349.006346"
    },
    {
        "user": "U5BDVP83E",
        "text": "<@U5BDVP83E> has joined the channel",
        "type": "message",
        "subtype": "channel_join",
        "ts": "1494422121.651400"
    },
    {
        "user": "U5AS5SF89",
        "text": "<@U5AS5SF89> has joined the channel",
        "type": "message",
        "subtype": "channel_join",
        "ts": "1494425262.049104"
    },
    {
        "user": "U5C86111D",
        "text": "<@U5C86111D> has joined the channel",
        "type": "message",
        "subtype": "channel_join",
        "ts": "1494425427.128188"
    },
    {
        "user": "U5ATQNV4Z",
        "text": "<@U5ATQNV4Z> has joined the channel",
        "type": "message",
        "subtype": "channel_join",
        "ts": "1494429466.212368"
    },
    {
        "user": "U5AV671TK",
        "text": "<@U5AV671TK> has joined the channel",
        "type": "message",
        "subtype": "channel_join",
        "ts": "1494433374.160766"
    },
    {
        "user": "U5B18JDFS",
        "text": "<@U5B18JDFS> has joined the channel",
        "type": "message",
        "subtype": "channel_join",
        "ts": "1494446952.254146"
    },
    {
        "user": "U5BQP9TRT",
        "text": "<@U5BQP9TRT> has joined the channel",
        "type": "message",
        "subtype": "channel_join",
        "ts": "1494450275.650776"
    },
    {
        "user": "U5CHB34S3",
        "text": "<@U5CHB34S3> has joined the channel",
        "type": "message",
        "subtype": "channel_join",
        "ts": "1494453208.674662"
    },
    {
        "user": "U5CH9K4LW",
        "text": "<@U5CH9K4LW> has joined the channel",
        "type": "message",
        "subtype": "channel_join",
        "ts": "1494455556.331474"
    },
    {
        "user": "U5CMNAMPZ",
        "text": "<@U5CMNAMPZ> has joined the channel",
        "type": "message",
        "subtype": "channel_join",
        "ts": "1494485798.173131"
    }
]