[
    {
        "user": "U7Z847M2B",
        "text": "<@U7Z847M2B> has joined the channel",
        "type": "message",
        "subtype": "channel_join",
        "ts": "1510305986.000103"
    },
    {
        "type": "message",
        "user": "U54E8FNL9",
        "text": "l’autre blog a une authority plus forte, il repompe ton contenu et Google le met en avant, c’est ca ?",
        "thread_ts": "1510184600.000176",
        "parent_user_id": "U56KDGG9W",
        "ts": "1510308847.000072"
    },
    {
        "type": "message",
        "user": "U54E8FNL9",
        "text": "(je ne suis pas étonné)",
        "thread_ts": "1510184600.000176",
        "parent_user_id": "U56KDGG9W",
        "ts": "1510308854.000023"
    },
    {
        "user": "U7Y8CUXM2",
        "text": "<@U7Y8CUXM2> has joined the channel",
        "type": "message",
        "subtype": "channel_join",
        "ts": "1510312064.000129"
    }
]