[
    {
        "user": "U55ER8GLV",
        "text": "<@U55ER8GLV> has joined the channel",
        "type": "message",
        "subtype": "channel_join",
        "ts": "1493972748.644121"
    },
    {
        "user": "U54KSDKCY",
        "text": "<@U54KSDKCY> has joined the channel",
        "type": "message",
        "subtype": "channel_join",
        "ts": "1493978026.956008"
    },
    {
        "user": "U597UMT3L",
        "text": "<@U597UMT3L> has joined the channel",
        "type": "message",
        "subtype": "channel_join",
        "ts": "1493986360.780377"
    },
    {
        "user": "U58LTK9S4",
        "text": "<@U58LTK9S4> has joined the channel",
        "type": "message",
        "subtype": "channel_join",
        "ts": "1493997562.107482"
    },
    {
        "user": "U59CF4E9Y",
        "text": "<@U59CF4E9Y> has joined the channel",
        "type": "message",
        "subtype": "channel_join",
        "ts": "1494001677.916322"
    }
]