[
    {
        "user": "U60PG99FX",
        "text": "<@U60PG99FX> has joined the channel",
        "type": "message",
        "subtype": "channel_join",
        "ts": "1498633595.198408"
    },
    {
        "user": "U607S8BK3",
        "text": "<@U607S8BK3> has joined the channel",
        "type": "message",
        "subtype": "channel_join",
        "ts": "1498649631.690510"
    },
    {
        "user": "U60S2R09Y",
        "text": "<@U60S2R09Y> has joined the channel",
        "type": "message",
        "subtype": "channel_join",
        "ts": "1498657231.720035"
    },
    {
        "user": "U61M6H770",
        "text": "<@U61M6H770> has joined the channel",
        "type": "message",
        "subtype": "channel_join",
        "ts": "1498658826.327988"
    },
    {
        "user": "U60SNUMGA",
        "text": "<@U60SNUMGA> has joined the channel",
        "type": "message",
        "subtype": "channel_join",
        "ts": "1498658908.362660"
    },
    {
        "user": "U60STHCJE",
        "text": "<@U60STHCJE> has joined the channel",
        "type": "message",
        "subtype": "channel_join",
        "ts": "1498659272.512068"
    },
    {
        "user": "U61Q70F3R",
        "text": "<@U61Q70F3R> has joined the channel",
        "type": "message",
        "subtype": "channel_join",
        "ts": "1498665138.031880"
    },
    {
        "user": "U612RQTSR",
        "text": "<@U612RQTSR> has joined the channel",
        "type": "message",
        "subtype": "channel_join",
        "ts": "1498665458.168492"
    },
    {
        "user": "U61QD2CLX",
        "text": "<@U61QD2CLX> has joined the channel",
        "type": "message",
        "subtype": "channel_join",
        "ts": "1498665590.224339"
    },
    {
        "user": "U60DUGA9X",
        "text": "<@U60DUGA9X> has joined the channel",
        "type": "message",
        "subtype": "channel_join",
        "ts": "1498668025.179282"
    },
    {
        "user": "U61S19Q4X",
        "text": "<@U61S19Q4X> has joined the channel",
        "type": "message",
        "subtype": "channel_join",
        "ts": "1498670079.948187"
    },
    {
        "user": "U623AKWG7",
        "text": "<@U623AKWG7> has joined the channel",
        "type": "message",
        "subtype": "channel_join",
        "ts": "1498693153.124263"
    },
    {
        "user": "U61BF6WBU",
        "text": "<@U61BF6WBU> has joined the channel",
        "type": "message",
        "subtype": "channel_join",
        "ts": "1498719066.303803"
    }
]