[
    {
        "user": "U54PWGHBQ",
        "text": "<@U54PWGHBQ> has joined the channel",
        "type": "message",
        "subtype": "channel_join",
        "ts": "1493105647.831428"
    },
    {
        "user": "U541NNS68",
        "text": "<@U541NNS68> has joined the channel",
        "type": "message",
        "subtype": "channel_join",
        "ts": "1493105920.892334"
    },
    {
        "user": "U54139CKW",
        "text": "<@U54139CKW> has joined the channel",
        "type": "message",
        "subtype": "channel_join",
        "ts": "1493108677.595563"
    },
    {
        "user": "U53T72M8B",
        "text": "<@U53T72M8B> has joined the channel",
        "type": "message",
        "subtype": "channel_join",
        "ts": "1493108868.647743"
    },
    {
        "user": "U53T3FKPD",
        "text": "<@U53T3FKPD> has joined the channel",
        "type": "message",
        "subtype": "channel_join",
        "ts": "1493108969.675674"
    },
    {
        "user": "U53CMNPR7",
        "text": "<@U53CMNPR7> has joined the channel",
        "type": "message",
        "subtype": "channel_join",
        "ts": "1493108988.680984"
    },
    {
        "user": "U54QL7C5D",
        "text": "<@U54QL7C5D> has joined the channel",
        "type": "message",
        "subtype": "channel_join",
        "ts": "1493109094.712148"
    },
    {
        "user": "U542ACH3P",
        "text": "<@U542ACH3P> has joined the channel",
        "type": "message",
        "subtype": "channel_join",
        "ts": "1493109361.786237"
    },
    {
        "user": "U54QME9RD",
        "text": "<@U54QME9RD> has joined the channel",
        "type": "message",
        "subtype": "channel_join",
        "ts": "1493109566.842773"
    },
    {
        "user": "U54QU9F3Q",
        "text": "<@U54QU9F3Q> has joined the channel",
        "type": "message",
        "subtype": "channel_join",
        "ts": "1493110551.122191"
    },
    {
        "user": "U54R9JPBR",
        "text": "<@U54R9JPBR> has joined the channel",
        "type": "message",
        "subtype": "channel_join",
        "ts": "1493110904.227904"
    },
    {
        "user": "U53E0AZ5F",
        "text": "<@U53E0AZ5F> has joined the channel",
        "type": "message",
        "subtype": "channel_join",
        "ts": "1493111340.354544"
    },
    {
        "user": "U543A3CLV",
        "text": "<@U543A3CLV> has joined the channel",
        "type": "message",
        "subtype": "channel_join",
        "ts": "1493112692.736954"
    },
    {
        "user": "U53BSQF2L",
        "text": "<@U53BSQF2L> has joined the channel",
        "type": "message",
        "subtype": "channel_join",
        "ts": "1493115293.436791"
    },
    {
        "user": "U53B0C18Q",
        "text": "<@U53B0C18Q> has joined the channel",
        "type": "message",
        "subtype": "channel_join",
        "ts": "1493115968.598985"
    },
    {
        "user": "U543911MG",
        "text": "<@U543911MG> has joined the channel",
        "type": "message",
        "subtype": "channel_join",
        "ts": "1493121666.917308"
    },
    {
        "user": "U53GAFF8R",
        "text": "<@U53GAFF8R> has joined the channel",
        "type": "message",
        "subtype": "channel_join",
        "ts": "1493123778.499563"
    },
    {
        "user": "U5444AJBW",
        "text": "<@U5444AJBW> has joined the channel",
        "type": "message",
        "subtype": "channel_join",
        "ts": "1493127230.735178"
    },
    {
        "user": "U544P0TK4",
        "text": "<@U544P0TK4> has joined the channel",
        "type": "message",
        "subtype": "channel_join",
        "ts": "1493128276.185658"
    },
    {
        "user": "U54QDDPJT",
        "text": "<@U54QDDPJT> has joined the channel",
        "type": "message",
        "subtype": "channel_join",
        "ts": "1493128412.247624"
    },
    {
        "user": "U54PABTGW",
        "text": "<@U54PABTGW> has joined the channel",
        "type": "message",
        "subtype": "channel_join",
        "ts": "1493131810.892720"
    },
    {
        "user": "U5519FU87",
        "text": "<@U5519FU87> has joined the channel",
        "type": "message",
        "subtype": "channel_join",
        "ts": "1493133041.523917"
    },
    {
        "user": "U544GB0JF",
        "text": "<@U544GB0JF> has joined the channel",
        "type": "message",
        "subtype": "channel_join",
        "ts": "1493133743.873156"
    },
    {
        "user": "U542QHVJP",
        "text": "<@U542QHVJP> has joined the channel",
        "type": "message",
        "subtype": "channel_join",
        "ts": "1493135785.893197"
    },
    {
        "user": "U554EUSKY",
        "text": "<@U554EUSKY> has joined the channel",
        "type": "message",
        "subtype": "channel_join",
        "ts": "1493148604.618832"
    },
    {
        "user": "U54328X5K",
        "text": "<@U54328X5K> has joined the channel",
        "type": "message",
        "subtype": "channel_join",
        "ts": "1493148710.663170"
    },
    {
        "user": "U54F4N85A",
        "text": "<@U54F4N85A> has joined the channel",
        "type": "message",
        "subtype": "channel_join",
        "ts": "1493154192.898232"
    }
]