[
    {
        "user": "U547GK5H8",
        "text": "<@U547GK5H8> has joined the channel",
        "type": "message",
        "subtype": "channel_join",
        "ts": "1493658011.267958"
    },
    {
        "user": "U56J2U40Y",
        "text": "<@U56J2U40Y> has joined the channel",
        "type": "message",
        "subtype": "channel_join",
        "ts": "1493706187.272291"
    },
    {
        "user": "U57B4V82H",
        "text": "<@U57B4V82H> has joined the channel",
        "type": "message",
        "subtype": "channel_join",
        "ts": "1493706530.321942"
    },
    {
        "user": "U582L1GTG",
        "text": "<@U582L1GTG> has joined the channel",
        "type": "message",
        "subtype": "channel_join",
        "ts": "1493707292.438371"
    },
    {
        "user": "U56J9DERE",
        "text": "<@U56J9DERE> has joined the channel",
        "type": "message",
        "subtype": "channel_join",
        "ts": "1493707819.520650"
    },
    {
        "user": "U578KJJEN",
        "text": "<@U578KJJEN> has joined the channel",
        "type": "message",
        "subtype": "channel_join",
        "ts": "1493708266.595874"
    }
]