[
    {
        "user": "U5PG61QLE",
        "text": "<@U5PG61QLE> has joined the channel",
        "type": "message",
        "subtype": "channel_join",
        "ts": "1496672111.710019"
    },
    {
        "user": "U56H82QQJ",
        "text": "<@U56H82QQJ> has joined the channel",
        "type": "message",
        "subtype": "channel_join",
        "ts": "1496674759.628858"
    },
    {
        "type": "message",
        "user": "U54E8FNL9",
        "text": "Ce n'est pas nouveau, je suis retombé dessus par hasard, mais c'est toujours pertinent <https:\/\/blog.markgrowth.com\/the-ultimate-startup-marketing-checklist-31666bd56e41>",
        "attachments": [
            {
                "service_name": "Marketing And Growth Hacking",
                "title": "The Ultimate Startup Marketing Checklist – Marketing And Growth Hacking",
                "title_link": "https:\/\/blog.markgrowth.com\/the-ultimate-startup-marketing-checklist-31666bd56e41",
                "text": "I’ve put together a simple list of the essentials you need to know to grow your startup.",
                "fallback": "Marketing And Growth Hacking: The Ultimate Startup Marketing Checklist – Marketing And Growth Hacking",
                "image_url": "https:\/\/cdn-images-1.medium.com\/max\/1200\/1*QCMkG66-7STAXMfVSQm4vg.jpeg",
                "fields": [
                    {
                        "title": "Reading time",
                        "value": "4 min read",
                        "short": true
                    }
                ],
                "ts": 1434465863,
                "from_url": "https:\/\/blog.markgrowth.com\/the-ultimate-startup-marketing-checklist-31666bd56e41",
                "image_width": 375,
                "image_height": 250,
                "image_bytes": 103327,
                "service_icon": "https:\/\/cdn-images-1.medium.com\/fit\/c\/152\/152\/1*PlzjoMmo-8hyhpHaPNmmXA.png",
                "id": 1
            }
        ],
        "ts": "1496730150.971178",
        "reactions": [
            {
                "name": "+1",
                "users": [
                    "U53T94L7N",
                    "U55AEG97A"
                ],
                "count": 2
            }
        ]
    }
]