[
    {
        "type": "message",
        "user": "U5NJE3B1U",
        "text": "Hello !\nJ'ai écrit un article sur les routines et habitudes, n'hésitez pas à me donner vos feedbacks !\n\n<https:\/\/medium.com\/essentiels\/mozart-et-flaubert-ne-se-levaient-pas-%C3%A0-5h-du-matin-56608e8bbf78>",
        "attachments": [
            {
                "service_name": "Medium",
                "title": "Mozart et Flaubert ne se levaient pas à 5h du matin.",
                "title_link": "https:\/\/medium.com\/essentiels\/mozart-et-flaubert-ne-se-levaient-pas-%C3%A0-5h-du-matin-56608e8bbf78",
                "text": "Lève-toi à 5h. Médite 30 minutes. Bois 3 grands verres d’eau. Mange un petit-déjeuner à base de d’avocats et de graines de chia. Va courir…",
                "fallback": "Medium: Mozart et Flaubert ne se levaient pas à 5h du matin.",
                "image_url": "https:\/\/cdn-images-1.medium.com\/max\/1200\/1*GKO-qz6XZWAraFufkZ4fZg.jpeg",
                "fields": [
                    {
                        "title": "Reading time",
                        "value": "9 min read",
                        "short": true
                    }
                ],
                "ts": 1506695829,
                "from_url": "https:\/\/medium.com\/essentiels\/mozart-et-flaubert-ne-se-levaient-pas-%C3%A0-5h-du-matin-56608e8bbf78",
                "image_width": 444,
                "image_height": 250,
                "image_bytes": 187573,
                "service_icon": "https:\/\/cdn-images-1.medium.com\/fit\/c\/304\/304\/1*jxKzVoLbf1e_U2zYyqSGZQ.png",
                "id": 1
            }
        ],
        "thread_ts": "1506849209.000020",
        "reply_count": 5,
        "replies": [
            {
                "user": "U5AV671TK",
                "ts": "1506854033.000013"
            },
            {
                "user": "U5SRSJC5B",
                "ts": "1506858294.000037"
            },
            {
                "user": "U543MU39P",
                "ts": "1506867439.000038"
            },
            {
                "user": "U7A9TAWJY",
                "ts": "1506924457.000202"
            },
            {
                "user": "U566P6QCE",
                "ts": "1507222732.000056"
            }
        ],
        "unread_count": 5,
        "ts": "1506849209.000020",
        "reactions": [
            {
                "name": "+1",
                "users": [
                    "U53T94L7N",
                    "U543MU39P",
                    "U5519FU87",
                    "U55UKCMQT",
                    "U566P6QCE",
                    "U57DAHPE1",
                    "U5AV671TK",
                    "U5SRSJC5B",
                    "U76223C6Q",
                    "U792LV72S",
                    "U79HQKJHJ",
                    "U7AJ2AX71"
                ],
                "count": 12
            }
        ]
    },
    {
        "type": "message",
        "user": "U79HQKJHJ",
        "text": "<@U5NJE3B1U> super article !",
        "ts": "1506850410.000056",
        "reactions": [
            {
                "name": "heart",
                "users": [
                    "U5NJE3B1U"
                ],
                "count": 1
            }
        ]
    },
    {
        "type": "message",
        "user": "U5AV671TK",
        "text": "J'ai adoré ! Très bon résumé du principe des habitudes, et enfin une critique du bullshit US niveau développement personnel",
        "thread_ts": "1506849209.000020",
        "parent_user_id": "U5NJE3B1U",
        "ts": "1506854033.000013",
        "reactions": [
            {
                "name": "heart",
                "users": [
                    "U54E8FNL9",
                    "U5NJE3B1U"
                ],
                "count": 2
            },
            {
                "name": "the_horns",
                "users": [
                    "U566P6QCE"
                ],
                "count": 1
            }
        ]
    },
    {
        "type": "message",
        "user": "U5SRSJC5B",
        "text": "<@U5NJE3B1U> futur auteur bestseller. Il faut que tu push plus sur la promotion, ton process est intéressant (écrire un bouquin grâce à des articles) et ça pourrait intéresser pas mal de gars de te suivre dans cette aventure. MP si tu veux en parler :wink:",
        "thread_ts": "1506849209.000020",
        "parent_user_id": "U5NJE3B1U",
        "ts": "1506858294.000037",
        "reactions": [
            {
                "name": "heart",
                "users": [
                    "U5NJE3B1U"
                ],
                "count": 1
            }
        ]
    },
    {
        "type": "message",
        "user": "U543MU39P",
        "text": "Très bon article dans lequel je me reconnais : #jeracontemavie : ayant un travail très usant mentalement la journée avec beaucoup de prises de décision, je bossais le soir sur mon temps libre autour de mes passions (webmarketing\/growthhacking\/social media) -&gt; productivité assez faible, épuisement mental, etc.. Depuis quelques mois j'ai une approche beaucoup plus pragmatique : je me suis créé une routine pour bosser sur mes passions avant tout le reste en me levant à 05h :wink: (je ne médite pas 30mn, ni ne boit 3 verres d'eau et je vais pas courrir pendant 1h :slightly_smiling_face: Cela me permet de disposer de la capacité max de mon cerveau avant d'attaquer ma vraie journée de travail. J'ai encore beaucoup de routines à tester et à adopter car je sens que ma productivité pourrait être encore plus importante. Les routines sont effectivement propres à chacun et il faut les A\/B tester :wink: pour voir celles qui nous correspond le mieux. Merci pour cet article.",
        "edited": {
            "user": "U543MU39P",
            "ts": "1506868137.000000"
        },
        "thread_ts": "1506849209.000020",
        "parent_user_id": "U5NJE3B1U",
        "ts": "1506867439.000038",
        "reactions": [
            {
                "name": "heart",
                "users": [
                    "U5NJE3B1U"
                ],
                "count": 1
            }
        ]
    },
    {
        "type": "message",
        "user": "U7A9TAWJY",
        "text": "Top cet article ! :+1: J'imagine que tu as déjà lu, mais le Personal MBA et la méthode GTD (David Allen) vont un peu dans ton sens : A\/B testing + système rigide mais à adapter à soi ! :wink:",
        "thread_ts": "1506849209.000020",
        "parent_user_id": "U5NJE3B1U",
        "ts": "1506924457.000202",
        "reactions": [
            {
                "name": "+1",
                "users": [
                    "U5NJE3B1U"
                ],
                "count": 1
            }
        ]
    }
]