[
    {
        "type": "message",
        "user": "U55AEG97A",
        "text": "<https:\/\/blog.intellyo.com\/growth-marketing\/why-we-dont-believe-in-growth-hacking> Encore un qui résume le GH à un set de techniques obscures",
        "attachments": [
            {
                "title": "Why We Don't Believe in Growth Hacking",
                "title_link": "https:\/\/blog.intellyo.com\/growth-marketing\/why-we-dont-believe-in-growth-hacking",
                "text": "Growth is great, but do you really need to use hacks? Discover why we don't, and what we do instead.",
                "fallback": "Why We Don't Believe in Growth Hacking",
                "image_url": "https:\/\/res.cloudinary.com\/intellyo\/image\/upload\/c_crop,h_725,w_1600,x_0,y_26\/gzh4ygohc2cthbhrkija.jpg",
                "from_url": "https:\/\/blog.intellyo.com\/growth-marketing\/why-we-dont-believe-in-growth-hacking",
                "image_width": 552,
                "image_height": 250,
                "image_bytes": 56615,
                "service_icon": "https:\/\/blog.intellyo.com\/favicon-32.png?v=1.8.7",
                "service_name": "blog.intellyo.com",
                "id": 1
            }
        ],
        "ts": "1505459563.000282"
    },
    {
        "user": "U74FEUWQ6",
        "text": "<@U74FEUWQ6> has joined the channel",
        "type": "message",
        "subtype": "channel_join",
        "ts": "1505463967.000298"
    },
    {
        "type": "message",
        "user": "U548SPQD6",
        "text": "Hello, j’ai écrit un article suite à un talk de Jean pour Lion (The Family). Je reviens sur l’éducation, le sens critique et les techniques pour apprendre à mieux s’organiser : <https:\/\/medium.com\/lion-by-thefamily\/sorganiser-comme-une-machine-pour-vivre-comme-un-humain-563da5f2dffb>",
        "attachments": [
            {
                "service_name": "Medium",
                "title": "S’organiser comme une machine pour vivre comme un humain",
                "title_link": "https:\/\/medium.com\/lion-by-thefamily\/sorganiser-comme-une-machine-pour-vivre-comme-un-humain-563da5f2dffb",
                "text": "Les 6 principes pour délivrer comme une machine.",
                "fallback": "Medium: S’organiser comme une machine pour vivre comme un humain",
                "image_url": "https:\/\/cdn-images-1.medium.com\/max\/1200\/1*pDg9BC0GglH1vvXikWHoKg.jpeg",
                "fields": [
                    {
                        "title": "Reading time",
                        "value": "8 min read",
                        "short": true
                    }
                ],
                "ts": 1504277081,
                "from_url": "https:\/\/medium.com\/lion-by-thefamily\/sorganiser-comme-une-machine-pour-vivre-comme-un-humain-563da5f2dffb",
                "image_width": 444,
                "image_height": 250,
                "image_bytes": 123601,
                "service_icon": "https:\/\/cdn-images-1.medium.com\/fit\/c\/304\/304\/1*cDWeHhRnMWw6aRHSnf1uEA.png",
                "id": 1
            }
        ],
        "thread_ts": "1505476928.000159",
        "reply_count": 2,
        "replies": [
            {
                "user": "U55AEG97A",
                "ts": "1505481091.000160"
            },
            {
                "user": "U548SPQD6",
                "ts": "1505570739.000083"
            }
        ],
        "unread_count": 2,
        "ts": "1505476928.000159",
        "reactions": [
            {
                "name": "+1",
                "users": [
                    "U55AEG97A"
                ],
                "count": 1
            }
        ]
    },
    {
        "type": "message",
        "user": "U55AEG97A",
        "text": "Sympa :slightly_smiling_face:",
        "thread_ts": "1505476928.000159",
        "parent_user_id": "U548SPQD6",
        "ts": "1505481091.000160"
    }
]