[
    {
        "type": "message",
        "user": "U54NAL317",
        "text": "<https:\/\/www.indiehackers.com\/>",
        "attachments": [
            {
                "service_name": "Indie Hackers",
                "title": "Connect with the entrepeneurs behind profitable online businesses",
                "title_link": "https:\/\/www.indiehackers.com\/",
                "text": "Read interviews with successful founders who share the revenue numbers behind their businesses, and connect with fellow entrepeneurs and bootstrappers.",
                "fallback": "Indie Hackers: Connect with the entrepeneurs behind profitable online businesses",
                "image_url": "https:\/\/www.indiehackers.com\/images\/shareables\/home-d4b93248460b35fcc3a0cbb5e1439c.jpg",
                "image_width": 500,
                "image_height": 250,
                "from_url": "https:\/\/www.indiehackers.com\/",
                "image_bytes": 213488,
                "service_icon": "https:\/\/www.indiehackers.com\/images\/favicons\/favicon--16x16-d4b93248460b35fcc3a0cbb5e1439c.png",
                "id": 1
            }
        ],
        "ts": "1516267115.000073"
    },
    {
        "type": "message",
        "user": "U54NAL317",
        "text": "pour ceux du Slack qui ont un Side project",
        "ts": "1516267127.000053"
    },
    {
        "type": "message",
        "user": "U57DKJR5F",
        "text": "nice, merci du partage !",
        "ts": "1516267198.000032",
        "reactions": [
            {
                "name": "slightly_smiling_face",
                "users": [
                    "U54NAL317"
                ],
                "count": 1
            }
        ]
    },
    {
        "type": "message",
        "user": "U54NAL317",
        "text": "le dernier podcast est celui de Pieter Levelz, l'idole d'<@U57DAHPE1> :slightly_smiling_face:",
        "thread_ts": "1516267224.000279",
        "reply_count": 2,
        "replies": [
            {
                "user": "U57DKJR5F",
                "ts": "1516267340.000345"
            },
            {
                "user": "U54NAL317",
                "ts": "1516267348.000439"
            }
        ],
        "unread_count": 2,
        "ts": "1516267224.000279"
    },
    {
        "type": "message",
        "user": "U57DKJR5F",
        "text": "notre idole à tous tu veux dire :wink:",
        "thread_ts": "1516267224.000279",
        "parent_user_id": "U54NAL317",
        "ts": "1516267340.000345"
    },
    {
        "type": "message",
        "user": "U54NAL317",
        "text": "haha oui",
        "thread_ts": "1516267224.000279",
        "parent_user_id": "U54NAL317",
        "ts": "1516267348.000439"
    },
    {
        "type": "message",
        "user": "U54NAL317",
        "text": "3 filles sur 43 invités du podcast, faut se bouger les filles !",
        "ts": "1516267355.000281",
        "reactions": [
            {
                "name": "100",
                "users": [
                    "U54KSDKCY"
                ],
                "count": 1
            }
        ]
    },
    {
        "type": "message",
        "user": "U5SRSJC5B",
        "text": "quelqu'un est actif sur indie hackers ? C'est cool ou pas ?",
        "thread_ts": "1516271546.000192",
        "reply_count": 1,
        "replies": [
            {
                "user": "U7ZTG27N1",
                "ts": "1516373382.000093"
            }
        ],
        "unread_count": 1,
        "ts": "1516271546.000192"
    },
    {
        "user": "U8VU5MLCF",
        "text": "<@U8VU5MLCF> has joined the channel",
        "type": "message",
        "subtype": "channel_join",
        "ts": "1516285139.000110"
    }
]