[
    {
        "user": "U8PG2F0P7",
        "text": "<@U8PG2F0P7> has joined the channel",
        "type": "message",
        "subtype": "channel_join",
        "ts": "1515399329.000069"
    },
    {
        "type": "message",
        "user": "U54NAL317",
        "text": "pour répondre sérieusement à ta question <@U57JNRABE>, voici quelques sources :\n<https:\/\/www.simoahava.com\/>\n<https:\/\/www.lunametrics.com\/blog\/>\n<https:\/\/www.themarketingtechnologist.co\/>\n<https:\/\/deux.io\/category\/growth-hacking\/>\net bientôt le blog Growth Hacking France \\o\/",
        "edited": {
            "user": "U54NAL317",
            "ts": "1515744972.000000"
        },
        "thread_ts": "1515402761.000009",
        "reply_count": 1,
        "replies": [
            {
                "user": "U57JNRABE",
                "ts": "1515406050.000240"
            }
        ],
        "unread_count": 1,
        "ts": "1515402761.000009",
        "reactions": [
            {
                "name": "+1",
                "users": [
                    "U54PR7DFW",
                    "U704DHU58"
                ],
                "count": 2
            }
        ]
    },
    {
        "type": "message",
        "user": "U57JNRABE",
        "text": "Merci beaucoup <@U54NAL317>  !!",
        "thread_ts": "1515402761.000009",
        "parent_user_id": "U54NAL317",
        "ts": "1515406050.000240",
        "reactions": [
            {
                "name": "+1",
                "users": [
                    "U54NAL317"
                ],
                "count": 1
            }
        ]
    },
    {
        "type": "message",
        "subtype": "pinned_item",
        "user": "U7CHPNUE5",
        "item_type": "C",
        "attachments": [
            {
                "fallback": "[January 8th, 2018 1:12 AM] melanie_almeida: pour répondre sérieusement à ta question <@U57JNRABE>, voici quelques sources :\n<https:\/\/www.simoahava.com\/>\n<https:\/\/www.lunametrics.com\/blog\/>\n<https:\/\/www.themarketingtechnologist.co\/>\n<https:\/\/deux.io\/category\/growth-hacking\/>\net bientôt le blog Growth Hacking France \\o\/",
                "ts": "1515402761.000009",
                "author_id": "U54NAL317",
                "author_subname": "Melanie Almeida",
                "channel_id": "C53NKNCGK",
                "channel_name": "blog-posts",
                "is_msg_unfurl": true,
                "is_thread_root_unfurl": true,
                "text": "pour répondre sérieusement à ta question <@U57JNRABE>, voici quelques sources :\n<https:\/\/www.simoahava.com\/>\n<https:\/\/www.lunametrics.com\/blog\/>\n<https:\/\/www.themarketingtechnologist.co\/>\n<https:\/\/deux.io\/category\/growth-hacking\/>\net bientôt le blog Growth Hacking France \\o\/",
                "author_name": "Melanie Almeida",
                "author_link": "https:\/\/growthhackingfrance.slack.com\/team\/U54NAL317",
                "author_icon": "https:\/\/avatars.slack-edge.com\/2017-08-03\/221745704163_3c40a439701d428ccbac_48.png",
                "mrkdwn_in": [
                    "text"
                ]
            }
        ],
        "text": "<@U7CHPNUE5> pinned a message to this channel.",
        "ts": "1515425603.000432"
    },
    {
        "user": "U8NT2QGPJ",
        "text": "<@U8NT2QGPJ> has joined the channel",
        "type": "message",
        "subtype": "channel_join",
        "ts": "1515425672.000007"
    }
]