[
    {
        "user": "U8VC0L3T4",
        "text": "<@U8VC0L3T4> has joined the channel",
        "type": "message",
        "subtype": "channel_join",
        "ts": "1516350614.000071"
    },
    {
        "user": "U8UPHRU72",
        "text": "<@U8UPHRU72> has joined the channel",
        "type": "message",
        "subtype": "channel_join",
        "ts": "1516356774.000181"
    },
    {
        "type": "message",
        "user": "U7ZTG27N1",
        "text": "Hello GHF, en collaboration avec PixelMe, j'ai écrit un article sur comment combiner messaging marketing et retargeting afin d'augmenter son taux de conversion. \n\nL'article Medium est par ici, n'hésitez pas à me donner votre avis :wink: <http:\/\/pxlme.me\/KPGMuyNC|pxlme.me\/KPGMuyNC>",
        "edited": {
            "user": "U7ZTG27N1",
            "ts": "1516372904.000000"
        },
        "ts": "1516372888.000215"
    },
    {
        "type": "message",
        "user": "U54NAL317",
        "text": "C'est un lien <http:\/\/pixel.me|pixel.me>, tu vas nous retargeter dans des pubs ? :stuck_out_tongue:",
        "edited": {
            "user": "U54NAL317",
            "ts": "1516373112.000000"
        },
        "ts": "1516373095.000020"
    },
    {
        "type": "message",
        "user": "U7ZTG27N1",
        "text": "C'était pour la logique (vu que je parle de PixelMe) Haha voici le lien direct: <https:\/\/medium.com\/pixelme-blog\/level-up-your-messaging-marketing-game-with-botletter-pixelme-c553a5b4db39>",
        "attachments": [
            {
                "service_name": "Medium",
                "title": "Level up your Messaging Marketing game with Botletter &amp; PixelMe :fire:",
                "title_link": "https:\/\/medium.com\/pixelme-blog\/level-up-your-messaging-marketing-game-with-botletter-pixelme-c553a5b4db39",
                "text": "Content marketing is king, but you can be easily mistaken with your blog vanity metrics. You get tons of traffic each month? Fine. Now…",
                "fallback": "Medium: Level up your Messaging Marketing game with Botletter &amp; PixelMe 🔥",
                "image_url": "https:\/\/cdn-images-1.medium.com\/max\/1200\/1*JidB15KhHZCOJEL8N_4pTg.png",
                "fields": [
                    {
                        "title": "Reading time",
                        "value": "8 min read",
                        "short": true
                    }
                ],
                "ts": 1516362061,
                "from_url": "https:\/\/medium.com\/pixelme-blog\/level-up-your-messaging-marketing-game-with-botletter-pixelme-c553a5b4db39",
                "image_width": 478,
                "image_height": 250,
                "image_bytes": 157874,
                "service_icon": "https:\/\/cdn-images-1.medium.com\/fit\/c\/304\/304\/1*txFqW7BS8iZGp-p8PqMbDg.png",
                "id": 1
            }
        ],
        "ts": "1516373285.000350",
        "reactions": [
            {
                "name": "joy",
                "users": [
                    "U54NAL317",
                    "U57DKJR5F",
                    "U5SRSJC5B"
                ],
                "count": 3
            }
        ]
    },
    {
        "type": "message",
        "user": "U7ZTG27N1",
        "text": "Perso j'adore, bonne ambiance et bon esprit. J'avais écrit un article via leur plateforme, c'était similaire à un article sur Medium en termes de traffic. Aussi, leurs podcasts sont vraiment cools pour les indie entrepreneurs :wink:",
        "thread_ts": "1516271546.000192",
        "parent_user_id": "U5SRSJC5B",
        "ts": "1516373382.000093",
        "reactions": [
            {
                "name": "+1",
                "users": [
                    "U5SRSJC5B"
                ],
                "count": 1
            }
        ]
    }
]