[
    {
        "type": "message",
        "user": "U57JNRABE",
        "text": "Si vous deviez me conseiller un blog\/site à lire chaque jour sur le topic : growth\/web-marketing ça serait lequel ? :slightly_smiling_face:",
        "ts": "1515250586.000003"
    },
    {
        "type": "message",
        "user": "U54NAL317",
        "text": "ce slack :stuck_out_tongue:",
        "ts": "1515258713.000006",
        "reactions": [
            {
                "name": "white_check_mark",
                "users": [
                    "U541S59L4",
                    "U542GFW85",
                    "U55AEG97A",
                    "U57JNRABE",
                    "U5830GL6A",
                    "U58RVQT8W",
                    "U5AUVFG0K",
                    "U5CQPG96J",
                    "U62V7G8J1",
                    "U6ET16EKV"
                ],
                "count": 10
            },
            {
                "name": "stuck_out_tongue",
                "users": [
                    "U5AV671TK",
                    "U5CQPG96J",
                    "U62V7G8J1"
                ],
                "count": 3
            }
        ]
    }
]