[
    {
        "type": "message",
        "user": "U6GDWPSMQ",
        "text": ":rocket: Je post mon premier article ici, n’hésitez pas à me donner vos retours d’expérience, merci!\n<https:\/\/medium.com\/@gregoire.bois\/growth-hacking-attention-aux-imposteurs-7918c0bd906f>",
        "attachments": [
            {
                "service_name": "Medium",
                "title": "Growth Hacking: Attention aux Imposteurs – Gregoire Bois – Medium",
                "title_link": "https:\/\/medium.com\/@gregoire.bois\/growth-hacking-attention-aux-imposteurs-7918c0bd906f",
                "text": "Quelle est cette explosion d’aspirants Growth Hackers sur Linkedin? Une fonction encore inconnue il y a quelques années (mois?) en France…",
                "fallback": "Medium: Growth Hacking: Attention aux Imposteurs – Gregoire Bois – Medium",
                "image_url": "https:\/\/cdn-images-1.medium.com\/max\/1200\/0*TbZcF5djo-Shz6g4.",
                "fields": [
                    {
                        "title": "Reading time",
                        "value": "5 min read",
                        "short": true
                    }
                ],
                "ts": 1515772749,
                "from_url": "https:\/\/medium.com\/@gregoire.bois\/growth-hacking-attention-aux-imposteurs-7918c0bd906f",
                "image_width": 556,
                "image_height": 250,
                "image_bytes": 112530,
                "service_icon": "https:\/\/cdn-images-1.medium.com\/fit\/c\/304\/304\/1*8I-HPL0bfoIzGied-dzOvA.png",
                "id": 1
            }
        ],
        "thread_ts": "1516007445.000353",
        "reply_count": 18,
        "replies": [
            {
                "user": "U5AV671TK",
                "ts": "1516007571.000335"
            },
            {
                "user": "U6GDWPSMQ",
                "ts": "1516007654.000132"
            },
            {
                "user": "U5AV671TK",
                "ts": "1516007851.000541"
            },
            {
                "user": "U6GDWPSMQ",
                "ts": "1516007938.000189"
            },
            {
                "user": "U6GDWPSMQ",
                "ts": "1516007991.000340"
            },
            {
                "user": "U54NAL317",
                "ts": "1516008142.000135"
            },
            {
                "user": "U5AV671TK",
                "ts": "1516008181.000480"
            },
            {
                "user": "U54NAL317",
                "ts": "1516008346.000395"
            },
            {
                "user": "U57DAHPE1",
                "ts": "1516008512.000322"
            },
            {
                "user": "U57DAHPE1",
                "ts": "1516008532.000409"
            },
            {
                "user": "U55AEG97A",
                "ts": "1516009665.000282"
            },
            {
                "user": "U6GDWPSMQ",
                "ts": "1516010313.000103"
            },
            {
                "user": "U5AV671TK",
                "ts": "1516012962.000250"
            },
            {
                "user": "U7M69QQV7",
                "ts": "1516017677.000176"
            },
            {
                "user": "U6GDWPSMQ",
                "ts": "1516022537.000170"
            },
            {
                "user": "U6GDWPSMQ",
                "ts": "1516022984.000138"
            },
            {
                "user": "U54NAL317",
                "ts": "1516024604.000212"
            },
            {
                "user": "U6GDWPSMQ",
                "ts": "1516024877.000101"
            }
        ],
        "unread_count": 18,
        "ts": "1516007445.000353",
        "reactions": [
            {
                "name": "ok_hand",
                "users": [
                    "U541S59L4",
                    "U566P6QCE"
                ],
                "count": 2
            },
            {
                "name": "clap",
                "users": [
                    "U54NAL317",
                    "U57DKJR5F",
                    "U580PR7C2",
                    "U58RVQT8W",
                    "U5AV671TK",
                    "U6ET16EKV",
                    "U6HETNZQ8",
                    "U80MTJ93N"
                ],
                "count": 8
            }
        ]
    },
    {
        "type": "message",
        "user": "U5AV671TK",
        "text": "c'est drôle j'aurais plus mis back en nécessaire, et front en bonus. Ca dépend vraiment de ce que tu fais et de la typologie de ta boîte en vrai :wink:",
        "thread_ts": "1516007445.000353",
        "parent_user_id": "U6GDWPSMQ",
        "ts": "1516007571.000335"
    },
    {
        "type": "message",
        "user": "U6GDWPSMQ",
        "text": "cool, comment tu utilises le back au boulot? scraping? analyse de données?",
        "thread_ts": "1516007445.000353",
        "parent_user_id": "U6GDWPSMQ",
        "ts": "1516007654.000132"
    },
    {
        "type": "message",
        "user": "U5AV671TK",
        "text": "Scraping, création et query de BDDs (SQL et NoSQL), mini-apps pour automatiser des trucs, gros cleaning de données, et bien sûr APIs !",
        "edited": {
            "user": "U5AV671TK",
            "ts": "1516007865.000000"
        },
        "thread_ts": "1516007445.000353",
        "parent_user_id": "U6GDWPSMQ",
        "ts": "1516007851.000541",
        "reactions": [
            {
                "name": "bananadance",
                "users": [
                    "U566P6QCE"
                ],
                "count": 1
            },
            {
                "name": "ok_hand",
                "users": [
                    "U566P6QCE",
                    "U6GDWPSMQ"
                ],
                "count": 2
            },
            {
                "name": "the_horns",
                "users": [
                    "U566P6QCE"
                ],
                "count": 1
            }
        ]
    },
    {
        "type": "message",
        "user": "U6GDWPSMQ",
        "text": "en effet, c’est vrai que ça devient de plus en plus nécessaire",
        "thread_ts": "1516007445.000353",
        "parent_user_id": "U6GDWPSMQ",
        "ts": "1516007938.000189"
    },
    {
        "type": "message",
        "user": "U6GDWPSMQ",
        "text": "je vais mettre l’emphase dessus, merci <@U5AV671TK>",
        "thread_ts": "1516007445.000353",
        "parent_user_id": "U6GDWPSMQ",
        "ts": "1516007991.000340"
    },
    {
        "type": "message",
        "user": "U54NAL317",
        "text": "et zut ! <@U5AV671TK> pourquoi tu relèves le niveau comme ça ? Y'avait déjà assez de compétences à apprendre, n'en rajoutes pas :joy:",
        "thread_ts": "1516007445.000353",
        "parent_user_id": "U6GDWPSMQ",
        "ts": "1516008142.000135",
        "reactions": [
            {
                "name": "sweat_smile",
                "users": [
                    "U54E8FNL9",
                    "U6GDWPSMQ"
                ],
                "count": 2
            }
        ]
    },
    {
        "type": "message",
        "user": "U5AV671TK",
        "text": "Parce que je suis une quiche en front, mais en vrai c'est tout aussi important. Surtout pour les A\/B tests et la personnalisation de sites :stuck_out_tongue:",
        "edited": {
            "user": "U5AV671TK",
            "ts": "1516008243.000000"
        },
        "thread_ts": "1516007445.000353",
        "parent_user_id": "U6GDWPSMQ",
        "ts": "1516008181.000480"
    },
    {
        "type": "message",
        "user": "U54NAL317",
        "text": ":sob:",
        "thread_ts": "1516007445.000353",
        "parent_user_id": "U6GDWPSMQ",
        "ts": "1516008346.000395"
    },
    {
        "type": "message",
        "user": "U57DAHPE1",
        "text": "Growth Hacking is the new community management...",
        "thread_ts": "1516007445.000353",
        "parent_user_id": "U6GDWPSMQ",
        "ts": "1516008512.000322",
        "reactions": [
            {
                "name": "gun",
                "users": [
                    "U54E8FNL9",
                    "U55AEG97A",
                    "U5AV671TK",
                    "U62V7G8J1",
                    "U80MTJ93N"
                ],
                "count": 5
            },
            {
                "name": "skull",
                "users": [
                    "U6GDWPSMQ",
                    "U80MTJ93N"
                ],
                "count": 2
            }
        ]
    },
    {
        "type": "message",
        "user": "U57DAHPE1",
        "text": "Mais bon je vous avoue que j’ai pas les compétences en Back non plus, j’suis une buse en Node...",
        "thread_ts": "1516007445.000353",
        "parent_user_id": "U6GDWPSMQ",
        "ts": "1516008532.000409"
    },
    {
        "type": "message",
        "user": "U55AEG97A",
        "text": "Super article sinon <@U6GDWPSMQ>, je rajouterai le growth management souvent bcp de gens parlent de GH sans même connaître les expérimentations, leur growth model... etc",
        "thread_ts": "1516007445.000353",
        "parent_user_id": "U6GDWPSMQ",
        "ts": "1516009665.000282"
    },
    {
        "type": "message",
        "user": "U6GDWPSMQ",
        "text": "Merci mehdi, tu as tout à fait raison! Et merci pour la mention sur Linkedin :wink:",
        "thread_ts": "1516007445.000353",
        "parent_user_id": "U6GDWPSMQ",
        "ts": "1516010313.000103"
    },
    {
        "type": "message",
        "user": "U5AV671TK",
        "text": "d'accord avec <@U55AEG97A> :+1:",
        "thread_ts": "1516007445.000353",
        "parent_user_id": "U6GDWPSMQ",
        "ts": "1516012962.000250"
    },
    {
        "user": "U56U52XRC",
        "text": "<@U56U52XRC> has joined the channel",
        "type": "message",
        "subtype": "channel_join",
        "ts": "1516013604.000060"
    },
    {
        "type": "message",
        "user": "U7M69QQV7",
        "text": "Pour ma part je reste assez sceptique face à cette liste. Je me dis qu'il ne faut pas s'étonner qu'on attende de nous d'être des magiciens. Quand je vois cette liste, ca me donne une fausse impression de revoir des jobs tels que \"webmaster\" (le dév couteau suisse de l'époque). Je suis d'accord sur le fait qu'on doit avoir des notions mais dans mon cas pour le digital marketing on a une personne qui s'en occupe dans notre boite, pour l'UI \/ UX, on a growth designer maintenant, pour le management \/ data: on recherche justement une personne qui va gérer avec moi cette partie plus high level \/ stratégie opérationnelle pour que je puisse rester focus sur l'exécution technique. Mettre tout ça dans les mains d'une personne c'est risqué. Voilà mon retour d'exp :slightly_smiling_face:",
        "thread_ts": "1516007445.000353",
        "parent_user_id": "U6GDWPSMQ",
        "ts": "1516017677.000176"
    },
    {
        "type": "message",
        "user": "U6GDWPSMQ",
        "text": "Merci Julien, et félicitations pour ton poste chez Qonto! C’était un réel plaisir de t’avoir rencontré! Il faut préciser en effet qu’il ne faut pas confier tout ça dans les mains d’une seule personne, surtout dans une grande boîte qui peut se permettre d’avoir des vrais spécialistes. Un GH ne peut pas être un expert de tous ces domaines mais dois y être suffisamment sensible pour ne pas se limiter à changer la couleur d’un bouton ou scraper Linkedin. C’est pour ça que dans une boîte assez grande on se retrouve plutôt à être Product Manager, dans le sens où on coordonne les différents métiers autour de l’amélioration et la croissance du produit (ce que je fais depuis 1 an) mais pour être vraiment honnête, c’est parfois plus efficace de faire certaines choses soit même, et surtout primordial au début pour gagner la confiance des dirigeants et des équipes grâce à des premiers résultats encourageant. Je parle de vécu!",
        "thread_ts": "1516007445.000353",
        "parent_user_id": "U6GDWPSMQ",
        "ts": "1516022537.000170"
    },
    {
        "type": "message",
        "user": "U6GDWPSMQ",
        "text": "Et oui on nous demande d’être des magiciens, mais c’est réalisable après plusieurs années d’expérience. On ne demande pas à un jeune développeur d’être tech lead en sortant d’école, c’est pareil pour un vrai GH, il ne peut pas tout connaître en début de carrière.",
        "thread_ts": "1516007445.000353",
        "parent_user_id": "U6GDWPSMQ",
        "ts": "1516022984.000138"
    },
    {
        "type": "message",
        "user": "U54NAL317",
        "text": "Après y'a de l'espoir aussi :slightly_smiling_face:\nGuillaume Cabane ne sait pas coder (je lui avait posé la question) mais en contrepartie il a une très bonne connaissance du métier des ingénieurs qui bossent avec lui donc il sait exactement quoi leur demander.",
        "thread_ts": "1516007445.000353",
        "parent_user_id": "U6GDWPSMQ",
        "ts": "1516024604.000212",
        "reactions": [
            {
                "name": "+1",
                "users": [
                    "U55AEG97A",
                    "U58RVQT8W",
                    "U5AV671TK"
                ],
                "count": 3
            }
        ]
    },
    {
        "type": "message",
        "user": "U6GDWPSMQ",
        "text": "oui c’est pour ça que c’est important de parler de connaissance et\/ou sensibilité pour la plupart des sujets, et comme le montre Brian Balfour, être expert sur une ou deux compétences",
        "thread_ts": "1516007445.000353",
        "parent_user_id": "U6GDWPSMQ",
        "ts": "1516024877.000101",
        "reactions": [
            {
                "name": "slightly_smiling_face",
                "users": [
                    "U54NAL317"
                ],
                "count": 1
            },
            {
                "name": "+1",
                "users": [
                    "U55AEG97A",
                    "U5AV671TK",
                    "U7M69QQV7"
                ],
                "count": 3
            }
        ]
    },
    {
        "type": "message",
        "user": "U54NAL317",
        "text": "<@U57DAHPE1> <https:\/\/nodeschool.io\/fr-fr\/>",
        "ts": "1516025616.000245",
        "reactions": [
            {
                "name": "+1",
                "users": [
                    "U543MU39P"
                ],
                "count": 1
            }
        ]
    }
]