[
    {
        "type": "message",
        "user": "U5V7ATHF1",
        "text": "En fait j'ai vu qu'après qu'il s'agissait des clics sur la google search console, my bad :sweat_smile: Ce qui m'amène à une question que je veux poser depuis longtemps : est-ce que vous avez accès à toutes les queries de recherche sur la GSC ou pas ? Ou est-ce que, comme moi, vous avez certaines requêtes pour lesquelles la GSC affiche à peine 20% du trafic réel, et comment vous solutionner ce problème (si vous le solutionnez) ?",
        "thread_ts": "1508140511.000348",
        "reply_count": 1,
        "replies": [
            {
                "user": "U54C5S7V2",
                "ts": "1508140720.000076"
            }
        ],
        "unread_count": 1,
        "ts": "1508140511.000348"
    },
    {
        "type": "message",
        "user": "U54C5S7V2",
        "text": "les datas ne matchent pas totalement, ils affichent X clics et en vrai dans le détail des mots-clefs tu as X-Y clics affichés. \nApres c'est tjrs mieux qu'analytics pour connaître les mots-clefs etc :joy:",
        "edited": {
            "user": "U54C5S7V2",
            "ts": "1508140731.000000"
        },
        "thread_ts": "1508140511.000348",
        "parent_user_id": "U5V7ATHF1",
        "ts": "1508140720.000076"
    }
]