[
    {
        "user": "U55BRMTTP",
        "text": "<@U55BRMTTP> has joined the channel",
        "type": "message",
        "subtype": "channel_join",
        "ts": "1493276412.259808"
    },
    {
        "user": "U55MMNVNK",
        "text": "<@U55MMNVNK> has joined the channel",
        "type": "message",
        "subtype": "channel_join",
        "ts": "1493278218.736881"
    },
    {
        "user": "U5479AJQH",
        "text": "<@U5479AJQH> has joined the channel",
        "type": "message",
        "subtype": "channel_join",
        "ts": "1493279344.065908"
    },
    {
        "user": "U54NAL317",
        "text": "<@U54NAL317> has joined the channel",
        "type": "message",
        "subtype": "channel_join",
        "ts": "1493279759.191982"
    },
    {
        "user": "U559S2A10",
        "text": "<@U559S2A10> has joined the channel",
        "type": "message",
        "subtype": "channel_join",
        "ts": "1493280627.474370"
    },
    {
        "user": "U54NRQWFK",
        "text": "<@U54NRQWFK> has joined the channel",
        "type": "message",
        "subtype": "channel_join",
        "ts": "1493282260.030943"
    },
    {
        "user": "U564G1WH4",
        "text": "<@U564G1WH4> has joined the channel",
        "type": "message",
        "subtype": "channel_join",
        "ts": "1493282861.252049"
    },
    {
        "user": "U54NNLU9X",
        "text": "<@U54NNLU9X> has joined the channel",
        "type": "message",
        "subtype": "channel_join",
        "ts": "1493283569.515025"
    },
    {
        "user": "U54QEA0A0",
        "text": "<@U54QEA0A0> has joined the channel",
        "type": "message",
        "subtype": "channel_join",
        "ts": "1493283954.663368"
    },
    {
        "user": "U54L8D248",
        "text": "<@U54L8D248> has joined the channel",
        "type": "message",
        "subtype": "channel_join",
        "ts": "1493284133.728906"
    },
    {
        "user": "U54MX52KT",
        "text": "<@U54MX52KT> has joined the channel",
        "type": "message",
        "subtype": "channel_join",
        "ts": "1493284170.741909"
    },
    {
        "user": "U548099E0",
        "text": "<@U548099E0> has joined the channel",
        "type": "message",
        "subtype": "channel_join",
        "ts": "1493284962.028335"
    },
    {
        "user": "U55DBLQUV",
        "text": "<@U55DBLQUV> has joined the channel",
        "type": "message",
        "subtype": "channel_join",
        "ts": "1493285016.047243"
    },
    {
        "user": "U54PQ74HF",
        "text": "<@U54PQ74HF> has joined the channel",
        "type": "message",
        "subtype": "channel_join",
        "ts": "1493286789.670734"
    },
    {
        "user": "U541NT2BU",
        "text": "<@U541NT2BU> has joined the channel",
        "type": "message",
        "subtype": "channel_join",
        "ts": "1493286913.713797"
    },
    {
        "user": "U55AGRXBL",
        "text": "<@U55AGRXBL> has joined the channel",
        "type": "message",
        "subtype": "channel_join",
        "ts": "1493288040.086247"
    },
    {
        "user": "U54KSDKCY",
        "text": "<@U54KSDKCY> has joined the channel",
        "type": "message",
        "subtype": "channel_join",
        "ts": "1493290195.749462"
    },
    {
        "user": "U54ACN4L9",
        "text": "<@U54ACN4L9> has joined the channel",
        "type": "message",
        "subtype": "channel_join",
        "ts": "1493295663.413425"
    },
    {
        "user": "U55AKRDUK",
        "text": "<@U55AKRDUK> has joined the channel",
        "type": "message",
        "subtype": "channel_join",
        "ts": "1493296216.606825"
    },
    {
        "user": "U55CSVAD8",
        "text": "<@U55CSVAD8> has joined the channel",
        "type": "message",
        "subtype": "channel_join",
        "ts": "1493296463.699464"
    },
    {
        "user": "U558L0SJ3",
        "text": "<@U558L0SJ3> has joined the channel",
        "type": "message",
        "subtype": "channel_join",
        "ts": "1493298510.545631"
    },
    {
        "user": "U54MK6ZBL",
        "text": "<@U54MK6ZBL> has joined the channel",
        "type": "message",
        "subtype": "channel_join",
        "ts": "1493299801.172150"
    },
    {
        "user": "U55H1EBGV",
        "text": "<@U55H1EBGV> has joined the channel",
        "type": "message",
        "subtype": "channel_join",
        "ts": "1493301932.349369"
    },
    {
        "user": "U55AMCHUK",
        "text": "<@U55AMCHUK> has joined the channel",
        "type": "message",
        "subtype": "channel_join",
        "ts": "1493303629.348850"
    },
    {
        "user": "U55GS6HFE",
        "text": "<@U55GS6HFE> has joined the channel",
        "type": "message",
        "subtype": "channel_join",
        "ts": "1493304776.052334"
    },
    {
        "user": "U56AV04SK",
        "text": "<@U56AV04SK> has joined the channel",
        "type": "message",
        "subtype": "channel_join",
        "ts": "1493307096.514961"
    },
    {
        "user": "U56B7LV5M",
        "text": "<@U56B7LV5M> has joined the channel",
        "type": "message",
        "subtype": "channel_join",
        "ts": "1493308936.645149"
    },
    {
        "user": "U551ZGU9L",
        "text": "<@U551ZGU9L> has joined the channel",
        "type": "message",
        "subtype": "channel_join",
        "ts": "1493309225.817098"
    },
    {
        "user": "U55RGMFB7",
        "text": "<@U55RGMFB7> has joined the channel",
        "type": "message",
        "subtype": "channel_join",
        "ts": "1493327392.471092"
    },
    {
        "user": "U566P6QCE",
        "text": "<@U566P6QCE> has joined the channel",
        "type": "message",
        "subtype": "channel_join",
        "ts": "1493335418.138315"
    }
]