[
    {
        "type": "message",
        "user": "U54PQ74HF",
        "text": "Map personnalisée on a quand même pas le choix d’avoir une adresse google my business valide non ?\nJ’arrive pas a trouver l’astuce des sites de streaming pour la création à la volée d’adresse physiques...",
        "edited": {
            "user": "U54PQ74HF",
            "ts": "1505130803.000000"
        },
        "thread_ts": "1504882343.000715",
        "parent_user_id": "U61LBKVEF",
        "ts": "1505130781.000264"
    },
    {
        "type": "message",
        "user": "U57DAHPE1",
        "text": "Tu ne peux pas faire ça <@U54PQ74HF> les sites de Streaming ne font que du map personnalisée. Pas du Google business",
        "edited": {
            "user": "U57DAHPE1",
            "ts": "1505131031.000000"
        },
        "thread_ts": "1504882343.000715",
        "parent_user_id": "U61LBKVEF",
        "ts": "1505130926.000192"
    },
    {
        "type": "message",
        "user": "U57DAHPE1",
        "text": "Mais vérifiez",
        "thread_ts": "1504882343.000715",
        "parent_user_id": "U61LBKVEF",
        "ts": "1505130930.000134"
    },
    {
        "type": "message",
        "user": "U57DAHPE1",
        "text": "J’ai testé de placer un lien hier, sur mymap. nofollow direct lol",
        "thread_ts": "1504882343.000715",
        "parent_user_id": "U61LBKVEF",
        "ts": "1505130949.000413",
        "reactions": [
            {
                "name": "cry",
                "users": [
                    "U61LBKVEF"
                ],
                "count": 1
            }
        ]
    },
    {
        "type": "message",
        "user": "U54PQ74HF",
        "text": "Ouai justement avec le partage de votre article je suis en train d’étudier la question !\n\nMais du coups si lien en nofollow, j’ai du mal a comprendre pourquoi ils continuent cette technique... c’est bizarre!",
        "edited": {
            "user": "U54PQ74HF",
            "ts": "1505131033.000000"
        },
        "thread_ts": "1504882343.000715",
        "parent_user_id": "U61LBKVEF",
        "ts": "1505131027.000287"
    },
    {
        "type": "message",
        "user": "U57DAHPE1",
        "text": "Parce que c’était en dofollow",
        "thread_ts": "1504882343.000715",
        "parent_user_id": "U61LBKVEF",
        "ts": "1505131044.000232"
    },
    {
        "type": "message",
        "user": "U57DAHPE1",
        "text": "apparement ça marche encore pour certaines personnes",
        "thread_ts": "1504882343.000715",
        "parent_user_id": "U61LBKVEF",
        "ts": "1505131055.000051"
    },
    {
        "type": "message",
        "user": "U57DAHPE1",
        "text": "A voir pour toi",
        "thread_ts": "1504882343.000715",
        "parent_user_id": "U61LBKVEF",
        "ts": "1505131058.000167"
    },
    {
        "type": "message",
        "user": "U54PQ74HF",
        "text": "Dacc merci !",
        "thread_ts": "1504882343.000715",
        "parent_user_id": "U61LBKVEF",
        "ts": "1505131642.000197"
    },
    {
        "type": "message",
        "user": "U54C5S7V2",
        "text": "normal, google lui-même qui laisse une faille aussi grande, ça n'avait pas de sens. Ca a été corrigé rapidement.",
        "thread_ts": "1504882343.000715",
        "parent_user_id": "U61LBKVEF",
        "ts": "1505138851.000389"
    }
]