[
    {
        "type": "message",
        "user": "U704DHU58",
        "text": "il y a catalisio aussi",
        "attachments": [
            {
                "fallback": "[December 13th, 2017 2:19 PM] quentinh: Keyword Hero si tu veux payer",
                "ts": "1513171178.000564",
                "author_id": "U62V7G8J1",
                "author_subname": "Quentin Hervé",
                "channel_id": "C54JX6R62",
                "channel_name": "seo",
                "is_msg_unfurl": true,
                "text": "Keyword Hero si tu veux payer",
                "author_name": "Quentin Hervé",
                "author_link": "https:\/\/growthhackingfrance.slack.com\/team\/U62V7G8J1",
                "author_icon": "https:\/\/avatars.slack-edge.com\/2017-11-14\/272014749524_95f0682ade3c406d3e86_48.jpg",
                "mrkdwn_in": [
                    "text"
                ],
                "color": "D0D0D0",
                "from_url": "https:\/\/growthhackingfrance.slack.com\/archives\/C54JX6R62\/p1513171178000564",
                "is_share": true,
                "footer": "Posted in #seo"
            }
        ],
        "ts": "1513267554.000422"
    },
    {
        "type": "message",
        "user": "U704DHU58",
        "text": "<https:\/\/www.catalisio.com\/>",
        "attachments": [
            {
                "fallback": "[December 14th, 2017 5:05 PM] benperrotin: il y a catalisio aussi",
                "ts": "1513267554.000422",
                "author_id": "U704DHU58",
                "author_subname": "Benoit Perrotin",
                "channel_id": "C54JX6R62",
                "channel_name": "seo",
                "is_msg_unfurl": true,
                "text": "il y a catalisio aussi",
                "author_name": "Benoit Perrotin",
                "author_link": "https:\/\/growthhackingfrance.slack.com\/team\/U704DHU58",
                "author_icon": "https:\/\/secure.gravatar.com\/avatar\/d986f18484ef52a44ff13cc11d169e09.jpg?s=48&d=https%3A%2F%2Fa.slack-edge.com%2F0180%2Fimg%2Favatars%2Fava_0001-48.png",
                "mrkdwn_in": [
                    "text"
                ],
                "color": "D0D0D0",
                "from_url": "https:\/\/growthhackingfrance.slack.com\/archives\/C54JX6R62\/p1513267554000422",
                "is_share": true,
                "footer": "Posted in #seo"
            },
            {
                "service_name": "Catalisio",
                "title": "CATALISIO | Solution pour le NOT PROVIDED \/ Trafic Seo marque-hors marque",
                "title_link": "https:\/\/www.catalisio.com\/",
                "text": "E-commerçants, identifiez les mots-clés NOT PROVIDED qui génèrent du trafic, des ventes et des leads pour augmenter la rentabilité de votre site.",
                "fallback": "Catalisio: CATALISIO | Solution pour le NOT PROVIDED \/ Trafic Seo marque-hors marque",
                "from_url": "https:\/\/www.catalisio.com\/",
                "service_icon": "https:\/\/www.catalisio.com\/wp-content\/uploads\/2015\/04\/favicon.png",
                "id": 1
            }
        ],
        "ts": "1513267561.000416"
    }
]