[
    {
        "type": "message",
        "user": "U5C86111D",
        "text": "découvert aujourd’hui <https:\/\/mangools.com\/>",
        "attachments": [
            {
                "service_name": "mangools",
                "title": "mangools - Juicy SEO tools you will love",
                "title_link": "https:\/\/mangools.com\/",
                "text": "From keyword research through SERP analysis of competitors to rank tracking. Try mangools SEO tools with unique and user-friendly interface.",
                "fallback": "mangools: mangools - Juicy SEO tools you will love",
                "image_url": "https:\/\/mangools.com\/assets\/mangools-facebook-90b4f386095b97e408e98494caab0c238c27afec313d80bb74d078d40f7a82b4.png",
                "image_width": 476,
                "image_height": 250,
                "from_url": "https:\/\/mangools.com\/",
                "image_bytes": 71516,
                "service_icon": "https:\/\/mangools.com\/assets\/favicon-41eb3b4bb8d1cc71c3c0d2dba01165a97bece0e80757557e543b50ff26b90482.ico",
                "id": 1
            }
        ],
        "thread_ts": "1502179034.092590",
        "reply_count": 1,
        "replies": [
            {
                "user": "U57DKJR5F",
                "ts": "1502179902.395087"
            }
        ],
        "unread_count": 1,
        "ts": "1502179034.092590"
    },
    {
        "type": "message",
        "user": "U57DKJR5F",
        "text": "je vais essayer",
        "thread_ts": "1502179034.092590",
        "parent_user_id": "U5C86111D",
        "ts": "1502179902.395087"
    },
    {
        "type": "message",
        "user": "U57DAHPE1",
        "text": "<@U5C86111D> Quels sont les vrais plus de ce truc là ?",
        "ts": "1502181242.881148"
    },
    {
        "type": "message",
        "user": "U57DAHPE1",
        "text": "Serp Analysis",
        "ts": "1502181248.883524"
    },
    {
        "type": "message",
        "user": "U5C86111D",
        "text": "aucune idée !",
        "ts": "1502181250.884161"
    },
    {
        "type": "message",
        "user": "U5C86111D",
        "text": "Serp Analysis ça doit être un Seo observer",
        "ts": "1502181264.889247"
    },
    {
        "type": "message",
        "user": "U54PQ74HF",
        "text": "Holà, du monde fait de l'analyse de log ?\nJ'utilise Log File Analyser de Screaming Frog mais je serais curieux de tester d'autres outils... si vous en avez à proposer :smile:",
        "thread_ts": "1502182671.430112",
        "reply_count": 2,
        "replies": [
            {
                "user": "U53T94L7N",
                "ts": "1502195678.874215"
            },
            {
                "user": "U54PQ74HF",
                "ts": "1502199484.719647"
            }
        ],
        "unread_count": 2,
        "ts": "1502182671.430112"
    },
    {
        "type": "message",
        "user": "U5C86111D",
        "text": "<https:\/\/github.com\/cogniteev\/oncrawl-elk> si t’es un peu chaud en linux",
        "attachments": [
            {
                "service_name": "GitHub",
                "title": "cogniteev\/oncrawl-elk",
                "title_link": "https:\/\/github.com\/cogniteev\/oncrawl-elk",
                "text": "oncrawl-elk - ELK stack in docker images configured to analyze GoogleBot activity on your website",
                "fallback": "GitHub: cogniteev\/oncrawl-elk",
                "from_url": "https:\/\/github.com\/cogniteev\/oncrawl-elk",
                "thumb_url": "https:\/\/avatars2.githubusercontent.com\/u\/4540090?v=4&s=400",
                "thumb_width": 250,
                "thumb_height": 250,
                "service_icon": "https:\/\/a.slack-edge.com\/bfaba\/img\/unfurl_icons\/github.png",
                "id": 1
            }
        ],
        "ts": "1502182760.465888"
    },
    {
        "type": "message",
        "user": "U54PQ74HF",
        "text": "Putain ouai, j'en discuté hier avec le dev tu confirme... on avait repéré l'ELK mais faut qu'on se forme sur docker afin de réussir à l'intégrer rapidement",
        "ts": "1502182989.560084"
    },
    {
        "type": "message",
        "user": "U5C86111D",
        "text": "<http:\/\/labs.batirbio.org:9000\/#\/crawl-behavior?2017-07-09:2017-08-08>",
        "ts": "1502183022.572760"
    },
    {
        "type": "message",
        "user": "U5C86111D",
        "text": "je l’ai fait tourné là",
        "ts": "1502183025.573833"
    },
    {
        "type": "message",
        "user": "U5C86111D",
        "text": "mais c’est sensible",
        "ts": "1502183036.578159",
        "reactions": [
            {
                "name": "+1",
                "users": [
                    "U54PQ74HF"
                ],
                "count": 1
            }
        ]
    },
    {
        "type": "message",
        "user": "U5C86111D",
        "text": "<https:\/\/www.ereferer.fr\/> pour donner un petit coup de boost",
        "thread_ts": "1502183274.670853",
        "reply_count": 9,
        "replies": [
            {
                "user": "U61LBKVEF",
                "ts": "1502203325.116221"
            },
            {
                "user": "U5C86111D",
                "ts": "1502203420.178988"
            },
            {
                "user": "U61LBKVEF",
                "ts": "1502204032.585213"
            },
            {
                "user": "U61LBKVEF",
                "ts": "1502204044.593383"
            },
            {
                "user": "U61LBKVEF",
                "ts": "1502204049.596832"
            },
            {
                "user": "U5C86111D",
                "ts": "1502204116.641105"
            },
            {
                "user": "U5C86111D",
                "ts": "1502204125.646829"
            },
            {
                "user": "U61LBKVEF",
                "ts": "1502207581.961809"
            },
            {
                "user": "U5C86111D",
                "ts": "1502207606.978068"
            }
        ],
        "unread_count": 9,
        "ts": "1502183274.670853"
    },
    {
        "type": "message",
        "user": "U53T94L7N",
        "text": "pierrickdeniel: si tu veux, contacte <mailto:minette.alexandre@gmail.com|minette.alexandre@gmail.com> il développe un nouveau type d'outil pour la gestion de log",
        "thread_ts": "1502182671.430112",
        "parent_user_id": "U54PQ74HF",
        "ts": "1502195678.874215",
        "reactions": [
            {
                "name": "+1",
                "users": [
                    "U54PQ74HF"
                ],
                "count": 1
            }
        ]
    },
    {
        "type": "message",
        "user": "U54PQ74HF",
        "text": "Merci pour l'info, je vais le faire dès que j'ai 5Min :smile:",
        "thread_ts": "1502182671.430112",
        "parent_user_id": "U54PQ74HF",
        "ts": "1502199484.719647"
    },
    {
        "type": "message",
        "user": "U54PABTGW",
        "text": "Je cherche des bloggers pour du blogpost \/ proposer de l'affiliation sur une thématique finance, trading, liberté financière etc .... Avez-vous des contacts ou même des blogs à me conseiller ?",
        "thread_ts": "1502202763.750977",
        "reply_count": 5,
        "replies": [
            {
                "user": "U56A4ULMV",
                "ts": "1502202990.900473"
            },
            {
                "user": "U54PABTGW",
                "ts": "1502203007.911057"
            },
            {
                "user": "U54PABTGW",
                "ts": "1502203017.917207"
            },
            {
                "user": "U54PABTGW",
                "ts": "1502203037.930050"
            },
            {
                "user": "U57DAHPE1",
                "ts": "1502213797.676333"
            }
        ],
        "unread_count": 5,
        "ts": "1502202763.750977"
    },
    {
        "type": "message",
        "user": "U56A4ULMV",
        "text": "Sur quoi comme produit?",
        "thread_ts": "1502202763.750977",
        "parent_user_id": "U54PABTGW",
        "ts": "1502202990.900473"
    },
    {
        "type": "message",
        "user": "U54PABTGW",
        "text": "Une masterclass autour du trading.",
        "thread_ts": "1502202763.750977",
        "parent_user_id": "U54PABTGW",
        "ts": "1502203007.911057"
    },
    {
        "type": "message",
        "user": "U54PABTGW",
        "text": "Avec un assez gros pourcentage en affiliation.",
        "thread_ts": "1502202763.750977",
        "parent_user_id": "U54PABTGW",
        "ts": "1502203017.917207"
    },
    {
        "type": "message",
        "user": "U54PABTGW",
        "text": "<@U56A4ULMV> MP si plus d'infos :wink:",
        "thread_ts": "1502202763.750977",
        "parent_user_id": "U54PABTGW",
        "ts": "1502203037.930050"
    },
    {
        "type": "message",
        "user": "U61LBKVEF",
        "text": "Tu as des résultats avec ce genre de services?",
        "thread_ts": "1502183274.670853",
        "parent_user_id": "U5C86111D",
        "ts": "1502203325.116221"
    },
    {
        "type": "message",
        "user": "U5C86111D",
        "text": "en terme de perf ou de publication ?",
        "thread_ts": "1502183274.670853",
        "parent_user_id": "U5C86111D",
        "ts": "1502203420.178988"
    },
    {
        "type": "message",
        "user": "U61LBKVEF",
        "text": "De perf :slightly_smiling_face:",
        "thread_ts": "1502183274.670853",
        "parent_user_id": "U5C86111D",
        "ts": "1502204032.585213"
    },
    {
        "type": "message",
        "user": "U61LBKVEF",
        "text": "Quel genre de résultats tu obtiens?",
        "thread_ts": "1502183274.670853",
        "parent_user_id": "U5C86111D",
        "ts": "1502204044.593383"
    },
    {
        "type": "message",
        "user": "U61LBKVEF",
        "text": "Boost de DA?",
        "thread_ts": "1502183274.670853",
        "parent_user_id": "U5C86111D",
        "ts": "1502204049.596832"
    },
    {
        "type": "message",
        "user": "U5C86111D",
        "text": "C’est de l’annuaire faut pas attendre grand chose à part un petit ping. Tout dépends de quel annuaire tu choisi et si tu fais du lien vers l’annuaire après",
        "edited": {
            "user": "U5C86111D",
            "ts": "1502204142.000000"
        },
        "thread_ts": "1502183274.670853",
        "parent_user_id": "U5C86111D",
        "ts": "1502204116.641105"
    },
    {
        "type": "message",
        "user": "U5C86111D",
        "text": "j’ai lancé hier je te dis quand quelques mois :slightly_smiling_face:",
        "thread_ts": "1502183274.670853",
        "parent_user_id": "U5C86111D",
        "ts": "1502204125.646829"
    },
    {
        "type": "message",
        "user": "U61LBKVEF",
        "text": "top! Merci pour le retour d'expérience",
        "thread_ts": "1502183274.670853",
        "parent_user_id": "U5C86111D",
        "ts": "1502207581.961809"
    },
    {
        "type": "message",
        "user": "U5C86111D",
        "text": "mais rien ne vaut un <http:\/\/soumettre.fr|soumettre.fr>",
        "thread_ts": "1502183274.670853",
        "parent_user_id": "U5C86111D",
        "ts": "1502207606.978068"
    },
    {
        "type": "message",
        "user": "U57DAHPE1",
        "text": "Tapes Buzzsumo ou feedly et tu vas trouver pleins de blogs !",
        "thread_ts": "1502202763.750977",
        "parent_user_id": "U54PABTGW",
        "ts": "1502213797.676333"
    }
]