[
    {
        "type": "message",
        "user": "U54NAL317",
        "text": "Des personnes intéressées par de l'échange de contenu avec backlinks ? sur les themes de l'éducation (collège lycée), les parents, la vie de famille ?",
        "edited": {
            "user": "U54NAL317",
            "ts": "1507046259.000000"
        },
        "thread_ts": "1507046249.000358",
        "reply_count": 3,
        "replies": [
            {
                "user": "U5635E9JN",
                "ts": "1507106351.000087"
            },
            {
                "user": "U54NAL317",
                "ts": "1507106717.000595"
            },
            {
                "user": "U5635E9JN",
                "ts": "1507106814.000205"
            }
        ],
        "unread_count": 3,
        "ts": "1507046249.000358"
    },
    {
        "type": "message",
        "user": "U61LBKVEF",
        "text": "--\nComment vous mesurez l'impact de vos efforts en termes de netlinking? Pour l'instant, je suis sur Majestic, mais j'ai l'impression qu'il n'y a pas de feature pour mesurer l'évolution du trustflow dans le temps. J'ai l'impression que Moz le permet en payant, mais je suis pas sûr... Si vous avez des astuces, je suis preneur.",
        "thread_ts": "1507099217.000075",
        "reply_count": 2,
        "replies": [
            {
                "user": "U57U6TBDH",
                "ts": "1508936594.000505"
            },
            {
                "user": "U61LBKVEF",
                "ts": "1508936849.000022"
            }
        ],
        "unread_count": 2,
        "ts": "1507099217.000075"
    }
]