[
    {
        "type": "message",
        "user": "U54PABTGW",
        "text": "<@U704DHU58> éviter le duplicate content.",
        "ts": "1513850287.000248"
    },
    {
        "type": "message",
        "user": "U54PABTGW",
        "text": "si la sidebar est récurrente sur les pages.",
        "ts": "1513850295.000170"
    },
    {
        "type": "message",
        "user": "U5C86111D",
        "text": "c’est des liens ou texte ?",
        "ts": "1513850595.000260"
    },
    {
        "type": "message",
        "user": "U54PABTGW",
        "text": "les deux.",
        "ts": "1513850934.000213"
    },
    {
        "type": "message",
        "user": "U54PABTGW",
        "text": "sur des thêmes comme avada il est possible de monter des sidebars unique, mais c'est vite compliqué quand tu as 100 pages",
        "ts": "1513850968.000081"
    },
    {
        "type": "message",
        "user": "U54NAL317",
        "text": "<@U54PABTGW> partage ton site ou une capture d'écran, j'imagine que ce sera plus simple pour que robin ou benoit te réponde.",
        "ts": "1513852439.000185"
    },
    {
        "type": "message",
        "user": "U54PABTGW",
        "text": "<@U54NAL317> c'est un site en construction justement",
        "ts": "1513853103.000107"
    },
    {
        "type": "message",
        "user": "U54NAL317",
        "text": "un screenshot ? :slightly_smiling_face:",
        "ts": "1513853368.000013"
    },
    {
        "user": "U6ET16EKV",
        "text": "<@U6ET16EKV> has joined the channel",
        "type": "message",
        "subtype": "channel_join",
        "ts": "1513854853.000290"
    },
    {
        "type": "message",
        "user": "U62V7G8J1",
        "text": "Évite",
        "ts": "1513857336.000297"
    }
]