[
    {
        "user": "U580JA56E",
        "text": "<@U580JA56E> has joined the channel",
        "type": "message",
        "subtype": "channel_join",
        "ts": "1500282733.270431"
    },
    {
        "type": "message",
        "user": "U54HY9NBD",
        "text": "Yo ! Des liens ou du contenu pour se former sur GTM ? Thanks !",
        "ts": "1500285667.267119"
    },
    {
        "type": "message",
        "user": "U546L44SJ",
        "text": "<https:\/\/analytics.google.com\/analytics\/academy\/course\/5> ?",
        "attachments": [
            {
                "title": "Google Analytics Academy",
                "title_link": "https:\/\/analytics.google.com\/analytics\/academy\/course\/5",
                "text": "Improve your Analytics skills with free online courses from Google.",
                "fallback": "Google Analytics Academy",
                "from_url": "https:\/\/analytics.google.com\/analytics\/academy\/course\/5",
                "service_icon": "https:\/\/ssl.gstatic.com\/analytics\/20170713-00\/app\/static\/analytics_standard_icon.png",
                "service_name": "analytics.google.com",
                "id": 1
            }
        ],
        "ts": "1500285707.281023"
    },
    {
        "type": "message",
        "user": "U546L44SJ",
        "text": "<@U54HY9NBD>",
        "ts": "1500285720.285512"
    },
    {
        "type": "message",
        "user": "U546L44SJ",
        "text": "l’academy google non ?",
        "ts": "1500285727.288169"
    },
    {
        "type": "message",
        "user": "U54HY9NBD",
        "text": "Yes <@U546L44SJ> merci, je l'ai commencé mais je voulais savoir si y en a d'entre vous qui avait d'autre truc",
        "thread_ts": "1500285873.336322",
        "reply_count": 2,
        "replies": [
            {
                "user": "U60MQV8J0",
                "ts": "1500494463.034243"
            },
            {
                "user": "U54HY9NBD",
                "ts": "1500652197.545189"
            }
        ],
        "unread_count": 2,
        "ts": "1500285873.336322"
    }
]