[
    {
        "type": "message",
        "user": "U57DAHPE1",
        "text": "Bon résumé pour Mai",
        "ts": "1496510347.663838"
    },
    {
        "type": "message",
        "user": "U57DAHPE1",
        "text": "<http:\/\/www.blogdumoderateur.com\/seo-google-guidelines-mai-2017\/>",
        "attachments": [
            {
                "service_name": "Blog du Modérateur",
                "title": "SEO : les critères utilisés par Google pour évaluer la qualité des pages web (mai 2017) - Blog du Modérateur",
                "title_link": "http:\/\/www.blogdumoderateur.com\/seo-google-guidelines-mai-2017\/",
                "text": "Google a mis à jour son document \"General Guidelines\" en mai 2017. Il permet de mieux cerner les attentes de Google pour obtenir un bon référencement. Ce d",
                "fallback": "Blog du Modérateur: SEO : les critères utilisés par Google pour évaluer la qualité des pages web (mai 2017) - Blog du Modérateur",
                "image_url": "https:\/\/ressources.blogdumoderateur.com\/2017\/05\/google-logo.gif",
                "image_width": 406,
                "image_height": 250,
                "ts": 1495016893,
                "from_url": "http:\/\/www.blogdumoderateur.com\/seo-google-guidelines-mai-2017\/",
                "image_bytes": 38318,
                "service_icon": "http:\/\/www.blogdumoderateur.com\/apple-touch-icon.png?v=GvJY2qEbkz",
                "id": 1
            }
        ],
        "ts": "1496510349.663938"
    },
    {
        "type": "message",
        "user": "U57DAHPE1",
        "text": "En bref : google a vraiment implémenté ses mesures contre les sites fakes. Et si le site en question est lié à des questions de fric ou d’information vitales, l’algo sera beaucoup plus porté sur des critères de confiance, comment trouver l’auteur du site (authorship et autres), est-ce que le contenu primaire est plus important que le contenu secondaire (la pub). Bref le contenu bullshit performe de moins en moins bien.",
        "edited": {
            "user": "U57DAHPE1",
            "ts": "1496510934.000000"
        },
        "ts": "1496510561.678499"
    },
    {
        "type": "message",
        "user": "U57DAHPE1",
        "text": "Chose à savoir aussi, la localité étant devenu l’un des critères #1 sur pas mal de requêtes, il y’a beaucoup de choses intéressantes à faire pour hacker le système. (fausses adresses notamment).",
        "edited": {
            "user": "U57DAHPE1",
            "ts": "1496510889.000000"
        },
        "thread_ts": "1496510879.699301",
        "reply_count": 3,
        "replies": [
            {
                "user": "U5C86111D",
                "ts": "1496510977.705571"
            },
            {
                "user": "U57DAHPE1",
                "ts": "1496525019.555714"
            },
            {
                "user": "U56H82QQJ",
                "ts": "1496674905.097427"
            }
        ],
        "unread_count": 3,
        "ts": "1496510879.699301"
    },
    {
        "type": "message",
        "user": "U5C86111D",
        "text": "hugoperan: sans bonne reviews ça vaut pas grand chose",
        "thread_ts": "1496510879.699301",
        "parent_user_id": "U57DAHPE1",
        "ts": "1496510977.705571"
    },
    {
        "type": "message",
        "user": "U57DAHPE1",
        "text": "Hackable encore plus facilement. Les fausses adresses nécessitent que Google t’envoient un code par la poste.",
        "edited": {
            "user": "U57DAHPE1",
            "ts": "1496525091.000000"
        },
        "thread_ts": "1496510879.699301",
        "parent_user_id": "U57DAHPE1",
        "ts": "1496525019.555714"
    }
]