[
    {
        "type": "message",
        "user": "U61LBKVEF",
        "text": "Merci <http:\/\/deux.io|deux.io> pour le partage, super article sur le SEO B2B (ping <@U6HMF18JZ> )",
        "thread_ts": "1501770143.770151",
        "reply_count": 1,
        "replies": [
            {
                "user": "U6HMF18JZ",
                "ts": "1501771118.405581"
            }
        ],
        "unread_count": 1,
        "ts": "1501770143.770151",
        "reactions": [
            {
                "name": "ok_hand",
                "users": [
                    "U5519FU87"
                ],
                "count": 1
            }
        ]
    },
    {
        "type": "message",
        "user": "U61LBKVEF",
        "text": "<https:\/\/clearbit.com\/books\/data-driven-marketing\/b2b-seo-content-that-ranks?utm_source=deux.io&amp;utm_source=Newsletter+DEUX.IO&amp;utm_campaign=9a3a91441b-EMAIL_CAMPAIGN_2017_08_03&amp;utm_medium=email&amp;utm_term=0_fe143beca3-9a3a91441b-230837745#1>",
        "attachments": [
            {
                "service_name": "Clearbit",
                "title": "Data-Driven SEO – Building Content That Ranks",
                "title_link": "https:\/\/clearbit.com\/books\/data-driven-marketing\/b2b-seo-content-that-ranks?utm_source=deux.io&utm_source=Newsletter+DEUX.IO&utm_campaign=9a3a91441b-EMAIL_CAMPAIGN_2017_08_03&utm_medium=email&utm_term=0_fe143beca3-9a3a91441b-230837745#1",
                "text": "A step-by-step playbook for writing B2B content that ranks on organic search.",
                "fallback": "Clearbit: Data-Driven SEO – Building Content That Ranks",
                "thumb_url": "https:\/\/clearbit.com\/assets\/site\/v2\/datadrivenmarketing\/b2b_seo_content\/ddm-share-card.png",
                "fields": [
                    {
                        "title": "Written by",
                        "value": "Bernard Huang",
                        "short": true
                    },
                    {
                        "title": "Filed Under",
                        "value": "Data-Driven Marketing",
                        "short": true
                    }
                ],
                "from_url": "https:\/\/clearbit.com\/books\/data-driven-marketing\/b2b-seo-content-that-ranks?utm_source=deux.io&utm_source=Newsletter+DEUX.IO&utm_campaign=9a3a91441b-EMAIL_CAMPAIGN_2017_08_03&utm_medium=email&utm_term=0_fe143beca3-9a3a91441b-230837745#1",
                "thumb_width": 784,
                "thumb_height": 552,
                "service_icon": "https:\/\/clearbit.com\/favicon.ico",
                "id": 1
            }
        ],
        "ts": "1501770143.770670"
    },
    {
        "user": "U6HMF18JZ",
        "inviter": "U61LBKVEF",
        "text": "<@U6HMF18JZ> has joined the channel",
        "type": "message",
        "subtype": "channel_join",
        "ts": "1501770147.772923"
    },
    {
        "type": "message",
        "user": "U6HMF18JZ",
        "text": "Nice!",
        "thread_ts": "1501770143.770151",
        "parent_user_id": "U61LBKVEF",
        "ts": "1501771118.405581"
    },
    {
        "type": "message",
        "user": "U54078XQ8",
        "text": "C'est un débat sans fin... Le but est surtout de se baser sur des expressions littéraires. De plus cela ne fonctionne pas avec tous les sites internet. C'est un peu a la recherche du St Graal ^^",
        "thread_ts": "1501668102.710761",
        "parent_user_id": "U62V7G8J1",
        "ts": "1501812658.227756",
        "reactions": [
            {
                "name": "+1",
                "users": [
                    "U62V7G8J1"
                ],
                "count": 1
            }
        ]
    }
]