[
    {
        "type": "message",
        "user": "U54PQ74HF",
        "text": "Holà, curieux afin d’améliorer ma veille... avez vous connaissance d’un slack SEO international ? (ou vraiment bien vivant..), Merci d’avance, et si jamais, je suis preneur d’invitation :sunglasses: pour les français de mémoire il existe SEOFRTEAM, il tourne toujours ?",
        "edited": {
            "user": "U54PQ74HF",
            "ts": "1497625347.000000"
        },
        "thread_ts": "1497625264.486107",
        "reply_count": 11,
        "replies": [
            {
                "user": "U53GAFF8R",
                "ts": "1497626558.991784"
            },
            {
                "user": "U5C86111D",
                "ts": "1497642011.257769"
            },
            {
                "user": "U53GAFF8R",
                "ts": "1497642043.267357"
            },
            {
                "user": "U5C86111D",
                "ts": "1497642073.276056"
            },
            {
                "user": "U54PQ74HF",
                "ts": "1497655912.226694"
            },
            {
                "user": "U54PQ74HF",
                "ts": "1497655919.227484"
            },
            {
                "user": "U54078XQ8",
                "ts": "1498044798.705911"
            },
            {
                "user": "U53GAFF8R",
                "ts": "1498045733.902076"
            },
            {
                "user": "U5C86111D",
                "ts": "1498045745.904756"
            },
            {
                "user": "U5C86111D",
                "ts": "1498045752.906126"
            },
            {
                "user": "U53GAFF8R",
                "ts": "1498045766.909031"
            }
        ],
        "unread_count": 11,
        "ts": "1497625264.486107",
        "reactions": [
            {
                "name": "ok_hand",
                "users": [
                    "U55FFTX6J"
                ],
                "count": 1
            }
        ]
    },
    {
        "type": "message",
        "user": "U53GAFF8R",
        "text": "pierrickdeniel: Je suis preneur d'invitation sur un Slack SEO moi aussi :slightly_smiling_face:",
        "thread_ts": "1497625264.486107",
        "parent_user_id": "U54PQ74HF",
        "ts": "1497626558.991784"
    },
    {
        "type": "message",
        "user": "U5C86111D",
        "text": "il y a le slack de laurent, je ne sais pas comment y rentrer sans être dans bootcamp",
        "thread_ts": "1497625264.486107",
        "parent_user_id": "U54PQ74HF",
        "ts": "1497642011.257769"
    },
    {
        "type": "message",
        "user": "U53GAFF8R",
        "text": "Tu peux lui demander le process ?",
        "edited": {
            "user": "U53GAFF8R",
            "ts": "1497642047.000000"
        },
        "thread_ts": "1497625264.486107",
        "parent_user_id": "U54PQ74HF",
        "ts": "1497642043.267357"
    },
    {
        "type": "message",
        "user": "U5C86111D",
        "text": "yes",
        "thread_ts": "1497625264.486107",
        "parent_user_id": "U54PQ74HF",
        "ts": "1497642073.276056"
    },
    {
        "type": "message",
        "user": "U54PQ74HF",
        "text": ":+1:",
        "thread_ts": "1497625264.486107",
        "parent_user_id": "U54PQ74HF",
        "ts": "1497655912.226694"
    },
    {
        "type": "message",
        "user": "U54PQ74HF",
        "text": "merci !",
        "thread_ts": "1497625264.486107",
        "parent_user_id": "U54PQ74HF",
        "ts": "1497655919.227484"
    }
]