[
    {
        "type": "message",
        "user": "U5635E9JN",
        "text": "Pour les articles oui ! Pour les autres tout dépend evidemment du contenu",
        "thread_ts": "1509446490.000017",
        "parent_user_id": "U57HABR37",
        "ts": "1509617729.000081"
    },
    {
        "type": "message",
        "user": "U57HABR37",
        "text": "D'ac, je vois. Est-ce que c'est \"simple\" de basculer certains articles\/pages en AMP ?",
        "thread_ts": "1509446490.000017",
        "parent_user_id": "U57HABR37",
        "ts": "1509633576.000244"
    },
    {
        "type": "message",
        "user": "U5635E9JN",
        "text": "l'année dernière, Google avait mis en place un addon pour Wordpress, donc c'etait très simple. Pour Shopify j'imagine qu'il y a un addon aussi qui est dispo depuis. Sinon, oui c'est compliqué de le faire à la main :wink:",
        "thread_ts": "1509446490.000017",
        "parent_user_id": "U57HABR37",
        "ts": "1509635026.000704"
    },
    {
        "type": "message",
        "user": "U54PQ74HF",
        "text": "Holà,\n\nVous êtes au courant de la mise à jour Google de vendredi dernier (le 27) concernant la géolocalisation ? \n\nUne recherche par défaut sur <http:\/\/Google.es|Google.es> donnera les mêmes résultats qu’une recherche effectuée sur <http:\/\/Google.it|Google.it>\n\nVous pouvez par exemple rechercher “meteo” sur <http:\/\/Google.be|Google.be> et <http:\/\/Google.it|Google.it>, et voir que les résultats sont les mêmes (si votre connexion internet est en France vous verrez <http:\/\/meteofrance.com|meteofrance.com> en 1ère position) :\n<https:\/\/www.google.be\/search?q=meteo>\n<https:\/\/www.google.it\/search?q=meteo>\n\nCa change du coups radicalement la politique logique des .tld :open_mouth:\n\n<https:\/\/www.blog.google\/products\/search\/making-search-results-more-local-and-relevant\/>",
        "edited": {
            "user": "U54PQ74HF",
            "ts": "1509643654.000000"
        },
        "ts": "1509642082.000382"
    },
    {
        "type": "message",
        "user": "U57DAHPE1",
        "text": "<@U54PQ74HF> Tu peux développer un peu sur les Top level domain ?",
        "ts": "1509642677.000204"
    },
    {
        "type": "message",
        "user": "U54PQ74HF",
        "text": "Mhhhh par TLD j’entendais aussi ccTLD. En bonne pratique j’avais pour habitude lors d’un SEO ciblé pour l’international pour le choix du NDD : ccTLD &gt; sous-domaine &gt; dossier ref (<http:\/\/monsite.com\/fr|monsite.com\/fr>) ... Je sais pas trop si on est d’accord sur ce point. Mais avec cette maj google remet en question ce concept non ? Je n’ai pas encore bien creusé et analysé l’update, pour l’instant c’était juste une info afin de débattre...",
        "ts": "1509643070.000754"
    },
    {
        "type": "message",
        "user": "U57DAHPE1",
        "text": "Je t’avoue que je suis un novice en localisation à l’international. Est-ce que ce n’est pas juste que les produits google et les rich snippets qui sont touchés ?",
        "ts": "1509643660.000132"
    },
    {
        "type": "message",
        "user": "U57DAHPE1",
        "text": "En gros seule l’ip et la langue du browser seront pris en compte pour délivrer des résultats",
        "ts": "1509643783.000461"
    },
    {
        "type": "message",
        "user": "U57DAHPE1",
        "text": "mais pas le moteur utilisé par pays.",
        "ts": "1509643799.000522"
    },
    {
        "type": "message",
        "user": "U54PQ74HF",
        "text": "Il semblerait que non (j’ai ajouté le lien du post de Google dans le 1er message). \nTout à fait, alors qu’avant on se basait seulement sur l’extension du moteur de recherche.",
        "ts": "1509643888.000149"
    },
    {
        "type": "message",
        "user": "U57DAHPE1",
        "text": "C’est logique en fait. La localité étant le nouveau critère star dans les recherches.",
        "ts": "1509643956.000200"
    },
    {
        "type": "message",
        "user": "U54PQ74HF",
        "text": "Yes en soit c’est une bonne chose pour l’utilisateur, mais techniquement sa me déroute pas mal... faudra suivre l’évolution",
        "ts": "1509644137.000603"
    }
]