[
    {
        "type": "message",
        "user": "U5C86111D",
        "text": "je cherche des personnes qu ont fait du cloaking, anyone ?",
        "thread_ts": "1499335758.936948",
        "reply_count": 3,
        "replies": [
            {
                "user": "U57DAHPE1",
                "ts": "1499340398.348516"
            },
            {
                "user": "U5C86111D",
                "ts": "1499340437.359820"
            },
            {
                "user": "U5C86111D",
                "ts": "1499340490.375231"
            }
        ],
        "unread_count": 3,
        "ts": "1499335758.936948"
    },
    {
        "type": "message",
        "user": "U57DAHPE1",
        "text": "robin: Je ne connais personne qui fait ça. Mais juste par curiosité, pourquoi penses-tu que le cloaking peut encore marcher aujourd’hui ?",
        "thread_ts": "1499335758.936948",
        "parent_user_id": "U5C86111D",
        "ts": "1499340398.348516"
    },
    {
        "type": "message",
        "user": "U5C86111D",
        "text": "tout dépends de ce que tu vas cloaker. Sur mon site de cloak des liens donc ça passe",
        "thread_ts": "1499335758.936948",
        "parent_user_id": "U5C86111D",
        "ts": "1499340437.359820"
    },
    {
        "type": "message",
        "user": "U5C86111D",
        "text": "j’ai fais un module node qui se base sur l’IP et l’UA assez robuste",
        "thread_ts": "1499335758.936948",
        "parent_user_id": "U5C86111D",
        "ts": "1499340490.375231"
    },
    {
        "type": "message",
        "user": "U56H82QQJ",
        "text": "Hello :slightly_smiling_face: je cherche du monde proposant des BL coté UK et ES ? :slightly_smiling_face:",
        "ts": "1499345538.088685"
    }
]