[
    {
        "type": "message",
        "user": "U5852MULX",
        "text": "Yo, j’ai des interrogations sur le Sitelink Searchbox de Google. Nous voulions le mettre en place pour un site e-commerce car super intéressant. Au niveau code, tout a l’air ok chez nous, pas d’erreurs ou d’avertissement sur Data Test Tools, c’est ok depuis 2 mois, et par contre rien sur les résultats de recherche. J’ai lu ici et là que c’est complètement aléatoire pour l’affichage. Mais j’aimerais bien avoir des retours d’xp ! Merci :slightly_smiling_face:",
        "ts": "1493885319.998901"
    },
    {
        "user": "U54HY9NBD",
        "text": "<@U54HY9NBD> has joined the channel",
        "type": "message",
        "subtype": "channel_join",
        "ts": "1493888350.108813"
    },
    {
        "user": "U57DKJR5F",
        "text": "<@U57DKJR5F> has joined the channel",
        "type": "message",
        "subtype": "channel_join",
        "ts": "1493888828.294075"
    },
    {
        "user": "U56A4ULMV",
        "text": "<@U56A4ULMV> has joined the channel",
        "type": "message",
        "subtype": "channel_join",
        "ts": "1493893818.084831"
    },
    {
        "user": "U57GBPL84",
        "text": "<@U57GBPL84> has joined the channel",
        "type": "message",
        "subtype": "channel_join",
        "ts": "1493896792.050140"
    },
    {
        "type": "message",
        "subtype": "file_share",
        "text": "<@U53T94L7N> uploaded a file: <https:\/\/growthhackingfrance.slack.com\/files\/U53T94L7N\/F58VD0C0K\/18338899_10154697537442582_1756777573_o.png|Mixpanel VS HeapAnalytics (England)> and commented: <@U54NAL317>",
        "file": {
            "id": "F58VD0C0K",
            "created": 1493942037,
            "timestamp": 1493942037,
            "name": "18338899_10154697537442582_1756777573_o.png",
            "title": "Mixpanel VS HeapAnalytics (England)",
            "mimetype": "image\/png",
            "filetype": "png",
            "pretty_type": "PNG",
            "user": "U53T94L7N",
            "editable": false,
            "size": 104840,
            "mode": "hosted",
            "is_external": false,
            "external_type": "",
            "is_public": true,
            "public_url_shared": false,
            "display_as_bot": false,
            "username": "",
            "url_private": "https:\/\/files.slack.com\/files-pri\/T53A65FDZ-F58VD0C0K\/18338899_10154697537442582_1756777573_o.png?t=xoxe-173346185475-301971345667-302189523445-be5392310f98480a534c383e5d92ddc3",
            "url_private_download": "https:\/\/files.slack.com\/files-pri\/T53A65FDZ-F58VD0C0K\/download\/18338899_10154697537442582_1756777573_o.png?t=xoxe-173346185475-301971345667-302189523445-be5392310f98480a534c383e5d92ddc3",
            "thumb_64": "https:\/\/files.slack.com\/files-tmb\/T53A65FDZ-F58VD0C0K-e377ba835c\/18338899_10154697537442582_1756777573_o_64.png?t=xoxe-173346185475-301971345667-302189523445-be5392310f98480a534c383e5d92ddc3",
            "thumb_80": "https:\/\/files.slack.com\/files-tmb\/T53A65FDZ-F58VD0C0K-e377ba835c\/18338899_10154697537442582_1756777573_o_80.png?t=xoxe-173346185475-301971345667-302189523445-be5392310f98480a534c383e5d92ddc3",
            "thumb_360": "https:\/\/files.slack.com\/files-tmb\/T53A65FDZ-F58VD0C0K-e377ba835c\/18338899_10154697537442582_1756777573_o_360.png?t=xoxe-173346185475-301971345667-302189523445-be5392310f98480a534c383e5d92ddc3",
            "thumb_360_w": 360,
            "thumb_360_h": 248,
            "thumb_480": "https:\/\/files.slack.com\/files-tmb\/T53A65FDZ-F58VD0C0K-e377ba835c\/18338899_10154697537442582_1756777573_o_480.png?t=xoxe-173346185475-301971345667-302189523445-be5392310f98480a534c383e5d92ddc3",
            "thumb_480_w": 480,
            "thumb_480_h": 330,
            "thumb_160": "https:\/\/files.slack.com\/files-tmb\/T53A65FDZ-F58VD0C0K-e377ba835c\/18338899_10154697537442582_1756777573_o_160.png?t=xoxe-173346185475-301971345667-302189523445-be5392310f98480a534c383e5d92ddc3",
            "thumb_720": "https:\/\/files.slack.com\/files-tmb\/T53A65FDZ-F58VD0C0K-e377ba835c\/18338899_10154697537442582_1756777573_o_720.png?t=xoxe-173346185475-301971345667-302189523445-be5392310f98480a534c383e5d92ddc3",
            "thumb_720_w": 720,
            "thumb_720_h": 496,
            "thumb_800": "https:\/\/files.slack.com\/files-tmb\/T53A65FDZ-F58VD0C0K-e377ba835c\/18338899_10154697537442582_1756777573_o_800.png?t=xoxe-173346185475-301971345667-302189523445-be5392310f98480a534c383e5d92ddc3",
            "thumb_800_w": 800,
            "thumb_800_h": 551,
            "thumb_960": "https:\/\/files.slack.com\/files-tmb\/T53A65FDZ-F58VD0C0K-e377ba835c\/18338899_10154697537442582_1756777573_o_960.png?t=xoxe-173346185475-301971345667-302189523445-be5392310f98480a534c383e5d92ddc3",
            "thumb_960_w": 960,
            "thumb_960_h": 661,
            "thumb_1024": "https:\/\/files.slack.com\/files-tmb\/T53A65FDZ-F58VD0C0K-e377ba835c\/18338899_10154697537442582_1756777573_o_1024.png?t=xoxe-173346185475-301971345667-302189523445-be5392310f98480a534c383e5d92ddc3",
            "thumb_1024_w": 1024,
            "thumb_1024_h": 705,
            "image_exif_rotation": 1,
            "original_w": 1300,
            "original_h": 895,
            "permalink": "https:\/\/growthhackingfrance.slack.com\/files\/U53T94L7N\/F58VD0C0K\/18338899_10154697537442582_1756777573_o.png",
            "permalink_public": "https:\/\/slack-files.com\/T53A65FDZ-F58VD0C0K-91f92302a2",
            "channels": [],
            "groups": [],
            "ims": [],
            "comments_count": 2,
            "initial_comment": {
                "id": "Fc5923U2G2",
                "created": 1493942037,
                "timestamp": 1493942037,
                "user": "U53T94L7N",
                "is_intro": true,
                "comment": "<@U54NAL317>"
            }
        },
        "user": "U53T94L7N",
        "upload": true,
        "display_as_bot": false,
        "username": "david-admin",
        "bot_id": null,
        "ts": "1493942043.369062"
    }
]