[
    {
        "user": "U53UZS8MN",
        "text": "<@U53UZS8MN> has joined the channel",
        "type": "message",
        "subtype": "channel_join",
        "ts": "1493191299.944941"
    },
    {
        "user": "U54078XQ8",
        "text": "<@U54078XQ8> has joined the channel",
        "type": "message",
        "subtype": "channel_join",
        "ts": "1493194504.931480"
    },
    {
        "user": "U540744DN",
        "text": "<@U540744DN> has joined the channel",
        "type": "message",
        "subtype": "channel_join",
        "ts": "1493194529.940360"
    },
    {
        "type": "message",
        "user": "U54078XQ8",
        "text": "J'ai utilise ahref pendant 6 mois. Au final, c'est useless. Attention, Ahref c'est principalement pour du backlinks pas SEMrush :slightly_smiling_face: 2 utilisations differentes.",
        "attachments": [
            {
                "fallback": "[April 25th, 2017 4:07 PM] david-admin: <!channel> semrush ou href ? Vous avez deux heures haha",
                "ts": "1493111244.217307",
                "author_subname": "david-admin",
                "channel_id": "C54JX6R62",
                "channel_name": "seo",
                "is_msg_unfurl": true,
                "text": "<!channel> semrush ou href ? Vous avez deux heures haha",
                "author_name": "David",
                "author_link": "https:\/\/growthhackingfrance.slack.com\/team\/david-admin",
                "author_icon": "https:\/\/secure.gravatar.com\/avatar\/23c71cb321be1bcff9423c59dc34bff0.jpg?s=48&d=https%3A%2F%2Fa.slack-edge.com%2F66f9%2Fimg%2Favatars%2Fava_0011-48.png",
                "mrkdwn_in": [
                    "text"
                ],
                "color": "D0D0D0",
                "from_url": "https:\/\/growthhackingfrance.slack.com\/archives\/C54JX6R62\/p1493111244217307",
                "is_share": true,
                "footer": "Posted in #seo"
            }
        ],
        "ts": "1493194584.959471",
        "reactions": [
            {
                "name": "heart",
                "users": [
                    "U53T94L7N"
                ],
                "count": 1
            },
            {
                "name": "ok_hand",
                "users": [
                    "U55FFTX6J"
                ],
                "count": 1
            }
        ]
    },
    {
        "type": "message",
        "user": "U54078XQ8",
        "text": "Déçu part myposeo. Je travaille sur webceo (+ complet et - cher au mot-clés)",
        "attachments": [
            {
                "fallback": "[April 25th, 2017 4:15 PM] crazyunikorn: oncrawl(crawler\/analyser de logs\/ Analyse croisée des visites seo de google Analytics), myposeo (suivie des mots clefs avec benchmark des concurrents), majestic (les backlinks). Les trois sont partenaires donc à terme on devrais voir les données des deux derniers remontés dans Oncrawl pour un suivie SEO optimal (source François Goube, Oncrawl founder). Voilà voilà :slightly_smiling_face:",
                "ts": "1493111726.379603",
                "author_subname": "crazyunikorn",
                "channel_id": "C54JX6R62",
                "channel_name": "seo",
                "is_msg_unfurl": true,
                "text": "oncrawl(crawler\/analyser de logs\/ Analyse croisée des visites seo de google Analytics), myposeo (suivie des mots clefs avec benchmark des concurrents), majestic (les backlinks). Les trois sont partenaires donc à terme on devrais voir les données des deux derniers remontés dans Oncrawl pour un suivie SEO optimal (source François Goube, Oncrawl founder). Voilà voilà :slightly_smiling_face:",
                "author_name": "Alexandre rvr",
                "author_link": "https:\/\/growthhackingfrance.slack.com\/team\/crazyunikorn",
                "author_icon": "https:\/\/secure.gravatar.com\/avatar\/faf366bb86e22149a2629729db8f998e.jpg?s=48&d=https%3A%2F%2Fa.slack-edge.com%2F272a%2Fimg%2Favatars%2Fava_0026-48.png",
                "mrkdwn_in": [
                    "text"
                ],
                "color": "D0D0D0",
                "from_url": "https:\/\/growthhackingfrance.slack.com\/archives\/C54JX6R62\/p1493111726379603",
                "is_share": true,
                "footer": "Posted in #seo"
            }
        ],
        "ts": "1493194656.985189"
    },
    {
        "user": "U54MB54QL",
        "text": "<@U54MB54QL> has joined the channel",
        "type": "message",
        "subtype": "channel_join",
        "ts": "1493195286.207789"
    },
    {
        "user": "U54LA3KQA",
        "text": "<@U54LA3KQA> has joined the channel",
        "type": "message",
        "subtype": "channel_join",
        "ts": "1493196525.653055"
    },
    {
        "user": "U55ERH78X",
        "text": "<@U55ERH78X> has joined the channel",
        "type": "message",
        "subtype": "channel_join",
        "ts": "1493198763.460365"
    },
    {
        "user": "U54MZ2JTW",
        "text": "<@U54MZ2JTW> has joined the channel",
        "type": "message",
        "subtype": "channel_join",
        "ts": "1493200063.940808"
    },
    {
        "user": "U54MC2TFC",
        "text": "<@U54MC2TFC> has joined the channel",
        "type": "message",
        "subtype": "channel_join",
        "ts": "1493201809.548217"
    },
    {
        "user": "U542QHVJP",
        "text": "<@U542QHVJP> has joined the channel",
        "type": "message",
        "subtype": "channel_join",
        "ts": "1493201896.576363"
    },
    {
        "user": "U54NUR82G",
        "text": "<@U54NUR82G> has joined the channel",
        "type": "message",
        "subtype": "channel_join",
        "ts": "1493201948.592939"
    },
    {
        "user": "U54Q25E84",
        "text": "<@U54Q25E84> has joined the channel",
        "type": "message",
        "subtype": "channel_join",
        "ts": "1493208402.578299"
    },
    {
        "user": "U5430F55W",
        "text": "<@U5430F55W> has joined the channel",
        "type": "message",
        "subtype": "channel_join",
        "ts": "1493210367.284300"
    },
    {
        "user": "U54PV0R4L",
        "text": "<@U54PV0R4L> has joined the channel",
        "type": "message",
        "subtype": "channel_join",
        "ts": "1493212116.035661"
    },
    {
        "user": "U54M3JTU2",
        "text": "<@U54M3JTU2> has joined the channel",
        "type": "message",
        "subtype": "channel_join",
        "ts": "1493213114.518752"
    },
    {
        "user": "U54NWNH3M",
        "text": "<@U54NWNH3M> has joined the channel",
        "type": "message",
        "subtype": "channel_join",
        "ts": "1493216802.586782"
    },
    {
        "user": "U54QSPYDQ",
        "text": "<@U54QSPYDQ> has joined the channel",
        "type": "message",
        "subtype": "channel_join",
        "ts": "1493219002.958360"
    },
    {
        "user": "U54S5EE9G",
        "text": "<@U54S5EE9G> has joined the channel",
        "type": "message",
        "subtype": "channel_join",
        "ts": "1493219854.491445"
    },
    {
        "user": "U55LU06DD",
        "text": "<@U55LU06DD> has joined the channel",
        "type": "message",
        "subtype": "channel_join",
        "ts": "1493219977.566820"
    },
    {
        "user": "U54SF0U1Y",
        "text": "<@U54SF0U1Y> has joined the channel",
        "type": "message",
        "subtype": "channel_join",
        "ts": "1493223797.856179"
    },
    {
        "user": "U548SPQD6",
        "text": "<@U548SPQD6> has joined the channel",
        "type": "message",
        "subtype": "channel_join",
        "ts": "1493228815.603338"
    },
    {
        "user": "U545XRTNU",
        "text": "<@U545XRTNU> has joined the channel",
        "type": "message",
        "subtype": "channel_join",
        "ts": "1493233950.490877"
    },
    {
        "user": "U54UJS6RG",
        "text": "<@U54UJS6RG> has joined the channel",
        "type": "message",
        "subtype": "channel_join",
        "ts": "1493237493.327678"
    },
    {
        "user": "U550BARD1",
        "text": "<@U550BARD1> has joined the channel",
        "type": "message",
        "subtype": "channel_join",
        "ts": "1493238138.657690"
    },
    {
        "user": "U558R6GCA",
        "text": "<@U558R6GCA> has joined the channel",
        "type": "message",
        "subtype": "channel_join",
        "ts": "1493275021.938949"
    }
]