[
    {
        "type": "message",
        "user": "U54C5S7V2",
        "text": "En gratuit c'est quand même compliqué si tu veux du volume... voici le mieux que j'ai à te proposer: <https:\/\/www.ranktank.org\/keyword-position-checker-tool\/>\nPerso c'est ce que j'utilise sur mes petits sites, c'est top. Tu t'inscris et tu auras un google sheet où tu as juste à configurer ton url, tes mots clefs et à chaque fois que ut lances le fichier ca checke les positions.\nAprès je paye AHREF et Proranktracker pour les gros projets car pas possible sinon",
        "edited": {
            "user": "U54C5S7V2",
            "ts": "1495612154.000000"
        },
        "thread_ts": "1495464955.986939",
        "parent_user_id": "U54KSDKCY",
        "ts": "1495612149.719861"
    },
    {
        "type": "message",
        "user": "U54KSDKCY",
        "text": "Merci <@U54C5S7V2> :slightly_smiling_face: Non je n'ai pas besoin de volume on a deux sites e-commerce minus mais je veux suivre mes keywords quand même :wink: D'acc super je m'y mets alors :slightly_smiling_face:",
        "thread_ts": "1495464955.986939",
        "parent_user_id": "U54KSDKCY",
        "ts": "1495627874.929609",
        "reactions": [
            {
                "name": "ok_hand",
                "users": [
                    "U54C5S7V2"
                ],
                "count": 1
            }
        ]
    },
    {
        "type": "message",
        "user": "U54KSDKCY",
        "text": "Oui pour les gros projets c'est différent on peut pas se permettre de bricoler. Merci !",
        "thread_ts": "1495464955.986939",
        "parent_user_id": "U54KSDKCY",
        "ts": "1495627897.937038"
    },
    {
        "type": "message",
        "user": "U566P6QCE",
        "text": "Vous avez suivi\/suivez le live Google Black Day aujourd’hui sur le SEO ? <https:\/\/app.webinarjam.net\/live\/12770\/5e17d7c055\/0\/G5125532969qq>",
        "attachments": [
            {
                "title": "WEBINARJAM | Google Black Day",
                "title_link": "https:\/\/app.webinarjam.net\/live\/12770\/5e17d7c055\/0\/G5125532969qq",
                "text": "Google Black Day",
                "fallback": "WEBINARJAM | Google Black Day",
                "from_url": "https:\/\/app.webinarjam.net\/live\/12770\/5e17d7c055\/0\/G5125532969qq",
                "thumb_url": "https:\/\/s3.amazonaws.com\/webinarjam\/images\/183.gif",
                "thumb_width": 154,
                "thumb_height": 154,
                "service_icon": "https:\/\/app.webinarjam.net\/assets\/images\/favicon.ico",
                "service_name": "app.webinarjam.net",
                "id": 1
            }
        ],
        "thread_ts": "1495634961.244613",
        "reply_count": 2,
        "replies": [
            {
                "user": "U55DBLQUV",
                "ts": "1495682149.696773"
            },
            {
                "user": "U5479AJQH",
                "ts": "1496135483.838986"
            }
        ],
        "unread_count": 2,
        "ts": "1495634961.244613"
    },
    {
        "type": "message",
        "user": "U546L44SJ",
        "text": "malheureusement non. toi ?",
        "ts": "1495635801.745231"
    },
    {
        "user": "U5J991346",
        "text": "<@U5J991346> has joined the channel",
        "type": "message",
        "subtype": "channel_join",
        "ts": "1495649658.831711"
    },
    {
        "type": "message",
        "user": "U55FFTX6J",
        "text": "non plus :see_no_evil:",
        "ts": "1495677602.929156"
    },
    {
        "type": "message",
        "user": "U55FFTX6J",
        "text": "Hello:smiley_cat:! Question a propos du fil d'ariane (breadcrumbs), j'ai remarque quelques sites qui n'avaient pas de fil d'ariane sur le site mobile alors que sur le site desktop il y en avait. Ma question : Est-ce qu'on peut faire abstraction du fil d'ariane sur mobile sans impacter notre SEO? Ou est-ce qu'il faut impérativement avoir un fil d'ariane a la fois sur desktop et mobile?",
        "thread_ts": "1495681500.595746",
        "reply_count": 3,
        "replies": [
            {
                "user": "U54078XQ8",
                "ts": "1495682439.740639"
            },
            {
                "user": "U5C86111D",
                "ts": "1495698382.421105"
            },
            {
                "user": "U55FFTX6J",
                "ts": "1495766630.308929"
            }
        ],
        "unread_count": 3,
        "ts": "1495681500.595746"
    },
    {
        "type": "message",
        "user": "U55DBLQUV",
        "text": "<@U566P6QCE> non malheureusement mais il y a un replay ?",
        "thread_ts": "1495634961.244613",
        "parent_user_id": "U566P6QCE",
        "ts": "1495682149.696773"
    },
    {
        "type": "message",
        "user": "U54078XQ8",
        "text": "alex.ricart: cela n'a quasiment pas d'impact sur le SEO. C'est surtout pour aider les utilisateurs et l'affichage sur Google Search d'une adresse optimisée.",
        "thread_ts": "1495681500.595746",
        "parent_user_id": "U55FFTX6J",
        "ts": "1495682439.740639"
    }
]