[
    {
        "type": "message",
        "user": "U5C86111D",
        "text": "Hello, pour ceux qui ont un group buy, savez-vous si il y a l'API de <http:\/\/www.alexa.com\/find-similar-sites> incluse ?",
        "attachments": [
            {
                "title": "Find Similar Sites, Competitors and Related Sites - Alexa",
                "title_link": "http:\/\/www.alexa.com\/find-similar-sites",
                "text": "Find sites that share a similar audience using our free Audience Overlap Tool. Discover competitor sites, influencers, guest blogging opportunities, and more.",
                "fallback": "Find Similar Sites, Competitors and Related Sites - Alexa",
                "from_url": "http:\/\/www.alexa.com\/find-similar-sites",
                "service_icon": "http:\/\/www.alexa.com\/favicon.ico",
                "service_name": "alexa.com",
                "id": 1
            }
        ],
        "ts": "1502957358.000372"
    },
    {
        "type": "message",
        "user": "U57DAHPE1",
        "text": "Ahhhh, j’ai pas l’impression",
        "ts": "1502961743.000378"
    },
    {
        "type": "message",
        "user": "U5C86111D",
        "text": "SimilarWeb qui me propose de commencer à 20.000$ par years :cry:",
        "ts": "1502962808.000184"
    },
    {
        "type": "message",
        "user": "U54PQ74HF",
        "text": "celui ci : <http:\/\/home.snafu.de\/tilman\/xenulink.html> . Il est vieux, pas jolie, mais fonctionne encore pas trop (par contre bien moins détaillé que Screaming Frog)",
        "attachments": [
            {
                "text": "A free multi-threaded link checking software to analyze web sites to find broken links. Runs on Windows 95, 98, NT, 2000, XP, Vista, 7 and 8.",
                "fallback": "A free multi-threaded link checking software to analyze web sites to find broken links. Runs on Windows 95, 98, NT, 2000, XP, Vista, 7 and 8.",
                "from_url": "http:\/\/home.snafu.de\/tilman\/xenulink.html",
                "service_name": "home.snafu.de",
                "id": 1
            }
        ],
        "thread_ts": "1502904010.000246",
        "parent_user_id": "U54PABTGW",
        "ts": "1502965315.000143"
    }
]