[
    {
        "type": "message",
        "user": "U54N4URLZ",
        "text": "est ce que quelqu'un a dejà fait ce jeux ? <http:\/\/searchga.me\/>",
        "attachments": [
            {
                "title": "The SEO Search Game",
                "title_link": "http:\/\/searchga.me\/",
                "text": "The SEO Search Game - Only attempt this if you know SEO",
                "fallback": "The SEO Search Game",
                "from_url": "http:\/\/searchga.me\/",
                "service_icon": "http:\/\/searchga.me\/favicon.ico",
                "service_name": "searchga.me",
                "id": 1
            }
        ],
        "ts": "1494577856.460856",
        "reactions": [
            {
                "name": "video_game",
                "users": [
                    "U5519FU87",
                    "U5CQPG96J"
                ],
                "count": 2
            }
        ]
    },
    {
        "type": "message",
        "user": "U546L44SJ",
        "text": "C’est trop marrant comme jeu",
        "ts": "1494578027.510888"
    },
    {
        "type": "message",
        "user": "U54N4URLZ",
        "text": "je suis bloqué q12",
        "ts": "1494578037.513940"
    },
    {
        "type": "message",
        "user": "U5C86111D",
        "text": "Sympa :stuck_out_tongue:",
        "ts": "1494578094.534386"
    },
    {
        "type": "message",
        "user": "U5C86111D",
        "text": "est-ce que vous avez des truc pour sortir de l’index secondaire de google ?",
        "ts": "1494578109.539121"
    },
    {
        "type": "message",
        "user": "U546L44SJ",
        "text": "tu as fait un check semrush déjà pour une analyse grossière de la santé du site ?",
        "ts": "1494578690.733731"
    },
    {
        "type": "message",
        "user": "U5C86111D",
        "text": "oui mais je vois pas où semrush pourrait t’aider pour ça ?",
        "ts": "1494578722.744906"
    },
    {
        "type": "message",
        "user": "U546L44SJ",
        "text": "tu peux me donner l’adresse du site ?",
        "ts": "1494578773.761990"
    },
    {
        "type": "message",
        "user": "U55DBLQUV",
        "text": "<@U54N4URLZ> je viens de découvrir ce jeu mais je bloque rien qu'au niveau 1..... ",
        "ts": "1494578801.771242"
    },
    {
        "type": "message",
        "user": "U5C86111D",
        "text": "<http:\/\/swapcard.com|swapcard.com>",
        "ts": "1494578881.799359"
    },
    {
        "type": "message",
        "user": "U546L44SJ",
        "text": "merci",
        "ts": "1494578885.800723"
    },
    {
        "type": "message",
        "user": "U546L44SJ",
        "text": "wait",
        "ts": "1494578887.801066"
    },
    {
        "type": "message",
        "user": "U5C86111D",
        "text": "si tu fais un crawl tu aura beaucoup de warning sur le alt.",
        "ts": "1494578903.806693"
    },
    {
        "type": "message",
        "user": "U546L44SJ",
        "text": "Le problème c’est surtout les conflits hreflang",
        "ts": "1494579237.922044"
    },
    {
        "type": "message",
        "user": "U5C86111D",
        "text": "ah justement t’as la solution ? j’ai pas réussi avec l’aide de semrush et google",
        "ts": "1494579338.957201"
    },
    {
        "type": "message",
        "user": "U546L44SJ",
        "text": "j’ai pas regardé en détail mais je crois que ta solution est ici <https:\/\/www.rebelytics.com\/hreflang-canonical\/>",
        "attachments": [
            {
                "service_name": "Rebelytics",
                "title": "hreflang and canonical: How to use them together",
                "title_link": "https:\/\/www.rebelytics.com\/hreflang-canonical\/",
                "text": "How to use hreflang and canonical tags together on your website. Make sure your URLs know what they want! hreflang and canonical explained.",
                "fallback": "Rebelytics: hreflang and canonical: How to use them together",
                "image_url": "https:\/\/www.rebelytics.com\/wp-content\/uploads\/2015\/06\/hreflang-canonical.jpg",
                "ts": 1436701675,
                "from_url": "https:\/\/www.rebelytics.com\/hreflang-canonical\/",
                "image_width": 250,
                "image_height": 250,
                "image_bytes": 115086,
                "service_icon": "https:\/\/www.rebelytics.com\/wp-content\/uploads\/2013\/09\/rebelytics.ico",
                "id": 1
            }
        ],
        "ts": "1494579438.992595"
    },
    {
        "type": "message",
        "user": "U5C86111D",
        "text": "je vais regader merci",
        "ts": "1494579456.998938"
    },
    {
        "type": "message",
        "user": "U546L44SJ",
        "text": "tiens nous au courant",
        "ts": "1494579466.002628"
    },
    {
        "type": "message",
        "user": "U5C86111D",
        "text": "yes",
        "ts": "1494579470.004356"
    },
    {
        "type": "message",
        "user": "U546L44SJ",
        "text": "<@U54N4URLZ>  check that si tu as aimé seo games :slightly_smiling_face: <http:\/\/ouverture-facile.com\/|ouverture-facile.com\/> ca m’avait bien mis dans le mal",
        "ts": "1494579545.031468"
    },
    {
        "type": "message",
        "user": "U54N4URLZ",
        "text": "oui je connais mais la c'est en rapport avec le seo donc un peu plus marrant:)",
        "ts": "1494579616.058219"
    },
    {
        "type": "message",
        "user": "U546L44SJ",
        "text": "yes! je vais m’y mettre ce week end",
        "ts": "1494579655.073042"
    },
    {
        "type": "message",
        "user": "U54N4URLZ",
        "text": "bonne chance !",
        "ts": "1494579787.118809"
    },
    {
        "user": "U57HABR37",
        "text": "<@U57HABR37> has joined the channel",
        "type": "message",
        "subtype": "channel_join",
        "ts": "1494594508.735095"
    }
]