[
    {
        "type": "message",
        "user": "U54HY9NBD",
        "text": "Merci <@U60MQV8J0>",
        "thread_ts": "1500285873.336322",
        "parent_user_id": "U54HY9NBD",
        "ts": "1500652197.545189"
    },
    {
        "type": "message",
        "user": "U540H2PEF",
        "text": "Bonjour, bonjour, j'aurais une petite question concernant les sous-domaines et leur référencements. J'aimerais savoir si c'est considéré par google comme un site \"à part\" ou non? A savoir que ce sont deux sites distinct mais avec un thème commun :) ",
        "ts": "1500672476.589058"
    },
    {
        "type": "message",
        "user": "U5C86111D",
        "text": "yes c’est un autre site",
        "ts": "1500674584.250305",
        "reactions": [
            {
                "name": "+1",
                "users": [
                    "U540H2PEF"
                ],
                "count": 1
            }
        ]
    },
    {
        "type": "message",
        "user": "U5C86111D",
        "text": "ahrefs a fait des études dessus",
        "ts": "1500674590.251974"
    },
    {
        "type": "message",
        "user": "U5C86111D",
        "text": "les diff sont pas ouf mais c’est là",
        "ts": "1500674596.253658"
    }
]