[
    {
        "type": "message",
        "user": "U57BKANLD",
        "text": "<@U55S98P5Z> Merci, je vais tester ça :slightly_smiling_face:",
        "thread_ts": "1494423789.851629",
        "parent_user_id": "U57BKANLD",
        "ts": "1494488956.194275"
    },
    {
        "user": "U5CMNAMPZ",
        "text": "<@U5CMNAMPZ> has joined the channel",
        "type": "message",
        "subtype": "channel_join",
        "ts": "1494492680.458388"
    },
    {
        "user": "U5CQPG96J",
        "text": "<@U5CQPG96J> has joined the channel",
        "type": "message",
        "subtype": "channel_join",
        "ts": "1494504607.267336"
    },
    {
        "user": "U57L850CF",
        "text": "<@U57L850CF> has joined the channel",
        "type": "message",
        "subtype": "channel_join",
        "ts": "1494506740.029328"
    },
    {
        "user": "U5C0029AP",
        "text": "<@U5C0029AP> has joined the channel",
        "type": "message",
        "subtype": "channel_join",
        "ts": "1494508555.820723"
    },
    {
        "user": "U5C86111D",
        "text": "<@U5C86111D> has joined the channel",
        "type": "message",
        "subtype": "channel_join",
        "ts": "1494509947.523305"
    }
]