[
    {
        "type": "message",
        "user": "U5C86111D",
        "text": "quelqu’un utilise scrapebox ? <@U57DAHPE1>",
        "ts": "1500883183.710930"
    },
    {
        "type": "message",
        "user": "U57DAHPE1",
        "text": "Et ben tu sais quoi, j’allais justement m’y mettre cette semaine. Dans mon Seo Group Buy y’a une vielle version de Scrapebox à télécharger. Je te redis si ça gaze !",
        "ts": "1500890299.300669"
    },
    {
        "type": "message",
        "user": "U57DAHPE1",
        "text": "<@U5C86111D> Sinon il me semble que Camille Besse du site Growth <http:\/\/hacking.fr|hacking.fr> se débrouille pas mal avec.",
        "ts": "1500890350.319223"
    },
    {
        "type": "message",
        "user": "U5C86111D",
        "text": "top",
        "ts": "1500892434.991967"
    },
    {
        "type": "message",
        "user": "U5C86111D",
        "text": "c’est quoi ton Seo Group Buy avec scrapbox ?",
        "thread_ts": "1500895368.850764",
        "reply_count": 6,
        "replies": [
            {
                "user": "U5852MULX",
                "ts": "1500895809.980285"
            },
            {
                "user": "U57DAHPE1",
                "ts": "1500895824.984953"
            },
            {
                "user": "U57DAHPE1",
                "ts": "1500895835.987986"
            },
            {
                "user": "U57DAHPE1",
                "ts": "1500895875.999884"
            },
            {
                "user": "U57DAHPE1",
                "ts": "1500895880.001288"
            },
            {
                "user": "U5852MULX",
                "ts": "1500895922.013200"
            }
        ],
        "unread_count": 6,
        "ts": "1500895368.850764"
    },
    {
        "type": "message",
        "user": "U5852MULX",
        "text": "<http:\/\/www.seogroupbuy.net\/> Celui là non <@U57DAHPE1> ?",
        "attachments": [
            {
                "title": "Group Buy SEO $27\/ Month",
                "title_link": "http:\/\/www.seogroupbuy.net\/",
                "text": "Get Access To 20+ Best SEO Tools for as low as $27\/ Month from Group Buy SEO.",
                "fallback": "Group Buy SEO $27\/ Month",
                "from_url": "http:\/\/www.seogroupbuy.net\/",
                "service_name": "seogroupbuy.net",
                "id": 1
            }
        ],
        "thread_ts": "1500895368.850764",
        "parent_user_id": "U5C86111D",
        "ts": "1500895809.980285"
    },
    {
        "type": "message",
        "user": "U57DAHPE1",
        "text": "Yup !",
        "thread_ts": "1500895368.850764",
        "parent_user_id": "U5C86111D",
        "ts": "1500895824.984953"
    },
    {
        "type": "message",
        "user": "U57DAHPE1",
        "text": "Je le recommande à tout le monde ici.",
        "thread_ts": "1500895368.850764",
        "parent_user_id": "U5C86111D",
        "ts": "1500895835.987986"
    },
    {
        "type": "message",
        "user": "U57DAHPE1",
        "text": "Par contre j’ai pas encore testé le Scrapebox. Donc impossible de dire si leur version est compatible avec mes machines ou si c’est encore valable",
        "thread_ts": "1500895368.850764",
        "parent_user_id": "U5C86111D",
        "ts": "1500895875.999884"
    },
    {
        "type": "message",
        "user": "U57DAHPE1",
        "text": "Je vous dis ça cette semaine",
        "thread_ts": "1500895368.850764",
        "parent_user_id": "U5C86111D",
        "ts": "1500895880.001288"
    },
    {
        "type": "message",
        "user": "U5852MULX",
        "text": "Ok, cool !",
        "thread_ts": "1500895368.850764",
        "parent_user_id": "U5C86111D",
        "ts": "1500895922.013200"
    },
    {
        "type": "message",
        "user": "U57DAHPE1",
        "text": "Les outils SEO sont chers p**** je sais pas comment les gens en Freelance ou avec un petit budget font.",
        "thread_ts": "1500896110.067338",
        "reply_count": 6,
        "replies": [
            {
                "user": "U5852MULX",
                "ts": "1500896235.103364"
            },
            {
                "user": "U57DAHPE1",
                "ts": "1500896632.218949"
            },
            {
                "user": "U57DAHPE1",
                "ts": "1500896688.235135"
            },
            {
                "user": "U5852MULX",
                "ts": "1500897197.385997"
            },
            {
                "user": "U57DAHPE1",
                "ts": "1500898288.742519"
            },
            {
                "user": "U57DAHPE1",
                "ts": "1500898320.752961"
            }
        ],
        "unread_count": 6,
        "ts": "1500896110.067338"
    },
    {
        "type": "message",
        "user": "U5852MULX",
        "text": "Ouais et j'ai l'impression que c'est de pire en pire... Je vais tester Seo group buy du coup ! :slightly_smiling_face:",
        "thread_ts": "1500896110.067338",
        "parent_user_id": "U57DAHPE1",
        "ts": "1500896235.103364"
    },
    {
        "type": "message",
        "user": "U57DAHPE1",
        "text": "Payes avec une carte virtuelle pour ta sécurité. Les mecs sont au pakistan, on sait jamais :laughing:",
        "edited": {
            "user": "U57DAHPE1",
            "ts": "1500896645.000000"
        },
        "thread_ts": "1500896110.067338",
        "parent_user_id": "U57DAHPE1",
        "ts": "1500896632.218949",
        "reactions": [
            {
                "name": "ok_hand",
                "users": [
                    "U5CQPG96J"
                ],
                "count": 1
            }
        ]
    },
    {
        "type": "message",
        "user": "U57DAHPE1",
        "text": "Et si t’es sur Mac, faut que t’ais plus que 8 go de RAM pour supporter une machine virtuelle qui prends Windows.",
        "thread_ts": "1500896110.067338",
        "parent_user_id": "U57DAHPE1",
        "ts": "1500896688.235135"
    },
    {
        "type": "message",
        "user": "U5852MULX",
        "text": "C'est noté pour la carte virtuelle ahah. En fait c'est un tool que tu lances depuis Windows et qui rassemble tous les accès ? Ou c'est en mode tu te connecte à chaque tool comme un utilisateur lambda ?",
        "thread_ts": "1500896110.067338",
        "parent_user_id": "U57DAHPE1",
        "ts": "1500897197.385997"
    },
    {
        "type": "message",
        "user": "U57DAHPE1",
        "text": "En fait c’est un “portable browser” un firefox modifié avec vpn par dessus et qui ne se controle pas comme un vrai browser. Tes choix sont limités mais tu peux utiliser les outils dessus. Apparement t’es pas obligé d’utiliser Windows et tu peux te connecter comme tu veux.",
        "thread_ts": "1500896110.067338",
        "parent_user_id": "U57DAHPE1",
        "ts": "1500898288.742519"
    },
    {
        "type": "message",
        "user": "U57DAHPE1",
        "text": "Mais disons que c’était plus simple de le faire en VM pour moi.",
        "thread_ts": "1500896110.067338",
        "parent_user_id": "U57DAHPE1",
        "ts": "1500898320.752961"
    },
    {
        "type": "message",
        "user": "U54C5S7V2",
        "text": "y'a un vrai expert SEO ici? J'ai un gros soucis qui m'ait jamais arrivé sur un site tout frias: mes pages sont indexées, désindexées, reindexées, desindexées, reindexées etc... depuis 20j. \nD'habitude ca met un peu de temps à s'indexer mais ca fait pas ca... \n\nJ'ai un (très) bon niveau SEO j'ai fais 20'000 checks deja, rien ne bloque. Si qqun a eu ce pb je suis preneur de retour d'xp.... car là je bloque.",
        "ts": "1500900153.415321"
    },
    {
        "type": "message",
        "user": "U54E8FNL9",
        "text": "Peut-être que le crawler de Google s’est branché sur l’installation Homekit de Larry Page, donc ca foire tout à chaque fois qu’il touche à interrupteur chez lui #okjesors",
        "ts": "1500900580.584884"
    },
    {
        "type": "message",
        "user": "U57DAHPE1",
        "text": "<@U54C5S7V2> Je suis sans doute moins bon en SEO que toi. Mais est-ce qu par hasard tu fais des A\/B tests ou est-ce que tu as implémenté un outil qui peut potentiellement changer le contenu de ta page. Et sur quel techno le site est fait ?",
        "ts": "1500900665.618787"
    },
    {
        "type": "message",
        "user": "U54C5S7V2",
        "text": "non je n'en suis pas encore là à faire de l'AB test pour essayer de régler ce pb... \n\nC'est du WP + Yoast classique, site white, fat contenu + liens ultra quali, aucune manipulation. 20j d'âge. Les pages du site st indexées en 2h par Google mais mes pages ont sauté une par une pendant 3j. Théorie de la pénalité ok à ce moment je l'envisage meme si ya zero raison que j'en ai une. \nJe demande une indexation, les pages sont réindexées (toutes les pages) en 2h.\nPuis petit à petit elles disparaissent toutes du SERP a nouveau. \nPuis réindexées. Puis elles sont en train de redisparaitre. Jamais vu ça. \n\nJ'en ai pas mal parlé autour de moi on me dit d'attendre mais ca n'a pas de sens.",
        "edited": {
            "user": "U54C5S7V2",
            "ts": "1500901109.000000"
        },
        "ts": "1500901057.784357"
    },
    {
        "type": "message",
        "user": "U54PQ74HF",
        "text": "Ton NDD est clean je suppose ? C'est bizarre effectivement ce yoyo de la part de google :open_mouth:",
        "ts": "1500901236.867494"
    },
    {
        "type": "message",
        "user": "U54C5S7V2",
        "text": "ndd neuf",
        "ts": "1500901277.888834"
    },
    {
        "type": "message",
        "user": "U54C5S7V2",
        "text": "ah oui aussi quand elles veulent bien etre dans les SERPs, mes pages rankent top10 voir top30 pour les KW concurrentiels",
        "ts": "1500901302.901063"
    },
    {
        "type": "message",
        "user": "U54C5S7V2",
        "text": "et la page disparait completement de google, cest pas qu'elle quitte le top100, c'est que google n'en veut pas",
        "edited": {
            "user": "U54C5S7V2",
            "ts": "1500901453.000000"
        },
        "ts": "1500901333.916488"
    },
    {
        "type": "message",
        "user": "U62V7G8J1",
        "text": "Toujours entendu de très bons feedbacks de la part de potes sur ScrapeBox. Moi je n'en ai pas l'utilité mais j'ai pu le voir en marche et effectivement outil complet ^^",
        "ts": "1500905799.347207"
    },
    {
        "type": "message",
        "user": "U62V7G8J1",
        "text": "<@U54C5S7V2> Quand tu dis backlinks quali, tu peux préciser la quantité ? As-tu check ton ratio de hard \/ soft anchor text ? Si trop de hard c'est spammy. Ratio Do FOllow \/ No Follow links ? Si trop de Do Follow, c'est suspicieux et donc spammy",
        "ts": "1500905922.421605"
    },
    {
        "type": "message",
        "user": "U62V7G8J1",
        "text": "20 jours c'est jeune. ça peut expliquer la volatilité aussi. LEs SERPs sont étrangement calmes en ce moment, donc c'est bien ton site qu'est mis en cause.\n\nSi en plus en 20 jours t'as chopé des links (non PBN), certes quali, mais en forte quantité, ça peut faire spammy :slightly_smiling_face:",
        "ts": "1500905997.467198"
    },
    {
        "type": "message",
        "user": "U62V7G8J1",
        "text": "Tu dis que Google indexe tes pages en deux heures, tu les push à la console ou c'est naturel ? Combien de pages créés tu par jour ? C'est du spinner ou vraiment quali ?",
        "ts": "1500906117.542815"
    },
    {
        "type": "message",
        "user": "U54C5S7V2",
        "text": "Les liens yen a pas beaucoup, une vingtaine, mais 1\/3 proviennent de sites meme thematique qui vivent réellement avec article dédié (pas un PBN quoi, plutot un Influencer Private Network sur la thematique, donc ya pas mieux en termes de liens) + annuaires qui ont fait leur preuves. \nAncres pas du tout optimisées (3 ancres opti pour 20 domaines referents) \n75% dofollow  vs 25% nofollow\n\nOuais je passe par la console bien sur, si je fais pas ca, naturellement les pages reviennebt mais pas en masse, juste ca va et vient... la jai plus touché depuis un moment jai 7 pages indexées sur une vingtaine. \n\nJe créé une page par jour max, tout est ultra quali en methode backlinko, 1500 mots mini, bonne opti SEO etc\n\nJe ne fais que du white\/gris jamais fait de black de ma vie ca m'intéresse pas, c'est moi qui rédige le contenu egalement j'externalise meme pas ca",
        "edited": {
            "user": "U54C5S7V2",
            "ts": "1500906611.000000"
        },
        "ts": "1500906509.788769"
    },
    {
        "type": "message",
        "user": "U62V7G8J1",
        "text": "Écoute ça a l'air clean. T'as check ton profil de backlink voir si par hasard tu t'es pas fait spam dès le début ? (en dehors de ceux que tu sais avoir acquis). \n\nLaisse un peu courir pour l'usage console au cas où. Sur un site si jeune ça peut éventuellement froissé Google (même si ça m'étonnerait). \n\nPour moi c'est surtout une question d'âge. 20 jours c'est jeune ^^",
        "ts": "1500907636.501805"
    },
    {
        "type": "message",
        "user": "U54C5S7V2",
        "text": "ouais c'est ce que tout le monde dit, je pars en vacs 15j dans 1 semaine, ca me permettra de pas y penser et de laisser suffisament de temps :sweat_smile:",
        "ts": "1500907740.568268"
    },
    {
        "type": "message",
        "user": "U62V7G8J1",
        "text": "Ouais, 1 mois ça devrait le faire. Tu te places pendant une phase de SERP plutôt calme donc tu te fais peut être tester un peu plus \"agressivement\" bien que je pense honnêtement que ce n'est qu'une question d'âge",
        "ts": "1500907795.604310"
    },
    {
        "type": "message",
        "user": "U62V7G8J1",
        "text": "Reviens vers moi après tes vacances, si tu continues à avoir de tels mouvements. On regardera ça de plus près",
        "ts": "1500907814.615832"
    },
    {
        "type": "message",
        "user": "U54C5S7V2",
        "text": "ok thanks",
        "ts": "1500910891.596063"
    },
    {
        "user": "U61QD2CLX",
        "text": "<@U61QD2CLX> has joined the channel",
        "type": "message",
        "subtype": "channel_join",
        "ts": "1500917443.459517"
    }
]