[
    {
        "type": "message",
        "user": "U57DAHPE1",
        "text": "Yep, mais l’idée étant que vaux mieux faire un sujet plus en profondeur donc quali que 4 sujets faiblements abordés. Et tu peux ranker sur + de mots clés.",
        "thread_ts": "1511298563.000044",
        "parent_user_id": "U5C86111D",
        "ts": "1511341424.000284"
    },
    {
        "type": "message",
        "user": "U60DUGA9X",
        "text": "Hello, parmi vous est ce que certains ont eu la problématique ReactJS SEO ?",
        "ts": "1511342915.000414"
    },
    {
        "type": "message",
        "user": "U546L44SJ",
        "text": "ahah <@U60DUGA9X> belle problématique :<https:\/\/www.elephate.com\/blog\/javascript-seo-experiment\/#results>",
        "attachments": [
            {
                "service_name": "Elephate",
                "title": "Can Google properly crawl and index JavaScript frameworks? JavaScript SEO experiment | Elephate",
                "title_link": "https:\/\/www.elephate.com\/blog\/javascript-seo-experiment\/#results",
                "text": "Our JavaScript SEO experiment uncovers which JavaScript frameworks are SEO-friendly \"out of the box\"",
                "fallback": "Elephate: Can Google properly crawl and index JavaScript frameworks? JavaScript SEO experiment | Elephate",
                "from_url": "https:\/\/www.elephate.com\/blog\/javascript-seo-experiment\/#results",
                "service_icon": "https:\/\/www.elephate.com\/wp-content\/themes\/elephate\/static\/graphics\/favicon\/apple-touch-icon.png",
                "id": 1
            }
        ],
        "ts": "1511345602.000010",
        "reactions": [
            {
                "name": "+1",
                "users": [
                    "U5CQPG96J",
                    "U60DUGA9X"
                ],
                "count": 2
            }
        ]
    },
    {
        "type": "message",
        "user": "U60DUGA9X",
        "text": "J'ai pas de doutes quant à la crawlabilité et l'indexation, par contre faire ranker est une autre histoire :slightly_smiling_face:",
        "ts": "1511346165.000157",
        "reactions": [
            {
                "name": "+1",
                "users": [
                    "U57DAHPE1"
                ],
                "count": 1
            }
        ]
    },
    {
        "type": "message",
        "user": "U5AV671TK",
        "text": "Tu peux utiliser <https:\/\/prerender.io\/> sinon",
        "attachments": [
            {
                "title": "Prerender - AngularJS SEO, BackboneJS SEO, or EmberJS SEO",
                "title_link": "https:\/\/prerender.io\/",
                "text": "Allow your AngularJS, BackboneJS, or EmberJS apps to be crawled perfectly by search engines. View on Github.",
                "fallback": "Prerender - AngularJS SEO, BackboneJS SEO, or EmberJS SEO",
                "from_url": "https:\/\/prerender.io\/",
                "service_icon": "https:\/\/prerender.io\/favicon.png",
                "service_name": "prerender.io",
                "id": 1
            }
        ],
        "ts": "1511349167.000073"
    },
    {
        "type": "message",
        "user": "U60DUGA9X",
        "text": "Visiblement le prerendering est recommandé pour des pages statiques, mais pas générées dynamiquement (pour moi des résultats de recherche). Tu l'as déjà testé <@U5AV671TK> ?",
        "ts": "1511349678.000108"
    },
    {
        "type": "message",
        "user": "U57DAHPE1",
        "text": "J’ai entendu le plus grand bien de <https:\/\/preactjs.com\/> pour des questions de performances et SEO. Pas eu les mains dessus, à vous de voir",
        "ts": "1511355272.000062"
    },
    {
        "type": "message",
        "user": "U57C4ENH2",
        "text": "<@U54NAL317> Je suis également intéressé par la doc :slightly_smiling_face:",
        "thread_ts": "1508761076.000023",
        "parent_user_id": "U560CMYGL",
        "ts": "1511363043.000406"
    },
    {
        "type": "message",
        "user": "U54NAL317",
        "text": "faut que je m'en rappelle quand je suis dispo pour les envoyer",
        "thread_ts": "1508761076.000023",
        "parent_user_id": "U560CMYGL",
        "ts": "1511367825.000497"
    },
    {
        "type": "message",
        "user": "U5CQPG96J",
        "text": "En complément au résumé <@U57DAHPE1> voici les slides de la conférence SEO de Reputation  VIP\n\nQuel avenir pour le SEO:\n\n<https:\/\/app.hubspot.com\/presentations\/3418361\/view\/12460739?accessId=3390b1>\n\nAudit SEO - Etude de cas concret:\n\n<https:\/\/app.hubspot.com\/presentations\/3418361\/view\/12460738?accessId=6453de>\n\nContent Marketing SEO:\n\n<https:\/\/app.hubspot.com\/presentations\/3418361\/view\/12460740?accessId=98848d>\n\nLes stratégies de Netlinking en 2017:\n\n<https:\/\/app.hubspot.com\/presentations\/3418361\/view\/12460737?accessId=361300>",
        "edited": {
            "user": "U5CQPG96J",
            "ts": "1511380573.000000"
        },
        "ts": "1511380537.000587",
        "reactions": [
            {
                "name": "ok_hand",
                "users": [
                    "U54E8FNL9"
                ],
                "count": 1
            }
        ]
    },
    {
        "type": "message",
        "subtype": "file_share",
        "text": "<@U5C86111D> uploaded a file: <https:\/\/growthhackingfrance.slack.com\/files\/U5C86111D\/F84K74XMK\/image_uploaded_from_ios.jpg|Image uploaded from iOS>",
        "file": {
            "id": "F84K74XMK",
            "created": 1511385537,
            "timestamp": 1511385537,
            "name": "Image uploaded from iOS.jpg",
            "title": "Image uploaded from iOS",
            "mimetype": "image\/jpeg",
            "filetype": "jpg",
            "pretty_type": "JPEG",
            "user": "U5C86111D",
            "editable": false,
            "size": 219264,
            "mode": "hosted",
            "is_external": false,
            "external_type": "",
            "is_public": true,
            "public_url_shared": false,
            "display_as_bot": false,
            "username": "",
            "url_private": "https:\/\/files.slack.com\/files-pri\/T53A65FDZ-F84K74XMK\/image_uploaded_from_ios.jpg?t=xoxe-173346185475-301971345667-302189523445-be5392310f98480a534c383e5d92ddc3",
            "url_private_download": "https:\/\/files.slack.com\/files-pri\/T53A65FDZ-F84K74XMK\/download\/image_uploaded_from_ios.jpg?t=xoxe-173346185475-301971345667-302189523445-be5392310f98480a534c383e5d92ddc3",
            "thumb_64": "https:\/\/files.slack.com\/files-tmb\/T53A65FDZ-F84K74XMK-eeb86cd80a\/image_uploaded_from_ios_64.jpg?t=xoxe-173346185475-301971345667-302189523445-be5392310f98480a534c383e5d92ddc3",
            "thumb_80": "https:\/\/files.slack.com\/files-tmb\/T53A65FDZ-F84K74XMK-eeb86cd80a\/image_uploaded_from_ios_80.jpg?t=xoxe-173346185475-301971345667-302189523445-be5392310f98480a534c383e5d92ddc3",
            "thumb_360": "https:\/\/files.slack.com\/files-tmb\/T53A65FDZ-F84K74XMK-eeb86cd80a\/image_uploaded_from_ios_360.jpg?t=xoxe-173346185475-301971345667-302189523445-be5392310f98480a534c383e5d92ddc3",
            "thumb_360_w": 360,
            "thumb_360_h": 183,
            "thumb_480": "https:\/\/files.slack.com\/files-tmb\/T53A65FDZ-F84K74XMK-eeb86cd80a\/image_uploaded_from_ios_480.jpg?t=xoxe-173346185475-301971345667-302189523445-be5392310f98480a534c383e5d92ddc3",
            "thumb_480_w": 480,
            "thumb_480_h": 243,
            "thumb_160": "https:\/\/files.slack.com\/files-tmb\/T53A65FDZ-F84K74XMK-eeb86cd80a\/image_uploaded_from_ios_160.jpg?t=xoxe-173346185475-301971345667-302189523445-be5392310f98480a534c383e5d92ddc3",
            "thumb_720": "https:\/\/files.slack.com\/files-tmb\/T53A65FDZ-F84K74XMK-eeb86cd80a\/image_uploaded_from_ios_720.jpg?t=xoxe-173346185475-301971345667-302189523445-be5392310f98480a534c383e5d92ddc3",
            "thumb_720_w": 720,
            "thumb_720_h": 365,
            "image_exif_rotation": 1,
            "original_w": 781,
            "original_h": 396,
            "permalink": "https:\/\/growthhackingfrance.slack.com\/files\/U5C86111D\/F84K74XMK\/image_uploaded_from_ios.jpg",
            "permalink_public": "https:\/\/slack-files.com\/T53A65FDZ-F84K74XMK-57109c5d78",
            "channels": [],
            "groups": [],
            "ims": [],
            "comments_count": 0,
            "reactions": [
                {
                    "name": "joy",
                    "users": [
                        "U54KSDKCY",
                        "U5CQPG96J"
                    ],
                    "count": 2
                }
            ]
        },
        "user": "U5C86111D",
        "upload": true,
        "display_as_bot": false,
        "username": "robin",
        "bot_id": null,
        "upload_reply_to": "A4F4B54C-FCE7-4E76-9A99-AEF3A3BBFC95",
        "ts": "1511385539.000166"
    },
    {
        "type": "message",
        "user": "U57DAHPE1",
        "text": "Je sens que Robin Trolle comme pas possible",
        "ts": "1511390760.000207"
    },
    {
        "type": "message",
        "user": "U546L44SJ",
        "text": "Nan il est super sérieux La ",
        "ts": "1511420791.000122"
    }
]