[
    {
        "type": "message",
        "user": "U54PABTGW",
        "text": "Hello, connaissez-vous des boîtes sur Paris qui font de la formation SEO \"sérieuse\"",
        "ts": "1501666608.152952"
    },
    {
        "type": "message",
        "user": "U54PABTGW",
        "text": "Notamment toute la partie cocon sémantique",
        "thread_ts": "1501666615.155468",
        "reply_count": 2,
        "replies": [
            {
                "user": "U61LBKVEF",
                "ts": "1501668045.689512"
            },
            {
                "user": "U53GAFF8R",
                "ts": "1501690527.769856"
            }
        ],
        "unread_count": 2,
        "ts": "1501666615.155468"
    },
    {
        "type": "message",
        "user": "U5C86111D",
        "text": "Attends mi-septembre, Laurent va sortir la nouvelle formation sur ce sujet",
        "thread_ts": "1501666684.181901",
        "reply_count": 5,
        "replies": [
            {
                "user": "U54NAL317",
                "ts": "1501669070.038584"
            },
            {
                "user": "U5C86111D",
                "ts": "1501669119.054898"
            },
            {
                "user": "U54NAL317",
                "ts": "1501669143.062693"
            },
            {
                "user": "U5C86111D",
                "ts": "1501669215.085977"
            },
            {
                "user": "U54NAL317",
                "ts": "1501669297.113633"
            }
        ],
        "unread_count": 5,
        "ts": "1501666684.181901",
        "reactions": [
            {
                "name": "+1",
                "users": [
                    "U54NAL317"
                ],
                "count": 1
            }
        ]
    },
    {
        "type": "message",
        "user": "U54PABTGW",
        "text": "je cherche de la formation physique",
        "ts": "1501666724.195951"
    },
    {
        "type": "message",
        "user": "U54PABTGW",
        "text": "pas de l'online",
        "ts": "1501666730.198157"
    },
    {
        "type": "message",
        "user": "U62V7G8J1",
        "text": "Je comprends pas la hype autour du \"cocon sémantique\"",
        "ts": "1501667470.473496"
    },
    {
        "type": "message",
        "user": "U62V7G8J1",
        "text": "Ca a toujours existé...",
        "ts": "1501667499.484495"
    },
    {
        "type": "message",
        "user": "U54PABTGW",
        "text": "<@U62V7G8J1> pas de hype, tu oublies juste que le SEO qui était un domaine bien spécifique commence à être complémentaire dans les postes en entreprise, donc il faut se former dessus.",
        "thread_ts": "1501667532.496614",
        "reply_count": 2,
        "replies": [
            {
                "user": "U5C86111D",
                "ts": "1501667701.557903"
            },
            {
                "user": "U5C86111D",
                "ts": "1501667723.566317"
            }
        ],
        "unread_count": 2,
        "ts": "1501667532.496614"
    },
    {
        "type": "message",
        "user": "U5C86111D",
        "text": "Le cocon sémantique c’est un concept précis qui organise les pages avec un glissement sémantique et des liens  qui donne du sens.",
        "ts": "1501667609.523776"
    },
    {
        "type": "message",
        "user": "U5C86111D",
        "text": "avec les meta-mots notamment et seo quantum",
        "ts": "1501667624.529181"
    },
    {
        "type": "message",
        "user": "U5C86111D",
        "text": "ca reste un domaine très spécifique le SEO. Il y a plusieurs level de SEO et le SEO qu’on trouve sur les site comme <http:\/\/growthhacker.com|growthhacker.com> sont vraiment basique",
        "thread_ts": "1501667532.496614",
        "parent_user_id": "U54PABTGW",
        "ts": "1501667701.557903"
    },
    {
        "type": "message",
        "user": "U62V7G8J1",
        "text": "Ce n'était pas contre toi <@U54PABTGW> \n\nA vrai dire, toute formation SEO que je donne inclut l'architecture du site, le copywriting, l'internal linking, et le principe de silo (entre autres parmi les dizaines d'autres sujets que je traite). Mais en ce moment je vois écrit partout \"cocon sémantique\" alors que c'est ce qu'on faisait déjà depuis quelques années...",
        "ts": "1501667723.566095"
    },
    {
        "type": "message",
        "user": "U5C86111D",
        "text": "Il parle de “how to write content” mais ils oublient tout le contexte qu’il doit y avoir autour",
        "thread_ts": "1501667532.496614",
        "parent_user_id": "U54PABTGW",
        "ts": "1501667723.566317"
    },
    {
        "type": "message",
        "user": "U62V7G8J1",
        "text": "peut être pas quelques années non plujs",
        "ts": "1501667732.569567"
    },
    {
        "type": "message",
        "user": "U54PABTGW",
        "text": "donc pas d'idée d'entreprise à Paris ou Lille ou autre à conseiller ?",
        "ts": "1501667734.570509"
    },
    {
        "type": "message",
        "user": "U62V7G8J1",
        "text": "mais bien 3 ans ^^",
        "ts": "1501667737.571629"
    },
    {
        "type": "message",
        "user": "U5C86111D",
        "text": "Le cocon c’est un dérivée amélioré du silo",
        "ts": "1501667752.577999"
    },
    {
        "type": "message",
        "user": "U62V7G8J1",
        "text": "Oui basé sur l'intention de celui qui cherche",
        "ts": "1501667766.583312"
    },
    {
        "type": "message",
        "user": "U5C86111D",
        "text": "<http:\/\/www.creanico.fr\/wordpress\/mettre-place-structure-silos-wordpress\/>",
        "attachments": [
            {
                "service_name": "CreaNico",
                "title": "Comment mettre en place une structure en silos avec WordPress ?",
                "title_link": "http:\/\/www.creanico.fr\/wordpress\/mettre-place-structure-silos-wordpress\/",
                "text": "Je vous donne dans cet article toutes les astuces pour passer un site WordPress sur une structure en siloing thématique qui va plaire à Google.",
                "fallback": "CreaNico: Comment mettre en place une structure en silos avec WordPress ?",
                "image_url": "http:\/\/www.creanico.fr\/wp-content\/uploads\/structurer-site-wordpress-en-silos.jpg",
                "image_width": 319,
                "image_height": 250,
                "ts": 1501232334,
                "from_url": "http:\/\/www.creanico.fr\/wordpress\/mettre-place-structure-silos-wordpress\/",
                "image_bytes": 55428,
                "service_icon": "http:\/\/www.creanico.fr\/wp-content\/uploads\/fbrfg\/apple-touch-icon-57x57.png",
                "id": 1
            }
        ],
        "ts": "1501667817.602010"
    },
    {
        "type": "message",
        "user": "U5C86111D",
        "text": "cet article en parle bien",
        "ts": "1501667821.603407"
    },
    {
        "type": "message",
        "user": "U61LBKVEF",
        "text": "Peut-être qu'Olivier Andrieu pourrait t'en recommander une. Il publie pas mal de liens vers des formations su son site: <https:\/\/formations.abondance.com\/formations-seo-inter-entreprise.html>. Et il est très réactif par email.",
        "attachments": [
            {
                "title": "Calendrier des formations SEO \/ référencement inter-entreprise par Abondance",
                "title_link": "https:\/\/formations.abondance.com\/formations-seo-inter-entreprise.html",
                "text": "les formations inter-entreprise au référencement \/ SEO proposées par Abondance et Olivier Andrieu dans les jours, semaines et mois à venir avec Benchmark, Comundi et <http:\/\/Optimiz.me|Optimiz.me>",
                "fallback": "Calendrier des formations SEO \/ référencement inter-entreprise par Abondance",
                "from_url": "https:\/\/formations.abondance.com\/formations-seo-inter-entreprise.html",
                "service_icon": "https:\/\/www.abondance.com\/Bin\/favicon.ico",
                "service_name": "formations.abondance.com",
                "id": 1
            }
        ],
        "thread_ts": "1501666615.155468",
        "parent_user_id": "U54PABTGW",
        "ts": "1501668045.689512"
    },
    {
        "type": "message",
        "user": "U62V7G8J1",
        "text": "Je connais déjà :slightly_smiling_face: Rien de nouveau selon moi. Cependant, l'approche est peut être meilleure, mieux expliquée, et rendue plus accessible qu'elle ne l'était auparavant",
        "thread_ts": "1501668102.710761",
        "reply_count": 1,
        "replies": [
            {
                "user": "U54078XQ8",
                "ts": "1501812658.227756"
            }
        ],
        "unread_count": 1,
        "ts": "1501668102.710761"
    },
    {
        "type": "message",
        "user": "U54NAL317",
        "text": "Intéressée.",
        "thread_ts": "1501666684.181901",
        "parent_user_id": "U5C86111D",
        "ts": "1501669070.038584"
    },
    {
        "type": "message",
        "user": "U5C86111D",
        "text": "Je te prévis quand il sera out :slightly_smiling_face: ca fait 4 mois qu’il doit le sortir mais à sont dernier webinar il a annoncé septembre 100%",
        "thread_ts": "1501666684.181901",
        "parent_user_id": "U5C86111D",
        "ts": "1501669119.054898"
    },
    {
        "type": "message",
        "user": "U54NAL317",
        "text": "Merci :slightly_smiling_face: une idée du prix ?",
        "edited": {
            "user": "U54NAL317",
            "ts": "1501669169.000000"
        },
        "thread_ts": "1501666684.181901",
        "parent_user_id": "U5C86111D",
        "ts": "1501669143.062693"
    },
    {
        "type": "message",
        "user": "U5C86111D",
        "text": "environs 300€ je crois (vraiment pas sûr) mais je l’aurais à prix réduit car je fais parti de son groupe bootcamp. On pourra toujours s’arranger",
        "thread_ts": "1501666684.181901",
        "parent_user_id": "U5C86111D",
        "ts": "1501669215.085977"
    },
    {
        "type": "message",
        "user": "U54NAL317",
        "text": ":slightly_smiling_face:",
        "thread_ts": "1501666684.181901",
        "parent_user_id": "U5C86111D",
        "ts": "1501669297.113633"
    },
    {
        "type": "message",
        "user": "U53GAFF8R",
        "text": "<http:\/\/StudioVitamine.com|StudioVitamine.com> (La Rochelle).\nCocon sémantique, etc ...\nIndiquer que tu viens de ma part.",
        "edited": {
            "user": "U53GAFF8R",
            "ts": "1501690570.000000"
        },
        "thread_ts": "1501666615.155468",
        "parent_user_id": "U54PABTGW",
        "ts": "1501690527.769856"
    }
]