[
    {
        "type": "message",
        "user": "U543MU39P",
        "text": "Cas concret du montage d'un site et de la propulsion de sa notoriété par le SEO en 3 mois : \n<https:\/\/www.youtube.com\/watch?v=CG5DL0a9xg0>",
        "attachments": [
            {
                "service_name": "YouTube",
                "service_url": "https:\/\/www.youtube.com\/",
                "title": "3 mois pour ranker en SEO: cas pratique - WEB2DAY 2017",
                "title_link": "https:\/\/www.youtube.com\/watch?v=CG5DL0a9xg0",
                "author_name": "Web2day",
                "author_link": "https:\/\/www.youtube.com\/channel\/UCCzfEV7NDD5OvkE3Ua7pcxQ",
                "thumb_url": "https:\/\/i.ytimg.com\/vi\/CG5DL0a9xg0\/hqdefault.jpg",
                "thumb_width": 480,
                "thumb_height": 360,
                "fallback": "YouTube Video: 3 mois pour ranker en SEO: cas pratique - WEB2DAY 2017",
                "video_html": "<iframe width=\"400\" height=\"225\" src=\"https:\/\/www.youtube.com\/embed\/CG5DL0a9xg0?feature=oembed&autoplay=1&iv_load_policy=3\" frameborder=\"0\" allowfullscreen><\/iframe>",
                "video_html_width": 400,
                "video_html_height": 225,
                "from_url": "https:\/\/www.youtube.com\/watch?v=CG5DL0a9xg0",
                "service_icon": "https:\/\/a.slack-edge.com\/2089\/img\/unfurl_icons\/youtube.png",
                "id": 1
            }
        ],
        "thread_ts": "1498900137.953474",
        "reply_count": 3,
        "replies": [
            {
                "user": "U57DAHPE1",
                "ts": "1498904848.233845"
            },
            {
                "user": "U57DAHPE1",
                "ts": "1498906102.308378"
            },
            {
                "user": "U57DAHPE1",
                "ts": "1498906185.313070"
            }
        ],
        "unread_count": 3,
        "ts": "1498900137.953474",
        "reactions": [
            {
                "name": "+1",
                "users": [
                    "U53GAFF8R"
                ],
                "count": 1
            }
        ]
    },
    {
        "type": "message",
        "user": "U57DAHPE1",
        "text": "mayien: Julien Jimenez est partout sans rire !",
        "thread_ts": "1498900137.953474",
        "parent_user_id": "U543MU39P",
        "ts": "1498904848.233845"
    },
    {
        "type": "message",
        "user": "U57DAHPE1",
        "text": "C’est une excellente conférence, Julien délivre comme d’hab.",
        "thread_ts": "1498900137.953474",
        "parent_user_id": "U543MU39P",
        "ts": "1498906102.308378",
        "reactions": [
            {
                "name": "+1",
                "users": [
                    "U543MU39P"
                ],
                "count": 1
            }
        ]
    },
    {
        "type": "message",
        "user": "U57DAHPE1",
        "text": "Tiens ça me fait penser pour la technique des forums : j’utilise soit ça <http:\/\/boardreader.com\/> soit des footprints pour trouver la bonne thématique.",
        "thread_ts": "1498900137.953474",
        "parent_user_id": "U543MU39P",
        "ts": "1498906185.313070"
    },
    {
        "type": "message",
        "user": "U57DAHPE1",
        "text": "Pour la technique des forums : j’utilise soit ça <http:\/\/boardreader.com\/> soit des footprints pour trouver la bonne thématique et le bon forum où ranker.",
        "ts": "1498906224.315340"
    }
]