[
    {
        "type": "message",
        "user": "U54PABTGW",
        "text": "Quelqu'un fait du content spinning automatisé ici ?",
        "edited": {
            "user": "U54PABTGW",
            "ts": "1512420798.000000"
        },
        "ts": "1512420767.000114"
    },
    {
        "type": "message",
        "user": "U54PABTGW",
        "text": "Genre forêt de sites avec dns expirés et injection de contenus.",
        "ts": "1512420825.000005"
    },
    {
        "type": "message",
        "user": "U54KSDKCY",
        "text": "J'ai pas tracké cette modification avant\/après. Mais sachant que ça s'affichait dans la SERP, obligé de laisser \"en stock\" pour le CTR, le \"Épuisé\" fait mal aha ",
        "thread_ts": "1512234599.000134",
        "parent_user_id": "U54PABTGW",
        "ts": "1512421423.000315"
    },
    {
        "type": "message",
        "user": "U54PQ74HF",
        "text": "content spinning oui, pas totalement automatisé par contre... je souffre d’avoir pas mal de sites sur des techno différentes... :confused:",
        "ts": "1512430780.000282"
    }
]