[
    {
        "user": "U546L44SJ",
        "text": "<@U546L44SJ> has joined the channel",
        "type": "message",
        "subtype": "channel_join",
        "ts": "1493068410.008813"
    },
    {
        "user": "U546L44SJ",
        "purpose": "Besoins de reco pour la SEO ? C'est par ici",
        "text": "<@U546L44SJ> set the channel purpose: Besoins de reco pour la SEO ? C'est par ici",
        "type": "message",
        "subtype": "channel_purpose",
        "ts": "1493068411.008998"
    },
    {
        "user": "U53T94L7N",
        "text": "<@U53T94L7N> has joined the channel",
        "type": "message",
        "subtype": "channel_join",
        "ts": "1493074098.922180"
    }
]