[
    {
        "user": "U58KP81NE",
        "text": "<@U58KP81NE> has joined the channel",
        "type": "message",
        "subtype": "channel_join",
        "ts": "1503651487.000193"
    },
    {
        "type": "message",
        "user": "U57HABR37",
        "text": "Hello ! Une question relative à SEMrush : savez-vous si en rentrant notre nom de domaine, l'outil prend en compte les sous domaine ? Ou est-ce qu'il faut faire une manip particulière ?",
        "thread_ts": "1503655913.000224",
        "reply_count": 3,
        "replies": [
            {
                "user": "U5C86111D",
                "ts": "1503658180.000134"
            },
            {
                "user": "U54NAL317",
                "ts": "1503665993.000427"
            },
            {
                "user": "U57HABR37",
                "ts": "1503931766.000416"
            }
        ],
        "unread_count": 3,
        "ts": "1503655913.000224"
    },
    {
        "type": "message",
        "user": "U5C86111D",
        "text": "<https:\/\/www.dropbox.com\/s\/hz5q447a2sssz9x\/Capture%20d%27%C3%A9cran%202017-08-25%2012.49.30.png?dl=0>",
        "thread_ts": "1503655913.000224",
        "parent_user_id": "U57HABR37",
        "ts": "1503658180.000134",
        "reactions": [
            {
                "name": "ok_hand",
                "users": [
                    "U546L44SJ",
                    "U5479AJQH"
                ],
                "count": 2
            }
        ]
    },
    {
        "type": "message",
        "user": "U54NAL317",
        "text": "dans le rapport backlinks tu peux filtrer pour ton sous-domaine",
        "thread_ts": "1503655913.000224",
        "parent_user_id": "U57HABR37",
        "ts": "1503665993.000427"
    }
]