[
    {
        "type": "message",
        "user": "U57DAHPE1",
        "text": "<@U54NAL317> Oui, après on fais un test. T’auras la plupart de ses vidéos pour 10 balles, tu vois si tu apprends beaucoup de choses et on continue ; )",
        "thread_ts": "1504007916.000310",
        "parent_user_id": "U5C86111D",
        "ts": "1504600096.000432"
    },
    {
        "type": "message",
        "user": "U54NAL317",
        "text": "Woké ! Deal",
        "thread_ts": "1504007916.000310",
        "parent_user_id": "U5C86111D",
        "ts": "1504600160.000029"
    },
    {
        "type": "message",
        "user": "U54PQ74HF",
        "text": "moi je reste partant si on m’explique la procédure :slightly_smiling_face:",
        "edited": {
            "user": "U54PQ74HF",
            "ts": "1504600400.000000"
        },
        "thread_ts": "1504007916.000310",
        "parent_user_id": "U5C86111D",
        "ts": "1504600226.000311"
    },
    {
        "type": "message",
        "user": "U5C86111D",
        "text": "ça fait 6 mois que je paye, j'aurais déjà arrêté depuis",
        "thread_ts": "1504007916.000310",
        "parent_user_id": "U5C86111D",
        "ts": "1504600239.000453",
        "reactions": [
            {
                "name": "+1",
                "users": [
                    "U54NAL317"
                ],
                "count": 1
            }
        ]
    },
    {
        "type": "message",
        "user": "U57DAHPE1",
        "text": "<@U54PQ74HF> Simple, chaque mois je viendrai te voir avec un lien sur Leetchi pour que tu payes le truc (8 à 10 balles en principe). T’auras juste à faire un virement rapido et basta, je t’envois les vidéos",
        "edited": {
            "user": "U57DAHPE1",
            "ts": "1504600476.000000"
        },
        "thread_ts": "1504007916.000310",
        "parent_user_id": "U5C86111D",
        "ts": "1504600448.000333",
        "reactions": [
            {
                "name": "+1",
                "users": [
                    "U54PQ74HF"
                ],
                "count": 1
            },
            {
                "name": "100",
                "users": [
                    "U54PQ74HF"
                ],
                "count": 1
            }
        ]
    },
    {
        "type": "message",
        "user": "U54NAL317",
        "text": "Un vrai dealer du SEO :joy:",
        "thread_ts": "1504007916.000310",
        "parent_user_id": "U5C86111D",
        "ts": "1504600568.000050"
    },
    {
        "type": "message",
        "user": "U5AV671TK",
        "text": "chuitoujourscho",
        "thread_ts": "1504007916.000310",
        "parent_user_id": "U5C86111D",
        "ts": "1504600919.000135"
    },
    {
        "type": "message",
        "user": "U5852MULX",
        "text": "<@U57DAHPE1> avertis nous, je suis tjrs opé aussi ! :slightly_smiling_face:",
        "thread_ts": "1504007916.000310",
        "parent_user_id": "U5C86111D",
        "ts": "1504601271.000028"
    },
    {
        "type": "message",
        "user": "U57DAHPE1",
        "text": "Oui oui oui !",
        "thread_ts": "1504007916.000310",
        "parent_user_id": "U5C86111D",
        "ts": "1504601283.000056"
    },
    {
        "type": "message",
        "user": "U5635E9JN",
        "text": "Hello, sur vos meta title, mettez vous des majuscules au mots?",
        "ts": "1504604388.000048"
    },
    {
        "type": "message",
        "user": "U5635E9JN",
        "text": "(a la premiere lettre j'entends )",
        "ts": "1504604411.000121"
    },
    {
        "type": "message",
        "user": "U54NAL317",
        "text": "Merci !!\n<@U61LBKVEF> : c'est lequel d'Andrieu ? car ceux que j'ai vu visaient les débutants. Je cherche un bouquin pour niveau Intermédiaire qui veut passer expert.",
        "edited": {
            "user": "U54NAL317",
            "ts": "1504605003.000000"
        },
        "thread_ts": "1504446771.000002",
        "parent_user_id": "U54NAL317",
        "ts": "1504604535.000578"
    },
    {
        "type": "message",
        "user": "U61LBKVEF",
        "text": "<https:\/\/www.amazon.fr\/R%C3%A9ussir-son-r%C3%A9f%C3%A9rencement-web-2016-2017\/dp\/2212143613\/ref=dp_ob_image_bk>. Il est assez complet donc pour moi bien autant pour intermédiaire qu'expet",
        "thread_ts": "1504446771.000002",
        "parent_user_id": "U54NAL317",
        "ts": "1504604643.000091"
    },
    {
        "type": "message",
        "user": "U54NAL317",
        "text": "ok merci :slightly_smiling_face:",
        "thread_ts": "1504446771.000002",
        "parent_user_id": "U54NAL317",
        "ts": "1504604706.000293"
    },
    {
        "type": "message",
        "user": "U57DAHPE1",
        "text": "Il me semble que les majuscules sont comptées pareilles que les minuscules. Donc peu importe",
        "ts": "1504605133.000139"
    },
    {
        "type": "message",
        "user": "U54NAL317",
        "text": "Je met des majuscules.\nIl peut avoir une légère différence d'affichage si une majuscule est plus large mais c'est insignifiant au final. <https:\/\/moz.com\/learn\/seo\/title-tag>",
        "attachments": [
            {
                "service_name": "Moz",
                "title": "Title Tag",
                "title_link": "https:\/\/moz.com\/learn\/seo\/title-tag",
                "text": "A title tag is an HTML element that specifies the title of a web page. Title tags are displayed on search engine results pages (SERPs) as the clickable headline for a given result.",
                "fallback": "Moz: Title Tag",
                "from_url": "https:\/\/moz.com\/learn\/seo\/title-tag",
                "service_icon": "http:\/\/dc8hdnsmzapvm.cloudfront.net\/assets\/images\/favicon\/moz-favicon-57.png?7345a55",
                "id": 1
            }
        ],
        "edited": {
            "user": "U54NAL317",
            "ts": "1504605239.000000"
        },
        "ts": "1504605220.000046"
    },
    {
        "type": "message",
        "user": "U5635E9JN",
        "text": "Ca marche, merci :slightly_smiling_face:",
        "ts": "1504605750.000053"
    }
]