[
    {
        "type": "message",
        "user": "U5V7ATHF1",
        "text": "Bonjour à tous ! Je m'intéresse en ce moment au maillage interne de mon site, comment l'optimiser, et après une longue période de test je me demande si je prends le bon chemin. Je pense que c'est un cas d'étude intéressant :\nPour contextualiser nous vendons un service unique \"X\" pour des clients de longue durée dans plusieurs villes.\nVoici plus bas en image la structure de mon site. Le sous-domaine intéressant est \/villes avec le même service vendu dans chaque ville, et que je cherche à référencer pour les requêtes spécifiques \"X villes\"\nAvec les articles blog, je crée des liens vers une page \/{ville} en écrivant un article sur une thématique spécifique liée à la ville\n\nPROBLEME : J'arrive à me référencer plutôt sur les requêtes \"X villes\" (long tail), mais beaucoup moins sur \"X\" où souvent les pages villes sont référencés avant la homepage. je n'ai pas de lien interne direct de la homepage vers la page ville (balise &lt;a&gt; présente mais qui target une modale au clique)\n\nQUESTIONS\/PROBLEMATIQUE : \n- Faut-il supprimer le biais url de la page \/villes et faire des liens directs domain\/{ville} au lieu de domain\/villes\/{villes}\n- Faut-il créer des liens depuis la homepage vers les pages \/villes\n- Avez-vous déjà connu une problematique de maillage similaire d'un produit unique, et quelles solutions avez-vous adoptées ?",
        "ts": "1504697464.000125"
    },
    {
        "type": "message",
        "subtype": "file_share",
        "text": "<@U5V7ATHF1> uploaded a file: <https:\/\/growthhackingfrance.slack.com\/files\/U5V7ATHF1\/F6ZVCE9GX\/structure_site.png|Structure_site.png>",
        "file": {
            "id": "F6ZVCE9GX",
            "created": 1504697489,
            "timestamp": 1504697489,
            "name": "Structure_site.png",
            "title": "Structure_site.png",
            "mimetype": "image\/png",
            "filetype": "png",
            "pretty_type": "PNG",
            "user": "U5V7ATHF1",
            "editable": false,
            "size": 16115,
            "mode": "hosted",
            "is_external": false,
            "external_type": "",
            "is_public": true,
            "public_url_shared": false,
            "display_as_bot": false,
            "username": "",
            "url_private": "https:\/\/files.slack.com\/files-pri\/T53A65FDZ-F6ZVCE9GX\/structure_site.png?t=xoxe-173346185475-301971345667-302189523445-be5392310f98480a534c383e5d92ddc3",
            "url_private_download": "https:\/\/files.slack.com\/files-pri\/T53A65FDZ-F6ZVCE9GX\/download\/structure_site.png?t=xoxe-173346185475-301971345667-302189523445-be5392310f98480a534c383e5d92ddc3",
            "thumb_64": "https:\/\/files.slack.com\/files-tmb\/T53A65FDZ-F6ZVCE9GX-68a1101cd6\/structure_site_64.png?t=xoxe-173346185475-301971345667-302189523445-be5392310f98480a534c383e5d92ddc3",
            "thumb_80": "https:\/\/files.slack.com\/files-tmb\/T53A65FDZ-F6ZVCE9GX-68a1101cd6\/structure_site_80.png?t=xoxe-173346185475-301971345667-302189523445-be5392310f98480a534c383e5d92ddc3",
            "thumb_360": "https:\/\/files.slack.com\/files-tmb\/T53A65FDZ-F6ZVCE9GX-68a1101cd6\/structure_site_360.png?t=xoxe-173346185475-301971345667-302189523445-be5392310f98480a534c383e5d92ddc3",
            "thumb_360_w": 360,
            "thumb_360_h": 158,
            "thumb_480": "https:\/\/files.slack.com\/files-tmb\/T53A65FDZ-F6ZVCE9GX-68a1101cd6\/structure_site_480.png?t=xoxe-173346185475-301971345667-302189523445-be5392310f98480a534c383e5d92ddc3",
            "thumb_480_w": 480,
            "thumb_480_h": 210,
            "thumb_160": "https:\/\/files.slack.com\/files-tmb\/T53A65FDZ-F6ZVCE9GX-68a1101cd6\/structure_site_160.png?t=xoxe-173346185475-301971345667-302189523445-be5392310f98480a534c383e5d92ddc3",
            "thumb_720": "https:\/\/files.slack.com\/files-tmb\/T53A65FDZ-F6ZVCE9GX-68a1101cd6\/structure_site_720.png?t=xoxe-173346185475-301971345667-302189523445-be5392310f98480a534c383e5d92ddc3",
            "thumb_720_w": 720,
            "thumb_720_h": 316,
            "thumb_800": "https:\/\/files.slack.com\/files-tmb\/T53A65FDZ-F6ZVCE9GX-68a1101cd6\/structure_site_800.png?t=xoxe-173346185475-301971345667-302189523445-be5392310f98480a534c383e5d92ddc3",
            "thumb_800_w": 800,
            "thumb_800_h": 351,
            "image_exif_rotation": 1,
            "original_w": 837,
            "original_h": 367,
            "permalink": "https:\/\/growthhackingfrance.slack.com\/files\/U5V7ATHF1\/F6ZVCE9GX\/structure_site.png",
            "permalink_public": "https:\/\/slack-files.com\/T53A65FDZ-F6ZVCE9GX-3db005ee6b",
            "channels": [],
            "groups": [],
            "ims": [],
            "comments_count": 2
        },
        "user": "U5V7ATHF1",
        "upload": true,
        "display_as_bot": false,
        "username": "soch",
        "bot_id": null,
        "ts": "1504697491.000139"
    },
    {
        "user": "U5JFYCYMT",
        "text": "<@U5JFYCYMT> has joined the channel",
        "type": "message",
        "subtype": "channel_join",
        "ts": "1504699958.000333"
    },
    {
        "type": "message",
        "user": "U5479AJQH",
        "text": "SEMrush sont top, tu peut les appeller assez souvent tu as toujours une hotline de co’ et il propose souvent des webinars",
        "thread_ts": "1503570529.000199",
        "parent_user_id": "U57HABR37",
        "ts": "1504741733.000186",
        "reactions": [
            {
                "name": "top",
                "users": [
                    "U57HABR37"
                ],
                "count": 1
            }
        ]
    }
]