[
    {
        "type": "message",
        "subtype": "file_share",
        "text": "<@U54C5S7V2> uploaded a file: <https:\/\/growthhackingfrance.slack.com\/files\/U54C5S7V2\/F6XBHKR3R\/screen_shot_2017-08-31_at_9.12.06_am.png|Screen Shot 2017-08-31 at 9.12.06 AM.png> and commented: Petit partage de résultats depuis 45\/50jours que j'ai lancé le site (nom de domaine tout neuf)\n\nJ'ai une vingtaine de pages, le pb c'est qu'elles sont toutes dans le top20 (j'en ai une classée 4eme qui me génère 80% de ce traffic).\n\nLe jour où ces pages passent top10 puis top3, ca devrait bien aller :slightly_smiling_face: C'est bien parti pour, faut juste donner le temps à Google pour qu'il accorde de la confiance au site.   \n\nTemps moyen passé: 2min30\nPar contre j'ai un sale taux de rebond avec 67% :disappointed: Les gens lisent la page et s'en vont. À quel point c'est pénalisant vs le temps moyen passé?",
        "file": {
            "id": "F6XBHKR3R",
            "created": 1504163575,
            "timestamp": 1504163575,
            "name": "Screen Shot 2017-08-31 at 9.12.06 AM.png",
            "title": "Screen Shot 2017-08-31 at 9.12.06 AM.png",
            "mimetype": "image\/png",
            "filetype": "png",
            "pretty_type": "PNG",
            "user": "U54C5S7V2",
            "editable": false,
            "size": 114726,
            "mode": "hosted",
            "is_external": false,
            "external_type": "",
            "is_public": true,
            "public_url_shared": false,
            "display_as_bot": false,
            "username": "",
            "url_private": "https:\/\/files.slack.com\/files-pri\/T53A65FDZ-F6XBHKR3R\/screen_shot_2017-08-31_at_9.12.06_am.png?t=xoxe-173346185475-301971345667-302189523445-be5392310f98480a534c383e5d92ddc3",
            "url_private_download": "https:\/\/files.slack.com\/files-pri\/T53A65FDZ-F6XBHKR3R\/download\/screen_shot_2017-08-31_at_9.12.06_am.png?t=xoxe-173346185475-301971345667-302189523445-be5392310f98480a534c383e5d92ddc3",
            "thumb_64": "https:\/\/files.slack.com\/files-tmb\/T53A65FDZ-F6XBHKR3R-1ee0db3b32\/screen_shot_2017-08-31_at_9.12.06_am_64.png?t=xoxe-173346185475-301971345667-302189523445-be5392310f98480a534c383e5d92ddc3",
            "thumb_80": "https:\/\/files.slack.com\/files-tmb\/T53A65FDZ-F6XBHKR3R-1ee0db3b32\/screen_shot_2017-08-31_at_9.12.06_am_80.png?t=xoxe-173346185475-301971345667-302189523445-be5392310f98480a534c383e5d92ddc3",
            "thumb_360": "https:\/\/files.slack.com\/files-tmb\/T53A65FDZ-F6XBHKR3R-1ee0db3b32\/screen_shot_2017-08-31_at_9.12.06_am_360.png?t=xoxe-173346185475-301971345667-302189523445-be5392310f98480a534c383e5d92ddc3",
            "thumb_360_w": 360,
            "thumb_360_h": 104,
            "thumb_480": "https:\/\/files.slack.com\/files-tmb\/T53A65FDZ-F6XBHKR3R-1ee0db3b32\/screen_shot_2017-08-31_at_9.12.06_am_480.png?t=xoxe-173346185475-301971345667-302189523445-be5392310f98480a534c383e5d92ddc3",
            "thumb_480_w": 480,
            "thumb_480_h": 138,
            "thumb_160": "https:\/\/files.slack.com\/files-tmb\/T53A65FDZ-F6XBHKR3R-1ee0db3b32\/screen_shot_2017-08-31_at_9.12.06_am_160.png?t=xoxe-173346185475-301971345667-302189523445-be5392310f98480a534c383e5d92ddc3",
            "thumb_720": "https:\/\/files.slack.com\/files-tmb\/T53A65FDZ-F6XBHKR3R-1ee0db3b32\/screen_shot_2017-08-31_at_9.12.06_am_720.png?t=xoxe-173346185475-301971345667-302189523445-be5392310f98480a534c383e5d92ddc3",
            "thumb_720_w": 720,
            "thumb_720_h": 207,
            "thumb_800": "https:\/\/files.slack.com\/files-tmb\/T53A65FDZ-F6XBHKR3R-1ee0db3b32\/screen_shot_2017-08-31_at_9.12.06_am_800.png?t=xoxe-173346185475-301971345667-302189523445-be5392310f98480a534c383e5d92ddc3",
            "thumb_800_w": 800,
            "thumb_800_h": 230,
            "thumb_960": "https:\/\/files.slack.com\/files-tmb\/T53A65FDZ-F6XBHKR3R-1ee0db3b32\/screen_shot_2017-08-31_at_9.12.06_am_960.png?t=xoxe-173346185475-301971345667-302189523445-be5392310f98480a534c383e5d92ddc3",
            "thumb_960_w": 960,
            "thumb_960_h": 276,
            "thumb_1024": "https:\/\/files.slack.com\/files-tmb\/T53A65FDZ-F6XBHKR3R-1ee0db3b32\/screen_shot_2017-08-31_at_9.12.06_am_1024.png?t=xoxe-173346185475-301971345667-302189523445-be5392310f98480a534c383e5d92ddc3",
            "thumb_1024_w": 1024,
            "thumb_1024_h": 294,
            "image_exif_rotation": 1,
            "original_w": 1996,
            "original_h": 574,
            "permalink": "https:\/\/growthhackingfrance.slack.com\/files\/U54C5S7V2\/F6XBHKR3R\/screen_shot_2017-08-31_at_9.12.06_am.png",
            "permalink_public": "https:\/\/slack-files.com\/T53A65FDZ-F6XBHKR3R-07c42741e7",
            "channels": [],
            "groups": [],
            "ims": [],
            "comments_count": 4,
            "initial_comment": {
                "id": "Fc6WAK8L3W",
                "created": 1504163575,
                "timestamp": 1504163575,
                "user": "U54C5S7V2",
                "is_intro": true,
                "comment": "Petit partage de résultats depuis 45\/50jours que j'ai lancé le site (nom de domaine tout neuf)\n\nJ'ai une vingtaine de pages, le pb c'est qu'elles sont toutes dans le top20 (j'en ai une classée 4eme qui me génère 80% de ce traffic).\n\nLe jour où ces pages passent top10 puis top3, ca devrait bien aller :slightly_smiling_face: C'est bien parti pour, faut juste donner le temps à Google pour qu'il accorde de la confiance au site.   \n\nTemps moyen passé: 2min30\nPar contre j'ai un sale taux de rebond avec 67% :disappointed: Les gens lisent la page et s'en vont. À quel point c'est pénalisant vs le temps moyen passé?"
            },
            "reactions": [
                {
                    "name": "clap",
                    "users": [
                        "U546L44SJ",
                        "U54NAL317"
                    ],
                    "count": 2
                }
            ]
        },
        "user": "U54C5S7V2",
        "upload": true,
        "display_as_bot": false,
        "username": "julian",
        "bot_id": null,
        "ts": "1504163579.000058"
    },
    {
        "type": "message",
        "subtype": "file_comment",
        "text": "<@U543MU39P> commented on <@U54C5S7V2>’s file <https:\/\/growthhackingfrance.slack.com\/files\/U54C5S7V2\/F6XBHKR3R\/screen_shot_2017-08-31_at_9.12.06_am.png|Screen Shot 2017-08-31 at 9.12.06 AM.png>: Très belle progression en 45 jours... ton site est sur quelle thématique ?",
        "file": {
            "id": "F6XBHKR3R",
            "created": 1504163575,
            "timestamp": 1504163575,
            "name": "Screen Shot 2017-08-31 at 9.12.06 AM.png",
            "title": "Screen Shot 2017-08-31 at 9.12.06 AM.png",
            "mimetype": "image\/png",
            "filetype": "png",
            "pretty_type": "PNG",
            "user": "U54C5S7V2",
            "editable": false,
            "size": 114726,
            "mode": "hosted",
            "is_external": false,
            "external_type": "",
            "is_public": true,
            "public_url_shared": false,
            "display_as_bot": false,
            "username": "",
            "url_private": "https:\/\/files.slack.com\/files-pri\/T53A65FDZ-F6XBHKR3R\/screen_shot_2017-08-31_at_9.12.06_am.png?t=xoxe-173346185475-301971345667-302189523445-be5392310f98480a534c383e5d92ddc3",
            "url_private_download": "https:\/\/files.slack.com\/files-pri\/T53A65FDZ-F6XBHKR3R\/download\/screen_shot_2017-08-31_at_9.12.06_am.png?t=xoxe-173346185475-301971345667-302189523445-be5392310f98480a534c383e5d92ddc3",
            "thumb_64": "https:\/\/files.slack.com\/files-tmb\/T53A65FDZ-F6XBHKR3R-1ee0db3b32\/screen_shot_2017-08-31_at_9.12.06_am_64.png?t=xoxe-173346185475-301971345667-302189523445-be5392310f98480a534c383e5d92ddc3",
            "thumb_80": "https:\/\/files.slack.com\/files-tmb\/T53A65FDZ-F6XBHKR3R-1ee0db3b32\/screen_shot_2017-08-31_at_9.12.06_am_80.png?t=xoxe-173346185475-301971345667-302189523445-be5392310f98480a534c383e5d92ddc3",
            "thumb_360": "https:\/\/files.slack.com\/files-tmb\/T53A65FDZ-F6XBHKR3R-1ee0db3b32\/screen_shot_2017-08-31_at_9.12.06_am_360.png?t=xoxe-173346185475-301971345667-302189523445-be5392310f98480a534c383e5d92ddc3",
            "thumb_360_w": 360,
            "thumb_360_h": 104,
            "thumb_480": "https:\/\/files.slack.com\/files-tmb\/T53A65FDZ-F6XBHKR3R-1ee0db3b32\/screen_shot_2017-08-31_at_9.12.06_am_480.png?t=xoxe-173346185475-301971345667-302189523445-be5392310f98480a534c383e5d92ddc3",
            "thumb_480_w": 480,
            "thumb_480_h": 138,
            "thumb_160": "https:\/\/files.slack.com\/files-tmb\/T53A65FDZ-F6XBHKR3R-1ee0db3b32\/screen_shot_2017-08-31_at_9.12.06_am_160.png?t=xoxe-173346185475-301971345667-302189523445-be5392310f98480a534c383e5d92ddc3",
            "thumb_720": "https:\/\/files.slack.com\/files-tmb\/T53A65FDZ-F6XBHKR3R-1ee0db3b32\/screen_shot_2017-08-31_at_9.12.06_am_720.png?t=xoxe-173346185475-301971345667-302189523445-be5392310f98480a534c383e5d92ddc3",
            "thumb_720_w": 720,
            "thumb_720_h": 207,
            "thumb_800": "https:\/\/files.slack.com\/files-tmb\/T53A65FDZ-F6XBHKR3R-1ee0db3b32\/screen_shot_2017-08-31_at_9.12.06_am_800.png?t=xoxe-173346185475-301971345667-302189523445-be5392310f98480a534c383e5d92ddc3",
            "thumb_800_w": 800,
            "thumb_800_h": 230,
            "thumb_960": "https:\/\/files.slack.com\/files-tmb\/T53A65FDZ-F6XBHKR3R-1ee0db3b32\/screen_shot_2017-08-31_at_9.12.06_am_960.png?t=xoxe-173346185475-301971345667-302189523445-be5392310f98480a534c383e5d92ddc3",
            "thumb_960_w": 960,
            "thumb_960_h": 276,
            "thumb_1024": "https:\/\/files.slack.com\/files-tmb\/T53A65FDZ-F6XBHKR3R-1ee0db3b32\/screen_shot_2017-08-31_at_9.12.06_am_1024.png?t=xoxe-173346185475-301971345667-302189523445-be5392310f98480a534c383e5d92ddc3",
            "thumb_1024_w": 1024,
            "thumb_1024_h": 294,
            "image_exif_rotation": 1,
            "original_w": 1996,
            "original_h": 574,
            "permalink": "https:\/\/growthhackingfrance.slack.com\/files\/U54C5S7V2\/F6XBHKR3R\/screen_shot_2017-08-31_at_9.12.06_am.png",
            "permalink_public": "https:\/\/slack-files.com\/T53A65FDZ-F6XBHKR3R-07c42741e7",
            "channels": [],
            "groups": [],
            "ims": [],
            "comments_count": 4,
            "initial_comment": {
                "id": "Fc6WAK8L3W",
                "created": 1504163575,
                "timestamp": 1504163575,
                "user": "U54C5S7V2",
                "is_intro": true,
                "comment": "Petit partage de résultats depuis 45\/50jours que j'ai lancé le site (nom de domaine tout neuf)\n\nJ'ai une vingtaine de pages, le pb c'est qu'elles sont toutes dans le top20 (j'en ai une classée 4eme qui me génère 80% de ce traffic).\n\nLe jour où ces pages passent top10 puis top3, ca devrait bien aller :slightly_smiling_face: C'est bien parti pour, faut juste donner le temps à Google pour qu'il accorde de la confiance au site.   \n\nTemps moyen passé: 2min30\nPar contre j'ai un sale taux de rebond avec 67% :disappointed: Les gens lisent la page et s'en vont. À quel point c'est pénalisant vs le temps moyen passé?"
            },
            "reactions": [
                {
                    "name": "clap",
                    "users": [
                        "U546L44SJ",
                        "U54NAL317"
                    ],
                    "count": 2
                }
            ]
        },
        "comment": {
            "id": "Fc6WCUC4UD",
            "created": 1504163726,
            "timestamp": 1504163726,
            "user": "U543MU39P",
            "is_intro": false,
            "comment": "Très belle progression en 45 jours... ton site est sur quelle thématique ?"
        },
        "is_intro": false,
        "ts": "1504163726.000190"
    },
    {
        "type": "message",
        "user": "U54C5S7V2",
        "text": "Je partagerai ça dès que le site est un peu plus \"ancré\" (comme pour tout site de niche, pour éviter de me prendre du Negative SEO :face_with_rolling_eyes:).",
        "ts": "1504163941.000011"
    },
    {
        "type": "message",
        "user": "U541S59L4",
        "text": "<@U5C86111D> On pt payer en baclink ? :wink:",
        "thread_ts": "1504007916.000310",
        "parent_user_id": "U5C86111D",
        "ts": "1504165792.000058"
    },
    {
        "type": "message",
        "user": "U5C86111D",
        "text": "je prends du 60\/60 DF TF :smile:",
        "thread_ts": "1504007916.000310",
        "parent_user_id": "U5C86111D",
        "ts": "1504165808.000219"
    },
    {
        "type": "message",
        "user": "U5C86111D",
        "text": "thématique maison",
        "thread_ts": "1504007916.000310",
        "parent_user_id": "U5C86111D",
        "ts": "1504165813.000043"
    },
    {
        "type": "message",
        "user": "U541S59L4",
        "text": "lol, ça m'étonne pas de toi, malheureusement, j'ai pas ça sous la main :grimacing:",
        "thread_ts": "1504007916.000310",
        "parent_user_id": "U5C86111D",
        "ts": "1504165968.000279"
    },
    {
        "type": "message",
        "user": "U57DAHPE1",
        "text": "Je me suis d’ailleurs toujours demandé si ça n’existait pas déjà : un outil qui te fournis une armée de bots avec des ips \/ Browser \/ comptes différents qui font une recherche dans Google, clickent sur ton site (ça le fait remonter dans les résultats, meilleur CTR) puis le visitent selon 3 ou 4 scénarios différents de recherche pour faire baisser tes bounce rate et ton pogosticking. Ca n’améliore pas la qualité du site bien évidemment mais ça me semble être une manière efficace de tricher sans se faire pécho. Google va de plus en plus baser son modèle sur la qualité de l’expérience client, donc des tonnes de nouvelles métriques connexes au Bounce Rate sont sans aucun doute déjà en place.",
        "thread_ts": "1504169973.000373",
        "reply_count": 4,
        "replies": [
            {
                "user": "U5C86111D",
                "ts": "1504172093.000139"
            },
            {
                "user": "U57DAHPE1",
                "ts": "1504173831.000186"
            },
            {
                "user": "U54C5S7V2",
                "ts": "1504174290.000224"
            },
            {
                "user": "U54C5S7V2",
                "ts": "1504174323.000076"
            }
        ],
        "unread_count": 4,
        "ts": "1504169973.000373",
        "reactions": [
            {
                "name": "raised_hands",
                "users": [
                    "U55FFTX6J"
                ],
                "count": 1
            }
        ]
    },
    {
        "type": "message",
        "subtype": "file_comment",
        "text": "<@U54NAL317> commented on <@U54C5S7V2>’s file <https:\/\/growthhackingfrance.slack.com\/files\/U54C5S7V2\/F6XBHKR3R\/screen_shot_2017-08-31_at_9.12.06_am.png|Screen Shot 2017-08-31 at 9.12.06 AM.png>: je serai intéressée de lire ton étude de cas lorsque tu auras terminé :slightly_smiling_face:",
        "file": {
            "id": "F6XBHKR3R",
            "created": 1504163575,
            "timestamp": 1504163575,
            "name": "Screen Shot 2017-08-31 at 9.12.06 AM.png",
            "title": "Screen Shot 2017-08-31 at 9.12.06 AM.png",
            "mimetype": "image\/png",
            "filetype": "png",
            "pretty_type": "PNG",
            "user": "U54C5S7V2",
            "editable": false,
            "size": 114726,
            "mode": "hosted",
            "is_external": false,
            "external_type": "",
            "is_public": true,
            "public_url_shared": false,
            "display_as_bot": false,
            "username": "",
            "url_private": "https:\/\/files.slack.com\/files-pri\/T53A65FDZ-F6XBHKR3R\/screen_shot_2017-08-31_at_9.12.06_am.png?t=xoxe-173346185475-301971345667-302189523445-be5392310f98480a534c383e5d92ddc3",
            "url_private_download": "https:\/\/files.slack.com\/files-pri\/T53A65FDZ-F6XBHKR3R\/download\/screen_shot_2017-08-31_at_9.12.06_am.png?t=xoxe-173346185475-301971345667-302189523445-be5392310f98480a534c383e5d92ddc3",
            "thumb_64": "https:\/\/files.slack.com\/files-tmb\/T53A65FDZ-F6XBHKR3R-1ee0db3b32\/screen_shot_2017-08-31_at_9.12.06_am_64.png?t=xoxe-173346185475-301971345667-302189523445-be5392310f98480a534c383e5d92ddc3",
            "thumb_80": "https:\/\/files.slack.com\/files-tmb\/T53A65FDZ-F6XBHKR3R-1ee0db3b32\/screen_shot_2017-08-31_at_9.12.06_am_80.png?t=xoxe-173346185475-301971345667-302189523445-be5392310f98480a534c383e5d92ddc3",
            "thumb_360": "https:\/\/files.slack.com\/files-tmb\/T53A65FDZ-F6XBHKR3R-1ee0db3b32\/screen_shot_2017-08-31_at_9.12.06_am_360.png?t=xoxe-173346185475-301971345667-302189523445-be5392310f98480a534c383e5d92ddc3",
            "thumb_360_w": 360,
            "thumb_360_h": 104,
            "thumb_480": "https:\/\/files.slack.com\/files-tmb\/T53A65FDZ-F6XBHKR3R-1ee0db3b32\/screen_shot_2017-08-31_at_9.12.06_am_480.png?t=xoxe-173346185475-301971345667-302189523445-be5392310f98480a534c383e5d92ddc3",
            "thumb_480_w": 480,
            "thumb_480_h": 138,
            "thumb_160": "https:\/\/files.slack.com\/files-tmb\/T53A65FDZ-F6XBHKR3R-1ee0db3b32\/screen_shot_2017-08-31_at_9.12.06_am_160.png?t=xoxe-173346185475-301971345667-302189523445-be5392310f98480a534c383e5d92ddc3",
            "thumb_720": "https:\/\/files.slack.com\/files-tmb\/T53A65FDZ-F6XBHKR3R-1ee0db3b32\/screen_shot_2017-08-31_at_9.12.06_am_720.png?t=xoxe-173346185475-301971345667-302189523445-be5392310f98480a534c383e5d92ddc3",
            "thumb_720_w": 720,
            "thumb_720_h": 207,
            "thumb_800": "https:\/\/files.slack.com\/files-tmb\/T53A65FDZ-F6XBHKR3R-1ee0db3b32\/screen_shot_2017-08-31_at_9.12.06_am_800.png?t=xoxe-173346185475-301971345667-302189523445-be5392310f98480a534c383e5d92ddc3",
            "thumb_800_w": 800,
            "thumb_800_h": 230,
            "thumb_960": "https:\/\/files.slack.com\/files-tmb\/T53A65FDZ-F6XBHKR3R-1ee0db3b32\/screen_shot_2017-08-31_at_9.12.06_am_960.png?t=xoxe-173346185475-301971345667-302189523445-be5392310f98480a534c383e5d92ddc3",
            "thumb_960_w": 960,
            "thumb_960_h": 276,
            "thumb_1024": "https:\/\/files.slack.com\/files-tmb\/T53A65FDZ-F6XBHKR3R-1ee0db3b32\/screen_shot_2017-08-31_at_9.12.06_am_1024.png?t=xoxe-173346185475-301971345667-302189523445-be5392310f98480a534c383e5d92ddc3",
            "thumb_1024_w": 1024,
            "thumb_1024_h": 294,
            "image_exif_rotation": 1,
            "original_w": 1996,
            "original_h": 574,
            "permalink": "https:\/\/growthhackingfrance.slack.com\/files\/U54C5S7V2\/F6XBHKR3R\/screen_shot_2017-08-31_at_9.12.06_am.png",
            "permalink_public": "https:\/\/slack-files.com\/T53A65FDZ-F6XBHKR3R-07c42741e7",
            "channels": [],
            "groups": [],
            "ims": [],
            "comments_count": 4,
            "initial_comment": {
                "id": "Fc6WAK8L3W",
                "created": 1504163575,
                "timestamp": 1504163575,
                "user": "U54C5S7V2",
                "is_intro": true,
                "comment": "Petit partage de résultats depuis 45\/50jours que j'ai lancé le site (nom de domaine tout neuf)\n\nJ'ai une vingtaine de pages, le pb c'est qu'elles sont toutes dans le top20 (j'en ai une classée 4eme qui me génère 80% de ce traffic).\n\nLe jour où ces pages passent top10 puis top3, ca devrait bien aller :slightly_smiling_face: C'est bien parti pour, faut juste donner le temps à Google pour qu'il accorde de la confiance au site.   \n\nTemps moyen passé: 2min30\nPar contre j'ai un sale taux de rebond avec 67% :disappointed: Les gens lisent la page et s'en vont. À quel point c'est pénalisant vs le temps moyen passé?"
            },
            "reactions": [
                {
                    "name": "clap",
                    "users": [
                        "U546L44SJ",
                        "U54NAL317"
                    ],
                    "count": 2
                }
            ]
        },
        "comment": {
            "id": "Fc6X6S06RL",
            "created": 1504170032,
            "timestamp": 1504170032,
            "user": "U54NAL317",
            "is_intro": false,
            "comment": "je serai intéressée de lire ton étude de cas lorsque tu auras terminé :slightly_smiling_face:",
            "reactions": [
                {
                    "name": "pray",
                    "users": [
                        "U543MU39P",
                        "U54C5S7V2",
                        "U57DKJR5F",
                        "U5AV671TK"
                    ],
                    "count": 4
                }
            ]
        },
        "is_intro": false,
        "ts": "1504170032.000195"
    },
    {
        "type": "message",
        "user": "U57DAHPE1",
        "text": "<@U5C86111D> Si je trouve encore 2 personnes supplémentaires on sera 8. Je pense que 7 - 8 euros par mois, c’est une somme acceptable pour chacun. Donc ça te ferais 56-64 euros pour juste Uploader des vidéos (on aura pas vraiment accès au reste de la communauté et des outils de Bourrely).",
        "edited": {
            "user": "U57DAHPE1",
            "ts": "1504170379.000000"
        },
        "thread_ts": "1504007916.000310",
        "parent_user_id": "U5C86111D",
        "ts": "1504170304.000284"
    },
    {
        "type": "message",
        "user": "U541S59L4",
        "text": "Je suis chaud aussi pour ce tarif",
        "thread_ts": "1504007916.000310",
        "parent_user_id": "U5C86111D",
        "ts": "1504170390.000340"
    },
    {
        "type": "message",
        "user": "U5C86111D",
        "text": "il l'avait fait Rand, ça avait marché mais pas longtemps",
        "thread_ts": "1504169973.000373",
        "parent_user_id": "U57DAHPE1",
        "ts": "1504172093.000139"
    },
    {
        "type": "message",
        "user": "U57DAHPE1",
        "text": "Sérieux ? Comment Google à réussi à savoir ? Cookies, ip pas assez diversifiés ?",
        "thread_ts": "1504169973.000373",
        "parent_user_id": "U57DAHPE1",
        "ts": "1504173831.000186"
    },
    {
        "type": "message",
        "user": "U54C5S7V2",
        "text": "j'avais vu un outil dans le genre passer ya 7 ou 15j. Totalement oublié car je crois moyen à ce genre de trucs",
        "thread_ts": "1504169973.000373",
        "parent_user_id": "U57DAHPE1",
        "ts": "1504174290.000224"
    },
    {
        "type": "message",
        "user": "U54C5S7V2",
        "text": "Pas dans le fait que google check pas l'expérience utilistaeur (ajdhui c'est essentiel pour ranker durablement) mais  dans ce genre d'outils",
        "thread_ts": "1504169973.000373",
        "parent_user_id": "U57DAHPE1",
        "ts": "1504174323.000076"
    },
    {
        "type": "message",
        "subtype": "file_comment",
        "text": "<@U5AV671TK> commented on <@U54C5S7V2>’s file <https:\/\/growthhackingfrance.slack.com\/files\/U54C5S7V2\/F6XBHKR3R\/screen_shot_2017-08-31_at_9.12.06_am.png|Screen Shot 2017-08-31 at 9.12.06 AM.png>: Same, très bon boulot !",
        "file": {
            "id": "F6XBHKR3R",
            "created": 1504163575,
            "timestamp": 1504163575,
            "name": "Screen Shot 2017-08-31 at 9.12.06 AM.png",
            "title": "Screen Shot 2017-08-31 at 9.12.06 AM.png",
            "mimetype": "image\/png",
            "filetype": "png",
            "pretty_type": "PNG",
            "user": "U54C5S7V2",
            "editable": false,
            "size": 114726,
            "mode": "hosted",
            "is_external": false,
            "external_type": "",
            "is_public": true,
            "public_url_shared": false,
            "display_as_bot": false,
            "username": "",
            "url_private": "https:\/\/files.slack.com\/files-pri\/T53A65FDZ-F6XBHKR3R\/screen_shot_2017-08-31_at_9.12.06_am.png?t=xoxe-173346185475-301971345667-302189523445-be5392310f98480a534c383e5d92ddc3",
            "url_private_download": "https:\/\/files.slack.com\/files-pri\/T53A65FDZ-F6XBHKR3R\/download\/screen_shot_2017-08-31_at_9.12.06_am.png?t=xoxe-173346185475-301971345667-302189523445-be5392310f98480a534c383e5d92ddc3",
            "thumb_64": "https:\/\/files.slack.com\/files-tmb\/T53A65FDZ-F6XBHKR3R-1ee0db3b32\/screen_shot_2017-08-31_at_9.12.06_am_64.png?t=xoxe-173346185475-301971345667-302189523445-be5392310f98480a534c383e5d92ddc3",
            "thumb_80": "https:\/\/files.slack.com\/files-tmb\/T53A65FDZ-F6XBHKR3R-1ee0db3b32\/screen_shot_2017-08-31_at_9.12.06_am_80.png?t=xoxe-173346185475-301971345667-302189523445-be5392310f98480a534c383e5d92ddc3",
            "thumb_360": "https:\/\/files.slack.com\/files-tmb\/T53A65FDZ-F6XBHKR3R-1ee0db3b32\/screen_shot_2017-08-31_at_9.12.06_am_360.png?t=xoxe-173346185475-301971345667-302189523445-be5392310f98480a534c383e5d92ddc3",
            "thumb_360_w": 360,
            "thumb_360_h": 104,
            "thumb_480": "https:\/\/files.slack.com\/files-tmb\/T53A65FDZ-F6XBHKR3R-1ee0db3b32\/screen_shot_2017-08-31_at_9.12.06_am_480.png?t=xoxe-173346185475-301971345667-302189523445-be5392310f98480a534c383e5d92ddc3",
            "thumb_480_w": 480,
            "thumb_480_h": 138,
            "thumb_160": "https:\/\/files.slack.com\/files-tmb\/T53A65FDZ-F6XBHKR3R-1ee0db3b32\/screen_shot_2017-08-31_at_9.12.06_am_160.png?t=xoxe-173346185475-301971345667-302189523445-be5392310f98480a534c383e5d92ddc3",
            "thumb_720": "https:\/\/files.slack.com\/files-tmb\/T53A65FDZ-F6XBHKR3R-1ee0db3b32\/screen_shot_2017-08-31_at_9.12.06_am_720.png?t=xoxe-173346185475-301971345667-302189523445-be5392310f98480a534c383e5d92ddc3",
            "thumb_720_w": 720,
            "thumb_720_h": 207,
            "thumb_800": "https:\/\/files.slack.com\/files-tmb\/T53A65FDZ-F6XBHKR3R-1ee0db3b32\/screen_shot_2017-08-31_at_9.12.06_am_800.png?t=xoxe-173346185475-301971345667-302189523445-be5392310f98480a534c383e5d92ddc3",
            "thumb_800_w": 800,
            "thumb_800_h": 230,
            "thumb_960": "https:\/\/files.slack.com\/files-tmb\/T53A65FDZ-F6XBHKR3R-1ee0db3b32\/screen_shot_2017-08-31_at_9.12.06_am_960.png?t=xoxe-173346185475-301971345667-302189523445-be5392310f98480a534c383e5d92ddc3",
            "thumb_960_w": 960,
            "thumb_960_h": 276,
            "thumb_1024": "https:\/\/files.slack.com\/files-tmb\/T53A65FDZ-F6XBHKR3R-1ee0db3b32\/screen_shot_2017-08-31_at_9.12.06_am_1024.png?t=xoxe-173346185475-301971345667-302189523445-be5392310f98480a534c383e5d92ddc3",
            "thumb_1024_w": 1024,
            "thumb_1024_h": 294,
            "image_exif_rotation": 1,
            "original_w": 1996,
            "original_h": 574,
            "permalink": "https:\/\/growthhackingfrance.slack.com\/files\/U54C5S7V2\/F6XBHKR3R\/screen_shot_2017-08-31_at_9.12.06_am.png",
            "permalink_public": "https:\/\/slack-files.com\/T53A65FDZ-F6XBHKR3R-07c42741e7",
            "channels": [],
            "groups": [],
            "ims": [],
            "comments_count": 4,
            "initial_comment": {
                "id": "Fc6WAK8L3W",
                "created": 1504163575,
                "timestamp": 1504163575,
                "user": "U54C5S7V2",
                "is_intro": true,
                "comment": "Petit partage de résultats depuis 45\/50jours que j'ai lancé le site (nom de domaine tout neuf)\n\nJ'ai une vingtaine de pages, le pb c'est qu'elles sont toutes dans le top20 (j'en ai une classée 4eme qui me génère 80% de ce traffic).\n\nLe jour où ces pages passent top10 puis top3, ca devrait bien aller :slightly_smiling_face: C'est bien parti pour, faut juste donner le temps à Google pour qu'il accorde de la confiance au site.   \n\nTemps moyen passé: 2min30\nPar contre j'ai un sale taux de rebond avec 67% :disappointed: Les gens lisent la page et s'en vont. À quel point c'est pénalisant vs le temps moyen passé?"
            },
            "reactions": [
                {
                    "name": "clap",
                    "users": [
                        "U546L44SJ",
                        "U54NAL317"
                    ],
                    "count": 2
                }
            ]
        },
        "comment": {
            "id": "Fc6WEMS2J0",
            "created": 1504183786,
            "timestamp": 1504183786,
            "user": "U5AV671TK",
            "is_intro": false,
            "comment": "Same, très bon boulot !"
        },
        "is_intro": false,
        "ts": "1504183786.000098"
    },
    {
        "type": "message",
        "user": "U5AV671TK",
        "text": "Allez on y est presque :the_horns:",
        "thread_ts": "1504007916.000310",
        "parent_user_id": "U5C86111D",
        "ts": "1504183987.000248"
    },
    {
        "type": "message",
        "user": "U57DAHPE1",
        "text": "<@U5SRSJC5B> <@U55FFTX6J> <@U54E8FNL9> <@U61LBKVEF> <@U5AGF8W3V> <@U546L44SJ>",
        "thread_ts": "1504007916.000310",
        "parent_user_id": "U5C86111D",
        "ts": "1504185426.000274"
    },
    {
        "type": "message",
        "user": "U546L44SJ",
        "text": "Bof BOf",
        "thread_ts": "1504007916.000310",
        "parent_user_id": "U5C86111D",
        "ts": "1504188267.000701",
        "reactions": [
            {
                "name": "+1",
                "users": [
                    "U54E8FNL9",
                    "U61LBKVEF"
                ],
                "count": 2
            }
        ]
    },
    {
        "type": "message",
        "user": "U55FFTX6J",
        "text": "c'est avec ou sans engagement^^. Chaud sinon, c'est comment pour le paiement? Paypal?",
        "thread_ts": "1504007916.000310",
        "parent_user_id": "U5C86111D",
        "ts": "1504233926.000070"
    },
    {
        "type": "message",
        "user": "U57DAHPE1",
        "text": "<@U55FFTX6J>, sans engagement. Si au bout d’un mois t’as envie de te barrer. T’y pars et pis c’est tout. Payment sur Leetchi et après je me démerde pour reverser à Robin",
        "thread_ts": "1504007916.000310",
        "parent_user_id": "U5C86111D",
        "ts": "1504245514.000050"
    },
    {
        "type": "message",
        "user": "U55FFTX6J",
        "text": "allez yalla j'en suis",
        "thread_ts": "1504007916.000310",
        "parent_user_id": "U5C86111D",
        "ts": "1504245910.000089"
    }
]