[
    {
        "type": "message",
        "user": "U5C86111D",
        "text": "Quelles stratégie préconisez-vous pour une bonne campagne de BL ? Combien de liens \/ mois, avec combien d’optimisations etc ?",
        "ts": "1513761035.000303"
    },
    {
        "type": "message",
        "user": "U62V7G8J1",
        "text": "• 20% d'hard anchor text\n• Acquisition de liens, bah évite d'en attraper 50 le jour 1 puis rien pendnat deux mois\n• Régulier quoi",
        "ts": "1513761344.000024"
    },
    {
        "type": "message",
        "user": "U62V7G8J1",
        "text": "Et varie tes ancres",
        "ts": "1513761365.000015"
    },
    {
        "type": "message",
        "user": "U704DHU58",
        "text": "Pour les ancres, peu d'exact match, du lien sur \"ici\", sur des chaines \"toute la section de %mots-cles%\", qq urls en dur pour ma part",
        "ts": "1513762820.000141"
    },
    {
        "type": "message",
        "user": "U54PABTGW",
        "text": "vous avez une astuce pour éviter le duplicate content avec les sidebars ?",
        "ts": "1513786254.000273"
    },
    {
        "type": "message",
        "user": "U704DHU58",
        "text": "les sidebars ?",
        "ts": "1513790920.000377"
    }
]