[
    {
        "type": "message",
        "user": "U54NAL317",
        "text": "Mettre plein de liens vers d'autres pages dans son footer \nImportant ou pas ?",
        "ts": "1512640567.000508"
    },
    {
        "type": "message",
        "subtype": "file_share",
        "text": "<@U54NAL317> uploaded a file: <https:\/\/growthhackingfrance.slack.com\/files\/U54NAL317\/F8ACFBX4G\/image.png|exemple du footer d'un concurrent>",
        "file": {
            "id": "F8ACFBX4G",
            "created": 1512640572,
            "timestamp": 1512640572,
            "name": "image.png",
            "title": "exemple du footer d'un concurrent",
            "mimetype": "image\/png",
            "filetype": "png",
            "pretty_type": "PNG",
            "user": "U54NAL317",
            "editable": false,
            "size": 42099,
            "mode": "hosted",
            "is_external": false,
            "external_type": "",
            "is_public": true,
            "public_url_shared": false,
            "display_as_bot": false,
            "username": "",
            "url_private": "https:\/\/files.slack.com\/files-pri\/T53A65FDZ-F8ACFBX4G\/image.png?t=xoxe-173346185475-301971345667-302189523445-be5392310f98480a534c383e5d92ddc3",
            "url_private_download": "https:\/\/files.slack.com\/files-pri\/T53A65FDZ-F8ACFBX4G\/download\/image.png?t=xoxe-173346185475-301971345667-302189523445-be5392310f98480a534c383e5d92ddc3",
            "thumb_64": "https:\/\/files.slack.com\/files-tmb\/T53A65FDZ-F8ACFBX4G-361bd76197\/image_64.png?t=xoxe-173346185475-301971345667-302189523445-be5392310f98480a534c383e5d92ddc3",
            "thumb_80": "https:\/\/files.slack.com\/files-tmb\/T53A65FDZ-F8ACFBX4G-361bd76197\/image_80.png?t=xoxe-173346185475-301971345667-302189523445-be5392310f98480a534c383e5d92ddc3",
            "thumb_360": "https:\/\/files.slack.com\/files-tmb\/T53A65FDZ-F8ACFBX4G-361bd76197\/image_360.png?t=xoxe-173346185475-301971345667-302189523445-be5392310f98480a534c383e5d92ddc3",
            "thumb_360_w": 360,
            "thumb_360_h": 84,
            "thumb_480": "https:\/\/files.slack.com\/files-tmb\/T53A65FDZ-F8ACFBX4G-361bd76197\/image_480.png?t=xoxe-173346185475-301971345667-302189523445-be5392310f98480a534c383e5d92ddc3",
            "thumb_480_w": 480,
            "thumb_480_h": 112,
            "thumb_160": "https:\/\/files.slack.com\/files-tmb\/T53A65FDZ-F8ACFBX4G-361bd76197\/image_160.png?t=xoxe-173346185475-301971345667-302189523445-be5392310f98480a534c383e5d92ddc3",
            "thumb_720": "https:\/\/files.slack.com\/files-tmb\/T53A65FDZ-F8ACFBX4G-361bd76197\/image_720.png?t=xoxe-173346185475-301971345667-302189523445-be5392310f98480a534c383e5d92ddc3",
            "thumb_720_w": 720,
            "thumb_720_h": 167,
            "thumb_800": "https:\/\/files.slack.com\/files-tmb\/T53A65FDZ-F8ACFBX4G-361bd76197\/image_800.png?t=xoxe-173346185475-301971345667-302189523445-be5392310f98480a534c383e5d92ddc3",
            "thumb_800_w": 800,
            "thumb_800_h": 186,
            "thumb_960": "https:\/\/files.slack.com\/files-tmb\/T53A65FDZ-F8ACFBX4G-361bd76197\/image_960.png?t=xoxe-173346185475-301971345667-302189523445-be5392310f98480a534c383e5d92ddc3",
            "thumb_960_w": 960,
            "thumb_960_h": 223,
            "thumb_1024": "https:\/\/files.slack.com\/files-tmb\/T53A65FDZ-F8ACFBX4G-361bd76197\/image_1024.png?t=xoxe-173346185475-301971345667-302189523445-be5392310f98480a534c383e5d92ddc3",
            "thumb_1024_w": 1024,
            "thumb_1024_h": 238,
            "image_exif_rotation": 1,
            "original_w": 1325,
            "original_h": 308,
            "permalink": "https:\/\/growthhackingfrance.slack.com\/files\/U54NAL317\/F8ACFBX4G\/image.png",
            "permalink_public": "https:\/\/slack-files.com\/T53A65FDZ-F8ACFBX4G-d4d0c5c320",
            "channels": [],
            "groups": [],
            "ims": [],
            "comments_count": 0
        },
        "user": "U54NAL317",
        "upload": true,
        "display_as_bot": false,
        "username": "melanie_almeida",
        "bot_id": null,
        "ts": "1512640575.000004"
    },
    {
        "type": "message",
        "subtype": "file_share",
        "text": "<@U54NAL317> uploaded a file: <https:\/\/growthhackingfrance.slack.com\/files\/U54NAL317\/F8AGMSKJ5\/image.png|exemple footer autre concurrent (super chargé :\/)>",
        "file": {
            "id": "F8AGMSKJ5",
            "created": 1512640661,
            "timestamp": 1512640661,
            "name": "image.png",
            "title": "exemple footer autre concurrent (super chargé :\/)",
            "mimetype": "image\/png",
            "filetype": "png",
            "pretty_type": "PNG",
            "user": "U54NAL317",
            "editable": false,
            "size": 142569,
            "mode": "hosted",
            "is_external": false,
            "external_type": "",
            "is_public": true,
            "public_url_shared": false,
            "display_as_bot": false,
            "username": "",
            "url_private": "https:\/\/files.slack.com\/files-pri\/T53A65FDZ-F8AGMSKJ5\/image.png?t=xoxe-173346185475-301971345667-302189523445-be5392310f98480a534c383e5d92ddc3",
            "url_private_download": "https:\/\/files.slack.com\/files-pri\/T53A65FDZ-F8AGMSKJ5\/download\/image.png?t=xoxe-173346185475-301971345667-302189523445-be5392310f98480a534c383e5d92ddc3",
            "thumb_64": "https:\/\/files.slack.com\/files-tmb\/T53A65FDZ-F8AGMSKJ5-0c528cf82a\/image_64.png?t=xoxe-173346185475-301971345667-302189523445-be5392310f98480a534c383e5d92ddc3",
            "thumb_80": "https:\/\/files.slack.com\/files-tmb\/T53A65FDZ-F8AGMSKJ5-0c528cf82a\/image_80.png?t=xoxe-173346185475-301971345667-302189523445-be5392310f98480a534c383e5d92ddc3",
            "thumb_360": "https:\/\/files.slack.com\/files-tmb\/T53A65FDZ-F8AGMSKJ5-0c528cf82a\/image_360.png?t=xoxe-173346185475-301971345667-302189523445-be5392310f98480a534c383e5d92ddc3",
            "thumb_360_w": 360,
            "thumb_360_h": 90,
            "thumb_480": "https:\/\/files.slack.com\/files-tmb\/T53A65FDZ-F8AGMSKJ5-0c528cf82a\/image_480.png?t=xoxe-173346185475-301971345667-302189523445-be5392310f98480a534c383e5d92ddc3",
            "thumb_480_w": 480,
            "thumb_480_h": 120,
            "thumb_160": "https:\/\/files.slack.com\/files-tmb\/T53A65FDZ-F8AGMSKJ5-0c528cf82a\/image_160.png?t=xoxe-173346185475-301971345667-302189523445-be5392310f98480a534c383e5d92ddc3",
            "thumb_720": "https:\/\/files.slack.com\/files-tmb\/T53A65FDZ-F8AGMSKJ5-0c528cf82a\/image_720.png?t=xoxe-173346185475-301971345667-302189523445-be5392310f98480a534c383e5d92ddc3",
            "thumb_720_w": 720,
            "thumb_720_h": 180,
            "thumb_800": "https:\/\/files.slack.com\/files-tmb\/T53A65FDZ-F8AGMSKJ5-0c528cf82a\/image_800.png?t=xoxe-173346185475-301971345667-302189523445-be5392310f98480a534c383e5d92ddc3",
            "thumb_800_w": 800,
            "thumb_800_h": 200,
            "thumb_960": "https:\/\/files.slack.com\/files-tmb\/T53A65FDZ-F8AGMSKJ5-0c528cf82a\/image_960.png?t=xoxe-173346185475-301971345667-302189523445-be5392310f98480a534c383e5d92ddc3",
            "thumb_960_w": 960,
            "thumb_960_h": 240,
            "thumb_1024": "https:\/\/files.slack.com\/files-tmb\/T53A65FDZ-F8AGMSKJ5-0c528cf82a\/image_1024.png?t=xoxe-173346185475-301971345667-302189523445-be5392310f98480a534c383e5d92ddc3",
            "thumb_1024_w": 1024,
            "thumb_1024_h": 256,
            "image_exif_rotation": 1,
            "original_w": 1740,
            "original_h": 435,
            "permalink": "https:\/\/growthhackingfrance.slack.com\/files\/U54NAL317\/F8AGMSKJ5\/image.png",
            "permalink_public": "https:\/\/slack-files.com\/T53A65FDZ-F8AGMSKJ5-04b40bcf7b",
            "channels": [],
            "groups": [],
            "ims": [],
            "comments_count": 0
        },
        "user": "U54NAL317",
        "upload": true,
        "display_as_bot": false,
        "username": "melanie_almeida",
        "bot_id": null,
        "ts": "1512640664.000332"
    },
    {
        "type": "message",
        "user": "U5C86111D",
        "text": "Ca dépends de la structure complète du site je dirais",
        "ts": "1512641044.000006"
    },
    {
        "type": "message",
        "user": "U54NAL317",
        "text": "c'est à dire ?",
        "ts": "1512641102.000307"
    },
    {
        "type": "message",
        "user": "U57U6TBDH",
        "text": "<https:\/\/moz.com\/blog\/links-headers-footers-navigation-impact-seo>\nc’est une technique dépassée",
        "attachments": [
            {
                "service_name": "Moz",
                "title": "How Links in Headers, Footers, Content, and Navigation Can Impact SEO - Whiteboard Friday",
                "title_link": "https:\/\/moz.com\/blog\/links-headers-footers-navigation-impact-seo",
                "text": "This week's Whiteboard Friday covers links in headers and footers, in navigation versus content, and how that can affect internal and external links, link equity, and link value between your site and others.",
                "fallback": "Moz: How Links in Headers, Footers, Content, and Navigation Can Impact SEO - Whiteboard Friday",
                "image_url": "https:\/\/d1avok0lzls2w.cloudfront.net\/uploads\/twitter_image\/59e9710982b270.39313573.jpg",
                "from_url": "https:\/\/moz.com\/blog\/links-headers-footers-navigation-impact-seo",
                "image_width": 500,
                "image_height": 250,
                "image_bytes": 437742,
                "service_icon": "https:\/\/dc8hdnsmzapvm.cloudfront.net\/assets\/images\/favicon\/moz-favicon-57.png?7345a55",
                "id": 1
            }
        ],
        "ts": "1512641196.000100",
        "reactions": [
            {
                "name": "+1",
                "users": [
                    "U541S59L4"
                ],
                "count": 1
            }
        ]
    },
    {
        "type": "message",
        "user": "U54NAL317",
        "text": "ah :confused:",
        "ts": "1512641219.000173"
    },
    {
        "type": "message",
        "user": "U704DHU58",
        "text": "contenu dévalué",
        "ts": "1512641495.000313"
    },
    {
        "type": "message",
        "user": "U704DHU58",
        "text": "un autre exemple qu'il ne faut pas faire par exemple:  <https:\/\/www.maisonsdumonde.com\/> (voir tout en bas)",
        "attachments": [
            {
                "title": "Meuble, idée déco, canapé et luminaire | Maisons du Monde",
                "title_link": "https:\/\/www.maisonsdumonde.com\/",
                "text": "Tous les styles de meubles et déco sont chez Maisons du Monde ! Et avec des nouveautés toute l’année et la livraison gratuite en magasin, décorez à volonté.",
                "fallback": "Meuble, idée déco, canapé et luminaire | Maisons du Monde",
                "from_url": "https:\/\/www.maisonsdumonde.com\/",
                "service_icon": "https:\/\/www.maisonsdumonde.com\/favicon.ico",
                "service_name": "maisonsdumonde.com",
                "id": 1
            }
        ],
        "ts": "1512641604.000133"
    },
    {
        "type": "message",
        "user": "U57U6TBDH",
        "text": "ton footer il doit “rendre service” par exemple des pages qui n’ont pas leur place dans le menu mais peuvent tout à fait intéresser un de tes visiteurs en fin de page. S’il est pertinent =&gt; il sera cliqué =&gt; il aura du poids.",
        "ts": "1512641664.000092",
        "reactions": [
            {
                "name": "+1",
                "users": [
                    "U54NAL317"
                ],
                "count": 1
            }
        ]
    },
    {
        "type": "message",
        "user": "U54E8FNL9",
        "text": "tes liens doivent changer en fonction des pages où tu te trouves. Exemple : page professeurs en Ile de France alors footer avec professeurs + nom de villes",
        "ts": "1512641680.000391"
    },
    {
        "type": "message",
        "user": "U54E8FNL9",
        "text": "Oui, rendre service comme dit <@U57U6TBDH>",
        "ts": "1512641696.000149"
    },
    {
        "type": "message",
        "user": "U57U6TBDH",
        "text": "perso il me choque pas le footer maisons du monde...",
        "ts": "1512641698.000200"
    },
    {
        "type": "message",
        "user": "U704DHU58",
        "text": "check le top recherches en dessous <@U57U6TBDH>",
        "ts": "1512641714.000160",
        "reactions": [
            {
                "name": "clap",
                "users": [
                    "U54E8FNL9",
                    "U57U6TBDH"
                ],
                "count": 2
            }
        ]
    },
    {
        "type": "message",
        "user": "U57U6TBDH",
        "text": "oh punaise bien vu ! je l’avais pas vu celui là :joy:",
        "ts": "1512641763.000159"
    },
    {
        "type": "message",
        "user": "U57U6TBDH",
        "text": "c’est le lien en blanc sur blanc version 2017",
        "ts": "1512641823.000024"
    },
    {
        "type": "message",
        "user": "U54E8FNL9",
        "text": "caché derrière le message cookie…",
        "ts": "1512641863.000402"
    },
    {
        "type": "message",
        "user": "U54NAL317",
        "text": "Ok du coup je suis entre deux chaises\nJe pense que ces liens rendront services car les élèves et parents retrouveront plus facilement ce qu'ils cherchent selon leur classe ou la matière qu'ils souhaitent. Mais en même temps si c'est dévalué et pas recommandé de faire ça...",
        "ts": "1512642027.000167"
    },
    {
        "type": "message",
        "user": "U704DHU58",
        "text": "un bon exemple ici : <http:\/\/www.seloger.com\/immobilier\/achat\/immo-paris-75\/bien-appartement\/> maillage sémantique proche géoloc",
        "attachments": [
            {
                "fallback": "[December 7th, 2017 11:14 AM] aurel: tes liens doivent changer en fonction des pages où tu te trouves. Exemple : page professeurs en Ile de France alors footer avec professeurs + nom de villes",
                "ts": "1512641680.000391",
                "author_id": "U54E8FNL9",
                "author_subname": "Aurélien Admin",
                "channel_id": "C54JX6R62",
                "channel_name": "seo",
                "is_msg_unfurl": true,
                "text": "tes liens doivent changer en fonction des pages où tu te trouves. Exemple : page professeurs en Ile de France alors footer avec professeurs + nom de villes",
                "author_name": "Aurélien Admin",
                "author_link": "https:\/\/growthhackingfrance.slack.com\/team\/U54E8FNL9",
                "author_icon": "https:\/\/avatars.slack-edge.com\/2017-11-16\/273568164420_2c04f6e935f2b4037d20_48.jpg",
                "mrkdwn_in": [
                    "text"
                ],
                "color": "D0D0D0",
                "from_url": "https:\/\/growthhackingfrance.slack.com\/archives\/C54JX6R62\/p1512641680000391",
                "is_share": true,
                "footer": "Posted in #seo"
            },
            {
                "title": "Vente appartement Paris (75) | acheter appartements à Paris 75",
                "title_link": "http:\/\/www.seloger.com\/immobilier\/achat\/immo-paris-75\/bien-appartement\/",
                "text": "Paris (75) : Toutes les annonces de vente d'appartements. Tout pour acheter un appartement à Paris.",
                "fallback": "Vente appartement Paris (75) | acheter appartements à Paris 75",
                "from_url": "http:\/\/www.seloger.com\/immobilier\/achat\/immo-paris-75\/bien-appartement\/",
                "service_icon": "http:\/\/www.seloger.com\/favicon.ico",
                "service_name": "seloger.com",
                "id": 1
            }
        ],
        "ts": "1512642029.000059"
    },
    {
        "type": "message",
        "user": "U704DHU58",
        "text": "tu as un exemple de page <@U54NAL317>?",
        "ts": "1512642143.000394"
    },
    {
        "type": "message",
        "user": "U5C86111D",
        "text": "Sinon le cloaker pour le laisser accessible à l’user",
        "ts": "1512642147.000271"
    },
    {
        "type": "message",
        "user": "U54NAL317",
        "text": "sur notre home <http:\/\/lesbonsprofs.com|lesbonsprofs.com> (ignorez les barres grises sur le côté, c'est en correction XD)\nen dessous de notre footer, rajouter des liens avec les mots \"terminale S\" \" 1ère ES\" \"histoire-géographie\"... qui redirigeraient vers nos pages vidéos (<https:\/\/www.lesbonsprofs.com\/espace\/cours\/classe>) selon la correspondance",
        "attachments": [
            {
                "title": "Vidéos de cours 3ème, Seconde, 1ère et Terminale | Les Bons Profs",
                "title_link": "https:\/\/www.lesbonsprofs.com\/espace\/cours\/classe",
                "text": "Accédez gratuitement à nos rappels de cours en vidéos pour réviser en ligne toutes les principales matières de la 3ème à la Terminale.",
                "fallback": "Vidéos de cours 3ème, Seconde, 1ère et Terminale | Les Bons Profs",
                "from_url": "https:\/\/www.lesbonsprofs.com\/espace\/cours\/classe",
                "service_icon": "https:\/\/www.lesbonsprofs.com\/bundles\/bomain\/images\/common\/favicon.ico\/apple-icon-57x57.png",
                "service_name": "LesBonsProfs.com",
                "id": 1
            }
        ],
        "edited": {
            "user": "U54NAL317",
            "ts": "1512642242.000000"
        },
        "ts": "1512642223.000043"
    },
    {
        "type": "message",
        "user": "U704DHU58",
        "text": "tu ne peux pas faire un menu à double entrée ? pour envoyer du jus de ta page d'accueil (puissant)",
        "ts": "1512642392.000009"
    },
    {
        "type": "message",
        "user": "U57U6TBDH",
        "text": "mauvaise idée... par contre avoir une sorte de formulaire à double entrée classe \/ matière oui... une sorte d’outil de recherche. Le maillage regrade le lien de <@U704DHU58> sur se loger : dans la barre latérale des cours de 1ère tu proposes les autres matières en 1ère, et un 2ème bloc avec les cours de la même matière, mais dans les autres classes.",
        "ts": "1512642394.000564"
    },
    {
        "type": "message",
        "user": "U57U6TBDH",
        "text": "haha transmission de pensées <@U704DHU58> :wink:",
        "ts": "1512642404.000231"
    },
    {
        "type": "message",
        "user": "U54NAL317",
        "text": "<@U57U6TBDH> le menu sur la page vidéos ou sur la home ?",
        "edited": {
            "user": "U54NAL317",
            "ts": "1512642501.000000"
        },
        "ts": "1512642486.000303"
    },
    {
        "type": "message",
        "user": "U57U6TBDH",
        "text": "sur les pages vidéos",
        "ts": "1512642511.000063"
    },
    {
        "type": "message",
        "user": "U54NAL317",
        "text": "ok",
        "ts": "1512642530.000074"
    },
    {
        "type": "message",
        "user": "U54NAL317",
        "text": "ouais t'as un menu avec les autres matières seulement si tu es déjà dans une classe et une matière",
        "ts": "1512642547.000290"
    },
    {
        "type": "message",
        "user": "U54NAL317",
        "text": "on est en train de refaire cette page",
        "ts": "1512642554.000436",
        "reactions": [
            {
                "name": "+1",
                "users": [
                    "U57U6TBDH"
                ],
                "count": 1
            }
        ]
    },
    {
        "type": "message",
        "user": "U54NAL317",
        "text": "Merci pour vos conseils",
        "edited": {
            "user": "U54NAL317",
            "ts": "1512642602.000000"
        },
        "ts": "1512642596.000357"
    },
    {
        "type": "message",
        "user": "U54NAL317",
        "text": "je vais laisser mon footer tranquile",
        "ts": "1512642607.000288"
    },
    {
        "type": "message",
        "user": "U62V7G8J1",
        "text": "TU cloack",
        "ts": "1512642700.000163",
        "reactions": [
            {
                "name": "+1",
                "users": [
                    "U54NAL317",
                    "U80MTJ93N"
                ],
                "count": 2
            }
        ]
    },
    {
        "type": "message",
        "user": "U62V7G8J1",
        "text": "Mais tu gardes pour l'UX",
        "ts": "1512642705.000357"
    },
    {
        "type": "message",
        "user": "U62V7G8J1",
        "text": "car ça aide à la navigation des clients",
        "ts": "1512642710.000111"
    },
    {
        "type": "message",
        "user": "U57U6TBDH",
        "text": "dans l’idée regarde ce qui est fait dans le bandeau “quelles sont vos ambitions ?” ici <https:\/\/www.itn.fr\/>\n(regarde juste l’idée car l’exécution chez ITN est bof bof)\nUn élève est forcément dans une classe puis il choisis sa matière ou je me trompe ?\nDu coup je suis en *** et je cherche un cours de **** puis ça renvoie vers la bonne section. ça ajoute de la valeur à ta page d’accueil.",
        "attachments": [
            {
                "service_name": "ITN, éditeur de progiciel d’assurance, branche Software de Gfi Informatique",
                "title": "ITN, éditeur de progiciel d’assurance, branche Software de Gfi Informatique - Editeur européen de progiciels et composants pour l’assurance",
                "title_link": "https:\/\/www.itn.fr\/",
                "text": "Editeur européen de progiciels et composants pour l’assurance",
                "fallback": "ITN, éditeur de progiciel d’assurance, branche Software de Gfi Informatique: ITN, éditeur de progiciel d’assurance, branche Software de Gfi Informatique - Editeur européen de progiciels et composants pour l’assurance",
                "from_url": "https:\/\/www.itn.fr\/",
                "service_icon": "https:\/\/www.itn.fr\/wp-content\/themes\/itn\/img\/favicon.ico",
                "id": 1
            }
        ],
        "thread_ts": "1512642840.000087",
        "reply_count": 10,
        "replies": [
            {
                "user": "U54NAL317",
                "ts": "1512642901.000289"
            },
            {
                "user": "U54NAL317",
                "ts": "1512642999.000453"
            },
            {
                "user": "U57U6TBDH",
                "ts": "1512643168.000214"
            },
            {
                "user": "U54NAL317",
                "ts": "1512643522.000118"
            },
            {
                "user": "U704DHU58",
                "ts": "1512643558.000318"
            },
            {
                "user": "U704DHU58",
                "ts": "1512643567.000303"
            },
            {
                "user": "U704DHU58",
                "ts": "1512643594.000475"
            },
            {
                "user": "U54NAL317",
                "ts": "1512643620.000149"
            },
            {
                "user": "U704DHU58",
                "ts": "1512643632.000239"
            },
            {
                "user": "U54NAL317",
                "ts": "1512643796.000320"
            }
        ],
        "unread_count": 10,
        "ts": "1512642840.000087"
    },
    {
        "type": "message",
        "user": "U54NAL317",
        "text": "Je le note !",
        "thread_ts": "1512642840.000087",
        "parent_user_id": "U57U6TBDH",
        "ts": "1512642901.000289"
    },
    {
        "type": "message",
        "user": "U54NAL317",
        "text": "est-ce que une barre de recherche aurait la même valeur ? On en avait une dans l'ancienne version du site mais elle a disparu avec la refonte",
        "thread_ts": "1512642840.000087",
        "parent_user_id": "U57U6TBDH",
        "ts": "1512642999.000453"
    },
    {
        "type": "message",
        "user": "U57U6TBDH",
        "text": "dans l’idée une barre de recherche tu tapes ce que tu veux... alors que cette chose tu segmentes. Cette idée c’est de la valeur UX plus que de la valeur SEO.",
        "thread_ts": "1512642840.000087",
        "parent_user_id": "U57U6TBDH",
        "ts": "1512643168.000214"
    },
    {
        "type": "message",
        "user": "U62V7G8J1",
        "text": "L'idée à la ITN est très bien",
        "ts": "1512643318.000397"
    },
    {
        "type": "message",
        "user": "U62V7G8J1",
        "text": "JE suis Lycéen \/ Collégien, en classe de troisième, seconde, et je souhaite devenir un tueur en mathématiques \/ français \/ whatever",
        "ts": "1512643350.000490",
        "reactions": [
            {
                "name": "+1",
                "users": [
                    "U57U6TBDH"
                ],
                "count": 1
            }
        ]
    },
    {
        "type": "message",
        "user": "U62V7G8J1",
        "text": "Après, pour des questions d'UX et de navigation, rien ne t'empêche d'avoir un truc style \"liste de cours par classe\"  et tu cloak ton megamenu ou ton footer avec du php",
        "ts": "1512643418.000305"
    },
    {
        "type": "message",
        "user": "U62V7G8J1",
        "text": "Par contre je ne sais pas si c'est moi ou le site mais le temps de chargement est extrêmement long",
        "ts": "1512643440.000417"
    },
    {
        "type": "message",
        "user": "U54NAL317",
        "text": "ok je note les deux",
        "thread_ts": "1512642840.000087",
        "parent_user_id": "U57U6TBDH",
        "ts": "1512643522.000118"
    },
    {
        "type": "message",
        "user": "U54NAL317",
        "text": "oui il est suuuuuuper long",
        "thread_ts": "1512643544.000478",
        "reply_count": 2,
        "replies": [
            {
                "user": "U57U6TBDH",
                "ts": "1512643607.000126"
            },
            {
                "user": "U54NAL317",
                "ts": "1512643641.000290"
            }
        ],
        "unread_count": 2,
        "ts": "1512643544.000478"
    },
    {
        "type": "message",
        "user": "U54NAL317",
        "text": "c'est l'un de nos chantiers actuels",
        "ts": "1512643550.000188"
    },
    {
        "type": "message",
        "user": "U704DHU58",
        "text": "la barre de recherche c'est une boite de pandore",
        "thread_ts": "1512642840.000087",
        "parent_user_id": "U57U6TBDH",
        "ts": "1512643558.000318"
    },
    {
        "type": "message",
        "user": "U704DHU58",
        "text": "tu peux avoir bcp de merde indexée ensuite",
        "thread_ts": "1512642840.000087",
        "parent_user_id": "U57U6TBDH",
        "ts": "1512643567.000303"
    },
    {
        "type": "message",
        "user": "U704DHU58",
        "text": "par contre tu peux très bien rediriger vers des pages de ton site en fonction de ce que tape ton internaute",
        "thread_ts": "1512642840.000087",
        "parent_user_id": "U57U6TBDH",
        "ts": "1512643594.000475"
    },
    {
        "type": "message",
        "user": "U57U6TBDH",
        "text": "<https:\/\/www.dareboost.com\/fr\/home> (j’ai pas d’affiliation) :stuck_out_tongue:",
        "attachments": [
            {
                "service_name": "Dareboost",
                "title": "Analyse de site Web, Test de Performance et Audit qualité | Dareboost",
                "title_link": "https:\/\/www.dareboost.com\/fr\/home",
                "text": "Service de test et analyse de sites web : vitesse, SEO, sécurité et qualité. Test gratuit ! Auditez, optimisez et surveillez la performance de vos pages web.",
                "fallback": "Dareboost: Analyse de site Web, Test de Performance et Audit qualité | Dareboost",
                "thumb_url": "https:\/\/www.dareboost.com\/vassets\/img\/external\/e42a1f953b9c829b1125b81f9a36597a-dareboost-presentation.png",
                "from_url": "https:\/\/www.dareboost.com\/fr\/home",
                "thumb_width": 1000,
                "thumb_height": 875,
                "service_icon": "https:\/\/www.dareboost.com\/vassets\/img\/f2ef4959376b1f0eb945caac850bdd22-favicon.png",
                "id": 1
            }
        ],
        "thread_ts": "1512643544.000478",
        "parent_user_id": "U54NAL317",
        "ts": "1512643607.000126"
    },
    {
        "type": "message",
        "user": "U54NAL317",
        "text": "Ok :slightly_smiling_face:",
        "thread_ts": "1512642840.000087",
        "parent_user_id": "U57U6TBDH",
        "ts": "1512643620.000149"
    },
    {
        "type": "message",
        "user": "U704DHU58",
        "text": "je ne recommande jamais d'indexer ce type de recherche, ça sert bcp plus sur de la LP type Adwords par ex",
        "thread_ts": "1512642840.000087",
        "parent_user_id": "U57U6TBDH",
        "ts": "1512643632.000239"
    },
    {
        "type": "message",
        "user": "U54NAL317",
        "text": ":slightly_smiling_face:\nOui j'ai déjà fait toutes les analyses. Maintenant c'est dans les mains des devs :slightly_smiling_face:",
        "thread_ts": "1512643544.000478",
        "parent_user_id": "U54NAL317",
        "ts": "1512643641.000290"
    },
    {
        "type": "message",
        "user": "U704DHU58",
        "text": "le cloaking c'est à tes risques et périls, si un quality rater passe derrière ton site ...",
        "ts": "1512643708.000393",
        "reactions": [
            {
                "name": "fearful",
                "users": [
                    "U54NAL317"
                ],
                "count": 1
            }
        ]
    },
    {
        "type": "message",
        "user": "U54NAL317",
        "text": "Ok je garde l'idée \"Je suis élève de Terminale S et je cherche des mathématiques\"",
        "thread_ts": "1512642840.000087",
        "parent_user_id": "U57U6TBDH",
        "ts": "1512643796.000320"
    },
    {
        "type": "message",
        "user": "U62V7G8J1",
        "text": "Je me permets de douter de cela",
        "ts": "1512644248.000213"
    },
    {
        "type": "message",
        "user": "U62V7G8J1",
        "text": "Vue la quantité de sites",
        "ts": "1512644270.000498"
    },
    {
        "type": "message",
        "user": "U62V7G8J1",
        "text": "vu le travail que ça demande",
        "edited": {
            "user": "U62V7G8J1",
            "ts": "1512644285.000000"
        },
        "ts": "1512644275.000125"
    },
    {
        "type": "message",
        "user": "U62V7G8J1",
        "text": "et vu que dans ce cas le cloaking est utilisé pour faire du PR Sculpting tout en conservant une bonne UX",
        "ts": "1512644303.000065"
    },
    {
        "type": "message",
        "user": "U62V7G8J1",
        "text": "Google devrait te donner une médaille pour cela :slightly_smiling_face:",
        "ts": "1512644331.000231"
    },
    {
        "type": "message",
        "user": "U704DHU58",
        "text": "tout est possible :slightly_smiling_face:",
        "ts": "1512644342.000058"
    },
    {
        "type": "message",
        "user": "U62V7G8J1",
        "text": "Effectivement c'est unrisque à prendre",
        "ts": "1512644353.000090"
    },
    {
        "type": "message",
        "user": "U704DHU58",
        "text": "je suis sur du white hat, considerant que si tu montres un contenu qui est différent est envoyer un mauvais signal",
        "ts": "1512644372.000134"
    },
    {
        "type": "message",
        "user": "U62V7G8J1",
        "text": "Je pars du même principe que toi Ben",
        "ts": "1512644386.000262"
    },
    {
        "type": "message",
        "user": "U62V7G8J1",
        "text": "Mais des fois...",
        "ts": "1512644404.000580"
    },
    {
        "type": "message",
        "user": "U704DHU58",
        "text": "tout dépend du risque que tu aimes prendre ! c'est bien d'être gris parfois",
        "ts": "1512644430.000008"
    },
    {
        "type": "message",
        "user": "U704DHU58",
        "text": "si tu restes sous le radar c'est l'essentiel",
        "ts": "1512644436.000309"
    },
    {
        "type": "message",
        "user": "U62V7G8J1",
        "text": "exact",
        "ts": "1512644440.000335"
    },
    {
        "type": "message",
        "user": "U62V7G8J1",
        "text": "<https:\/\/www.semrush.com\/blog\/white-hat-vs-black-hat-seo-and-gray-hat-too\/>?",
        "edited": {
            "user": "U62V7G8J1",
            "ts": "1512645232.000000"
        },
        "ts": "1512645223.000034"
    },
    {
        "type": "message",
        "user": "U62V7G8J1",
        "text": "Puisqu'on en parlait :smile:",
        "ts": "1512645236.000116"
    },
    {
        "type": "message",
        "user": "U704DHU58",
        "text": "je suis blanc gris finalement, mode gandalf",
        "ts": "1512645712.000254",
        "reactions": [
            {
                "name": "joy",
                "users": [
                    "U541S59L4",
                    "U546L44SJ",
                    "U5AV671TK"
                ],
                "count": 3
            }
        ]
    },
    {
        "type": "message",
        "user": "U704DHU58",
        "text": "pour info (à la dernière minute) j'interviens aux côtés de fnac ce soir chez botify pour ceux que ça botte : <https:\/\/www.eventbrite.com\/e\/inscription-botifyconnect-saisonnalite-seo-quelle-strategie-adopter-40547837674>",
        "edited": {
            "user": "U704DHU58",
            "ts": "1512646952.000000"
        },
        "ts": "1512646749.000225"
    },
    {
        "type": "message",
        "user": "U541S59L4",
        "text": "Pas dispo pour aller taquiner botify #oncrawl :wink:",
        "ts": "1512646965.000074"
    },
    {
        "type": "message",
        "user": "U62V7G8J1",
        "text": "#OnCrawlForEver :heart:",
        "ts": "1512650218.000147"
    },
    {
        "user": "U8B4Z6D8A",
        "text": "<@U8B4Z6D8A> has joined the channel",
        "type": "message",
        "subtype": "channel_join",
        "ts": "1512653217.000363"
    }
]