[
    {
        "type": "message",
        "user": "U57DAHPE1",
        "text": "Bon je place ça là : Ya des gens qui sont intéressés par des infos sur le SEO de Baidu (le Google de la Chine) ?",
        "ts": "1498488661.568747"
    },
    {
        "type": "message",
        "user": "U57DAHPE1",
        "text": "On m’a passé ce bouquin : <https:\/\/iste-editions.fr\/products\/seo-baidu>",
        "attachments": [
            {
                "title": "SEO Baidu",
                "title_link": "https:\/\/iste-editions.fr\/products\/seo-baidu",
                "text": "Référencement naturel et marketing en Chine Prix réservé aux particuliers. Licences pour les institutions : cliquez ici Véronique Duong, consultante Collection Systèmes d'information, web et société dirigée par Jean-Charles Pomerol 124 pages - Février 2017Ouvrage papier en couleur : 29,00 EURISBN : 978-1-78405-224-9 (papier) ISBN : 978-1-78406-224-8 (ebook) Les pratiques du référencement naturel (SEO) sur Baidu et les autres moteurs de recherche chinois sont peu connues dans le monde occidental. Pourtant, pour se promouvoir dans l’Empire du Milieu, le marketing en ligne est indispensable.SEO Baidu, référencement naturel et marketing en Chine présente les modalités du référencement naturel dans le pays. En plus du travail on-site",
                "fallback": "SEO Baidu",
                "image_url": "https:\/\/cdn.shopify.com\/s\/files\/1\/0245\/3579\/products\/Duong_front_medium.jpg?v=1485449283",
                "from_url": "https:\/\/iste-editions.fr\/products\/seo-baidu",
                "image_width": 159,
                "image_height": 240,
                "image_bytes": 10200,
                "service_icon": "http:\/\/cdn.shopify.com\/s\/files\/1\/0245\/3579\/t\/5\/assets\/favicon-isteeditions.png?3930091719445267247",
                "service_name": "iste-editions.fr",
                "id": 1
            }
        ],
        "ts": "1498488714.590140"
    },
    {
        "type": "message",
        "user": "U57DAHPE1",
        "text": "Ca m’a aidé pour un client dans l’hôtellerie. Les Chinois ont encore un train de retard sur Google, mais c’est marrant à utiliser !",
        "ts": "1498488938.682841"
    }
]