[
    {
        "type": "message",
        "user": "U5C86111D",
        "text": "<https:\/\/www.producthunt.com\/posts\/sitebulb-2>",
        "attachments": [
            {
                "service_name": "Product Hunt",
                "title": "Sitebulb - Product Hunt",
                "title_link": "https:\/\/www.producthunt.com\/posts\/sitebulb-2",
                "text": "Sitebulb - Crawl and visualize your website structure. (Marketing and SEO Tools) Read the opinion of 12 influencers. Discover 6 alternatives like <http:\/\/Import.io|Import.io> and Kimono",
                "fallback": "Product Hunt: Sitebulb - Product Hunt",
                "image_url": "https:\/\/ph-files.imgix.net\/cc7a27d0-2622-4889-b176-2caf255176e1?auto=format&fit=crop&h=512&w=1024",
                "from_url": "https:\/\/www.producthunt.com\/posts\/sitebulb-2",
                "image_width": 500,
                "image_height": 250,
                "image_bytes": 69559,
                "service_icon": "https:\/\/assets.producthunt.com\/assets\/ph-ios-icon-6b34039e42b660005eafdcc9e153a674.png",
                "id": 1
            }
        ],
        "ts": "1506672989.000120",
        "reactions": [
            {
                "name": "+1",
                "users": [
                    "U541S59L4",
                    "U54PQ74HF",
                    "U5AV671TK"
                ],
                "count": 3
            }
        ]
    },
    {
        "type": "message",
        "user": "U5C86111D",
        "text": "un pote à oncrawl \/ screaming frog",
        "ts": "1506673019.000185"
    },
    {
        "user": "U79R5UC4E",
        "text": "<@U79R5UC4E> has joined the channel",
        "type": "message",
        "subtype": "channel_join",
        "ts": "1506676231.000427"
    },
    {
        "user": "U54NAL317",
        "topic": "Discussions sur le SEO : techniques, outils, échange de liens....",
        "text": "<@U54NAL317> set the channel topic: Discussions sur le SEO : techniques, outils, échange de liens....",
        "type": "message",
        "subtype": "channel_topic",
        "ts": "1506691574.000215"
    }
]