[
    {
        "type": "message",
        "user": "U54E8FNL9",
        "text": "merci !",
        "thread_ts": "1508943229.000799",
        "parent_user_id": "U54E8FNL9",
        "ts": "1509005269.000205"
    },
    {
        "type": "message",
        "user": "U5635E9JN",
        "text": "Hello, a mon avis reprend dans ton H1 et ta meta title la formule exact. Tu peux ensuite dans ton texte mettre autant de variations que tu veux :slightly_smiling_face:",
        "thread_ts": "1508956279.000092",
        "parent_user_id": "U7K8KVCKE",
        "ts": "1509017033.000278"
    },
    {
        "type": "message",
        "user": "U7K8KVCKE",
        "text": "Merci pour ta réponse <@U5635E9JN> :wink:",
        "thread_ts": "1508956279.000092",
        "parent_user_id": "U7K8KVCKE",
        "ts": "1509025892.000428"
    }
]