[
    {
        "type": "message",
        "user": "U560CMYGL",
        "text": "Hello ! J'aimerais commencer a toucher sérieusement au SEO, mais n'ayant pas été très attentif pendant mes cours à l'école, j'aimerais bien de la doc\/vidéo\/mooc pour commencer bien comme il faut :slightly_smiling_face: . Merci pour vos recos !",
        "edited": {
            "user": "U560CMYGL",
            "ts": "1508762537.000000"
        },
        "thread_ts": "1508761076.000023",
        "reply_count": 11,
        "replies": [
            {
                "user": "U54NAL317",
                "ts": "1508761446.000218"
            },
            {
                "user": "U57DKJR5F",
                "ts": "1508761867.000162"
            },
            {
                "user": "U560CMYGL",
                "ts": "1508762576.000041"
            },
            {
                "user": "U560CMYGL",
                "ts": "1508762580.000115"
            },
            {
                "user": "U54NAL317",
                "ts": "1508762619.000073"
            },
            {
                "user": "U54QL7C5D",
                "ts": "1508763292.000172"
            },
            {
                "user": "U54QL7C5D",
                "ts": "1508763310.000570"
            },
            {
                "user": "U560CMYGL",
                "ts": "1508764264.000629"
            },
            {
                "user": "U60DUGA9X",
                "ts": "1510057396.000009"
            },
            {
                "user": "U57C4ENH2",
                "ts": "1511363043.000406"
            },
            {
                "user": "U54NAL317",
                "ts": "1511367825.000497"
            }
        ],
        "unread_count": 11,
        "ts": "1508761076.000023"
    },
    {
        "type": "message",
        "user": "U54NAL317",
        "text": "j'ai des ressources que je peux t'envoyer\nMais \"SEO orienté Growth\" ?! le SEO n'est pas déjà d'office pour grossir",
        "thread_ts": "1508761076.000023",
        "parent_user_id": "U560CMYGL",
        "ts": "1508761446.000218"
    },
    {
        "type": "message",
        "user": "U57DKJR5F",
        "text": "Je suis preneur également <@U54NAL317> :slightly_smiling_face:",
        "thread_ts": "1508761076.000023",
        "parent_user_id": "U560CMYGL",
        "ts": "1508761867.000162"
    },
    {
        "type": "message",
        "user": "U560CMYGL",
        "text": "Me suis mal exprimé <@U54NAL317>, je voulais dire SEO orienté startup\/pratique, pas théorique comme j'ai pu l'entendre a l'école :slightly_smiling_face:",
        "thread_ts": "1508761076.000023",
        "parent_user_id": "U560CMYGL",
        "ts": "1508762576.000041"
    },
    {
        "type": "message",
        "user": "U560CMYGL",
        "text": "Je suis preneur du coup :slightly_smiling_face:",
        "thread_ts": "1508761076.000023",
        "parent_user_id": "U560CMYGL",
        "ts": "1508762580.000115"
    },
    {
        "type": "message",
        "user": "U54NAL317",
        "text": "Ok, bah je ne sais pas dans ce cas si ça va correspondre à tes recherches mais je t'envoi quand même les docs que j'ai",
        "thread_ts": "1508761076.000023",
        "parent_user_id": "U560CMYGL",
        "ts": "1508762619.000073"
    },
    {
        "type": "message",
        "user": "U54QL7C5D",
        "text": "tu peux aussi commencer par la : <https:\/\/searchenginewatch.com\/2017\/10\/04\/ten-steps-to-successful-seo-for-startups\/>",
        "attachments": [
            {
                "title": "Ten steps to successful SEO for startups | Search Engine Watch",
                "title_link": "https:\/\/searchenginewatch.com\/2017\/10\/04\/ten-steps-to-successful-seo-for-startups\/",
                "text": "SEO can help a growing startup establish its presence and meet business goals. Here’s how to get started with search engine optimization and which areas to",
                "fallback": "Ten steps to successful SEO for startups | Search Engine Watch",
                "from_url": "https:\/\/searchenginewatch.com\/2017\/10\/04\/ten-steps-to-successful-seo-for-startups\/",
                "service_icon": "https:\/\/searchenginewatch.com\/wp-content\/themes\/search-engine-watch\/img\/icons\/apple-touch-icon-57x57.png",
                "service_name": "searchenginewatch.com",
                "id": 1
            }
        ],
        "thread_ts": "1508761076.000023",
        "parent_user_id": "U560CMYGL",
        "ts": "1508763292.000172"
    },
    {
        "type": "message",
        "user": "U54QL7C5D",
        "text": "<https:\/\/searchengineland.com\/> est bien aussi",
        "attachments": [
            {
                "service_name": "Search Engine Land",
                "title": "Search Engine Land | Must Read News About SEO, SEM &amp; Search Engines",
                "title_link": "https:\/\/searchengineland.com\/",
                "text": "Search Engine Land is the leading industry source for daily, must-read news and in-depth analysis about search engine technology.",
                "fallback": "Search Engine Land: Search Engine Land | Must Read News About SEO, SEM &amp; Search Engines",
                "thumb_url": "http:\/\/searchengineland.com\/images\/SearchEngineLand_1920x1080.png",
                "from_url": "https:\/\/searchengineland.com\/",
                "thumb_width": 1920,
                "thumb_height": 1080,
                "service_icon": "https:\/\/searchengineland.com\/apple-touch-icon.png",
                "id": 1
            }
        ],
        "thread_ts": "1508761076.000023",
        "parent_user_id": "U560CMYGL",
        "ts": "1508763310.000570"
    },
    {
        "type": "message",
        "user": "U560CMYGL",
        "text": "Merci beaucoup <@U54QL7C5D>",
        "thread_ts": "1508761076.000023",
        "parent_user_id": "U560CMYGL",
        "ts": "1508764264.000629"
    }
]