[
    {
        "user": "U60DUGA9X",
        "text": "<@U60DUGA9X> has joined the channel",
        "type": "message",
        "subtype": "channel_join",
        "ts": "1510051246.000130"
    },
    {
        "type": "message",
        "user": "U60DUGA9X",
        "text": "1.fr",
        "thread_ts": "1508956279.000092",
        "parent_user_id": "U7K8KVCKE",
        "ts": "1510051276.000136"
    },
    {
        "type": "message",
        "user": "U60DUGA9X",
        "text": "<@U54NAL317> je suis aussi intéressé par la doc :)",
        "thread_ts": "1508761076.000023",
        "parent_user_id": "U560CMYGL",
        "ts": "1510057396.000009"
    },
    {
        "user": "U53V1JQJE",
        "text": "<@U53V1JQJE> has joined the channel",
        "type": "message",
        "subtype": "channel_join",
        "ts": "1510077158.000393"
    }
]