[
    {
        "type": "message",
        "user": "U542GFW85",
        "text": "<http:\/\/www.joptimisemonsite.fr\/excellente-idee-seo-zalando\/>\n\nMeme si ce ne sont pas des fautes d'orthographe",
        "attachments": [
            {
                "service_name": "Blog e-commerce - Joptimisemonsite",
                "title": "L'excellente idée SEO de Zalando à copier facilement -",
                "title_link": "http:\/\/www.joptimisemonsite.fr\/excellente-idee-seo-zalando\/",
                "text": "Zalando s’est imposé depuis quelques années maintenant comme un des leaders de la vente en ligne européen. Rien qu’en 2016, la société allemande a généré un chiffre d’affaire de plus de 3.6 milliards d’euros (pratique que la société soit cotée en bourse !). Et malgré ce succès, la marque connaît encore quelques difficultés de notoriété: de …",
                "fallback": "Blog e-commerce - Joptimisemonsite: L'excellente idée SEO de Zalando à copier facilement -",
                "thumb_url": "http:\/\/www.joptimisemonsite.fr\/wp-content\/uploads\/2017\/03\/page-accueil-zalando-1024x771.png",
                "ts": 1490187608,
                "from_url": "http:\/\/www.joptimisemonsite.fr\/excellente-idee-seo-zalando\/",
                "thumb_width": 1024,
                "thumb_height": 771,
                "service_icon": "http:\/\/www.joptimisemonsite.fr\/wp-content\/uploads\/2016\/07\/favicon-e-commerce-joptimisemonsite.png",
                "id": 1
            }
        ],
        "edited": {
            "user": "U542GFW85",
            "ts": "1505550736.000000"
        },
        "thread_ts": "1505489067.000062",
        "parent_user_id": "U57DAHPE1",
        "ts": "1505550690.000080"
    },
    {
        "type": "message",
        "user": "U57DAHPE1",
        "text": "Pas con, mais c’est un nom de marque. Pas un nom commun",
        "thread_ts": "1505489067.000062",
        "parent_user_id": "U57DAHPE1",
        "ts": "1505557749.000013"
    }
]