[
    {
        "type": "message",
        "user": "U54NAL317",
        "text": "#discussion \nQuelles sont vos best practices d'analyse SEO ?\nEst-ce que vous faite un suivi hebdo ou seulement mensuel ? Que suivez vous chaque semaine ? chaque mois ?\nQuelles sont les métriques les plus importantes que vous suivez ?",
        "ts": "1501079515.085354"
    },
    {
        "type": "message",
        "user": "U54PQ74HF",
        "text": "on test seeurank cloud en ce moment, pour le suivi hebdo des clients franchement c'est top, tu as toutes les infos... tes backlinks, tes keywords, la perf de tes pages et la possibilité de te comparer avec la concurrence... franchement l'outil est ultra bien foutu",
        "thread_ts": "1501079733.229635",
        "reply_count": 4,
        "replies": [
            {
                "user": "U54NAL317",
                "ts": "1501079859.314488"
            },
            {
                "user": "U54PQ74HF",
                "ts": "1501081181.203039"
            },
            {
                "user": "U54NAL317",
                "ts": "1501082339.995489"
            },
            {
                "user": "U54PQ74HF",
                "ts": "1501086382.653993"
            }
        ],
        "unread_count": 4,
        "ts": "1501079733.229635",
        "reactions": [
            {
                "name": "+1",
                "users": [
                    "U57DAHPE1"
                ],
                "count": 1
            }
        ]
    },
    {
        "type": "message",
        "user": "U62V7G8J1",
        "text": "Nombre de pages indexées, bounce rate estimé, average visit duration, total users, nbre de keywords, nbre de domaines référents, nbre d'IP, nbre de backlinks, CF, TF, DA, PR, Origine du traffic\n\nSEMrush (que j'aime pas)\nMOZ\nMajestic SEO\nSimilarWeb",
        "thread_ts": "1501079799.274293",
        "reply_count": 7,
        "replies": [
            {
                "user": "U54NAL317",
                "ts": "1501079832.295988"
            },
            {
                "user": "U54NAL317",
                "ts": "1501079933.362569"
            },
            {
                "user": "U62V7G8J1",
                "ts": "1501080436.696906"
            },
            {
                "user": "U62V7G8J1",
                "ts": "1501080470.719225"
            },
            {
                "user": "U54E8FNL9",
                "ts": "1501081045.109380"
            },
            {
                "user": "U54NAL317",
                "ts": "1501082383.025587"
            },
            {
                "user": "U62V7G8J1",
                "ts": "1501085695.244622"
            }
        ],
        "unread_count": 7,
        "ts": "1501079799.274293"
    },
    {
        "type": "message",
        "user": "U54NAL317",
        "text": "Pourquoi tu n'aimes pas SEMrush ? Je comptais justement l'utiliser dans ma boite.",
        "thread_ts": "1501079799.274293",
        "parent_user_id": "U62V7G8J1",
        "ts": "1501079832.295988"
    },
    {
        "type": "message",
        "user": "U54NAL317",
        "text": "et toutes ces données tu les suis de façon hebdomadaire ?",
        "thread_ts": "1501079733.229635",
        "parent_user_id": "U54PQ74HF",
        "ts": "1501079859.314488"
    },
    {
        "type": "message",
        "user": "U54NAL317",
        "text": "Tu suis toutes ces données tous le temps ? Ou tu les hiérarchise ? Je trouve que justement en SEO c'est facile de se perdre avec la profusion de données.",
        "thread_ts": "1501079799.274293",
        "parent_user_id": "U62V7G8J1",
        "ts": "1501079933.362569"
    },
    {
        "type": "message",
        "user": "U62V7G8J1",
        "text": "Je n'aime pas SEMrush car leurs estimations de traffic sont peu fiables. essaye de taper <http:\/\/free.fr|free.fr> par exemple pour voir :wink:\n\nAprès je reocnnais que pour les suggestions de mots clefs ils sont plutôt pas mal. Et l'audit de site (qui est encore en beta) pourra être vraiment bien une fois quali",
        "thread_ts": "1501079799.274293",
        "parent_user_id": "U62V7G8J1",
        "ts": "1501080436.696906"
    },
    {
        "type": "message",
        "user": "U62V7G8J1",
        "text": "Puis si SEMrush commence à se faire connaître, c'est surtout parce qu'ils ont un programme d'affiliation :smile:",
        "thread_ts": "1501079799.274293",
        "parent_user_id": "U62V7G8J1",
        "ts": "1501080470.719225"
    },
    {
        "type": "message",
        "user": "U54E8FNL9",
        "text": "<http:\/\/Ahrefs.com|Ahrefs.com> j’aime bien leur comparaisons de domaines",
        "thread_ts": "1501079799.274293",
        "parent_user_id": "U62V7G8J1",
        "ts": "1501081045.109380"
    },
    {
        "type": "message",
        "user": "U54PQ74HF",
        "text": "tu peux choisir quand programmer les crawls, soit de façon journalière, hebdo, mensuelle... Contacte les tu dois avoir moyen d'avoir une démo ! Par contre je n'ai aucune idée des tarifs :confused:",
        "thread_ts": "1501079733.229635",
        "parent_user_id": "U54PQ74HF",
        "ts": "1501081181.203039"
    },
    {
        "type": "message",
        "user": "U54NAL317",
        "text": "Je parlais + de toi et ta méthode en général :slightly_smiling_face:",
        "thread_ts": "1501079733.229635",
        "parent_user_id": "U54PQ74HF",
        "ts": "1501082339.995489"
    },
    {
        "type": "message",
        "user": "U54NAL317",
        "text": "argh j'ai hésité tellement longtemps entre les deux, Je me suis enfin décidée pour SEMrush et vous me mettez le doute :laughing:",
        "thread_ts": "1501079799.274293",
        "parent_user_id": "U62V7G8J1",
        "ts": "1501082383.025587"
    },
    {
        "type": "message",
        "user": "U62V7G8J1",
        "text": "Je préfère Ahref dans ce cas :slightly_smiling_face:",
        "thread_ts": "1501079799.274293",
        "parent_user_id": "U62V7G8J1",
        "ts": "1501085695.244622"
    },
    {
        "type": "message",
        "user": "U54PQ74HF",
        "text": "Ah yes désolé, on pense programmer de façon hebdo, globalement ça suffit pour suivre correctement des avancées, après c'est à adapter en fonction du client et du besoin...",
        "thread_ts": "1501079733.229635",
        "parent_user_id": "U54PQ74HF",
        "ts": "1501086382.653993",
        "reactions": [
            {
                "name": "+1",
                "users": [
                    "U54NAL317"
                ],
                "count": 1
            }
        ]
    },
    {
        "type": "message",
        "user": "U57DAHPE1",
        "text": "Pour ceux que l’ASO intéressent, qui n’‘aiment pas payer et qui touchent à Node. Ce mec à fait un scrapper qui fait une bonne part du job. Vous envoyez votre requête en Node et il vous retourne les infos dont vous avez besoin en JSON",
        "ts": "1501110830.304252",
        "reactions": [
            {
                "name": "+1",
                "users": [
                    "U546L44SJ",
                    "U61LBKVEF"
                ],
                "count": 2
            },
            {
                "name": "ok_hand",
                "users": [
                    "U5519FU87",
                    "U62V7G8J1"
                ],
                "count": 2
            }
        ]
    },
    {
        "type": "message",
        "user": "U57DAHPE1",
        "text": "(pour rappel une équivalence d’outil ASO c’est mini 400 balles par mois)",
        "ts": "1501110861.312374"
    },
    {
        "type": "message",
        "user": "U57DAHPE1",
        "text": "<https:\/\/github.com\/facundoolano>",
        "attachments": [
            {
                "service_name": "GitHub",
                "title": "facundoolano (Facundo Olano)",
                "title_link": "https:\/\/github.com\/facundoolano",
                "text": "facundoolano has 40 repositories available. Follow their code on GitHub.",
                "fallback": "GitHub: facundoolano (Facundo Olano)",
                "from_url": "https:\/\/github.com\/facundoolano",
                "thumb_url": "https:\/\/avatars2.githubusercontent.com\/u\/1040941?v=4&s=400",
                "thumb_width": 250,
                "thumb_height": 250,
                "service_icon": "https:\/\/a.slack-edge.com\/bfaba\/img\/unfurl_icons\/github.png",
                "id": 1
            }
        ],
        "ts": "1501110862.312648"
    }
]