[
    {
        "type": "message",
        "user": "U54PABTGW",
        "text": "Hello",
        "ts": "1513608750.000727"
    },
    {
        "type": "message",
        "user": "U54PABTGW",
        "text": "je suis sur un group fb SEO, un mec a diffusé ca hier",
        "ts": "1513608762.000703"
    },
    {
        "type": "message",
        "user": "U54PABTGW",
        "text": "N'hésitez pas à le remplir si vous avez d'autres points.",
        "ts": "1513608772.000637"
    },
    {
        "type": "message",
        "subtype": "file_share",
        "text": "<@U54PABTGW> uploaded a file: <https:\/\/growthhackingfrance.slack.com\/files\/U54PABTGW\/F8G92QDM2\/seo_project_management__aimhike_.xlsx|SEO Project Management (Aimhike).xlsx>",
        "file": {
            "id": "F8G92QDM2",
            "created": 1513608787,
            "timestamp": 1513608787,
            "name": "SEO Project Management (Aimhike).xlsx",
            "title": "SEO Project Management (Aimhike).xlsx",
            "mimetype": "application\/vnd.openxmlformats-officedocument.spreadsheetml.sheet",
            "filetype": "xlsx",
            "pretty_type": "Excel Spreadsheet",
            "user": "U54PABTGW",
            "editable": false,
            "size": 37586,
            "mode": "hosted",
            "is_external": false,
            "external_type": "",
            "is_public": true,
            "public_url_shared": false,
            "display_as_bot": false,
            "username": "",
            "url_private": "https:\/\/files.slack.com\/files-pri\/T53A65FDZ-F8G92QDM2\/seo_project_management__aimhike_.xlsx?t=xoxe-173346185475-301971345667-302189523445-be5392310f98480a534c383e5d92ddc3",
            "url_private_download": "https:\/\/files.slack.com\/files-pri\/T53A65FDZ-F8G92QDM2\/download\/seo_project_management__aimhike_.xlsx?t=xoxe-173346185475-301971345667-302189523445-be5392310f98480a534c383e5d92ddc3",
            "permalink": "https:\/\/growthhackingfrance.slack.com\/files\/U54PABTGW\/F8G92QDM2\/seo_project_management__aimhike_.xlsx",
            "permalink_public": "https:\/\/slack-files.com\/T53A65FDZ-F8G92QDM2-98adb58e8e",
            "channels": [],
            "groups": [],
            "ims": [],
            "comments_count": 0,
            "reactions": [
                {
                    "name": "ok_hand",
                    "users": [
                        "U541S59L4",
                        "U5519FU87",
                        "U58ASTCP9"
                    ],
                    "count": 3
                }
            ]
        },
        "user": "U54PABTGW",
        "upload": true,
        "display_as_bot": false,
        "username": "grab",
        "bot_id": null,
        "ts": "1513608788.000143"
    },
    {
        "type": "message",
        "user": "U54PABTGW",
        "text": "C'est une todolist avant et après chaque projet.",
        "ts": "1513608799.000373"
    },
    {
        "type": "message",
        "user": "U5519FU87",
        "text": "thx :wink:",
        "ts": "1513615670.000322"
    },
    {
        "type": "message",
        "user": "U54PABTGW",
        "text": "Si tu as des choses à rajouter, genre \"valider tel point  avec tel tools\" c'est le bienvenue :wink:",
        "ts": "1513615697.000306"
    },
    {
        "type": "message",
        "subtype": "file_share",
        "text": "<@U54KSDKCY> uploaded a file: <https:\/\/growthhackingfrance.slack.com\/files\/U54KSDKCY\/F8GKXALKF\/screenshot_20171218-231321.png|Screenshot_20171218-231321.png> and commented: Vous avez vu ce carrousel dans les SERPs ?! :o Sur une autre requête y'en a même sur deux résultats d'affilé.  Folie",
        "file": {
            "id": "F8GKXALKF",
            "created": 1513635479,
            "timestamp": 1513635479,
            "name": "Screenshot_20171218-231321.png",
            "title": "Screenshot_20171218-231321.png",
            "mimetype": "image\/png",
            "filetype": "png",
            "pretty_type": "PNG",
            "user": "U54KSDKCY",
            "editable": false,
            "size": 550688,
            "mode": "hosted",
            "is_external": false,
            "external_type": "",
            "is_public": true,
            "public_url_shared": false,
            "display_as_bot": false,
            "username": "",
            "url_private": "https:\/\/files.slack.com\/files-pri\/T53A65FDZ-F8GKXALKF\/screenshot_20171218-231321.png?t=xoxe-173346185475-301971345667-302189523445-be5392310f98480a534c383e5d92ddc3",
            "url_private_download": "https:\/\/files.slack.com\/files-pri\/T53A65FDZ-F8GKXALKF\/download\/screenshot_20171218-231321.png?t=xoxe-173346185475-301971345667-302189523445-be5392310f98480a534c383e5d92ddc3",
            "thumb_64": "https:\/\/files.slack.com\/files-tmb\/T53A65FDZ-F8GKXALKF-cd8d6aab08\/screenshot_20171218-231321_64.png?t=xoxe-173346185475-301971345667-302189523445-be5392310f98480a534c383e5d92ddc3",
            "thumb_80": "https:\/\/files.slack.com\/files-tmb\/T53A65FDZ-F8GKXALKF-cd8d6aab08\/screenshot_20171218-231321_80.png?t=xoxe-173346185475-301971345667-302189523445-be5392310f98480a534c383e5d92ddc3",
            "thumb_360": "https:\/\/files.slack.com\/files-tmb\/T53A65FDZ-F8GKXALKF-cd8d6aab08\/screenshot_20171218-231321_360.png?t=xoxe-173346185475-301971345667-302189523445-be5392310f98480a534c383e5d92ddc3",
            "thumb_360_w": 203,
            "thumb_360_h": 360,
            "thumb_480": "https:\/\/files.slack.com\/files-tmb\/T53A65FDZ-F8GKXALKF-cd8d6aab08\/screenshot_20171218-231321_480.png?t=xoxe-173346185475-301971345667-302189523445-be5392310f98480a534c383e5d92ddc3",
            "thumb_480_w": 270,
            "thumb_480_h": 480,
            "thumb_160": "https:\/\/files.slack.com\/files-tmb\/T53A65FDZ-F8GKXALKF-cd8d6aab08\/screenshot_20171218-231321_160.png?t=xoxe-173346185475-301971345667-302189523445-be5392310f98480a534c383e5d92ddc3",
            "thumb_720": "https:\/\/files.slack.com\/files-tmb\/T53A65FDZ-F8GKXALKF-cd8d6aab08\/screenshot_20171218-231321_720.png?t=xoxe-173346185475-301971345667-302189523445-be5392310f98480a534c383e5d92ddc3",
            "thumb_720_w": 405,
            "thumb_720_h": 720,
            "thumb_800": "https:\/\/files.slack.com\/files-tmb\/T53A65FDZ-F8GKXALKF-cd8d6aab08\/screenshot_20171218-231321_800.png?t=xoxe-173346185475-301971345667-302189523445-be5392310f98480a534c383e5d92ddc3",
            "thumb_800_w": 800,
            "thumb_800_h": 1422,
            "thumb_960": "https:\/\/files.slack.com\/files-tmb\/T53A65FDZ-F8GKXALKF-cd8d6aab08\/screenshot_20171218-231321_960.png?t=xoxe-173346185475-301971345667-302189523445-be5392310f98480a534c383e5d92ddc3",
            "thumb_960_w": 540,
            "thumb_960_h": 960,
            "thumb_1024": "https:\/\/files.slack.com\/files-tmb\/T53A65FDZ-F8GKXALKF-cd8d6aab08\/screenshot_20171218-231321_1024.png?t=xoxe-173346185475-301971345667-302189523445-be5392310f98480a534c383e5d92ddc3",
            "thumb_1024_w": 576,
            "thumb_1024_h": 1024,
            "image_exif_rotation": 1,
            "original_w": 1080,
            "original_h": 1920,
            "permalink": "https:\/\/growthhackingfrance.slack.com\/files\/U54KSDKCY\/F8GKXALKF\/screenshot_20171218-231321.png",
            "permalink_public": "https:\/\/slack-files.com\/T53A65FDZ-F8GKXALKF-dbedcd898e",
            "channels": [],
            "groups": [],
            "ims": [],
            "comments_count": 1,
            "initial_comment": {
                "id": "Fc8G0GE6F3",
                "created": 1513635479,
                "timestamp": 1513635479,
                "user": "U54KSDKCY",
                "is_intro": true,
                "comment": "Vous avez vu ce carrousel dans les SERPs ?! :o Sur une autre requête y'en a même sur deux résultats d'affilé.  Folie"
            },
            "reactions": [
                {
                    "name": "+1",
                    "users": [
                        "U5479AJQH",
                        "U57DAHPE1"
                    ],
                    "count": 2
                }
            ]
        },
        "user": "U54KSDKCY",
        "upload": true,
        "display_as_bot": false,
        "username": "julien-s",
        "bot_id": null,
        "ts": "1513635482.000515"
    }
]