[
    {
        "type": "message",
        "user": "U546L44SJ",
        "text": "ahahah <https:\/\/www.leptidigital.fr\/webmarketing\/seo\/spam-report-7533\/>",
        "attachments": [
            {
                "service_name": "LEPTIDIGITAL",
                "title": "Spam Report : Google traiterait 65% des signalements !",
                "title_link": "https:\/\/www.leptidigital.fr\/webmarketing\/seo\/spam-report-7533\/",
                "text": "65% des dénonciations de sites pour cause de Spam seraient traitées manuellement par Google. Découvrez quand et comment faire un Spam Report.",
                "fallback": "LEPTIDIGITAL: Spam Report : Google traiterait 65% des signalements !",
                "thumb_url": "https:\/\/www.leptidigital.fr\/wp-content\/uploads\/2016\/03\/google-spam-report.jpg",
                "ts": 1457000142,
                "from_url": "https:\/\/www.leptidigital.fr\/webmarketing\/seo\/spam-report-7533\/",
                "thumb_width": 690,
                "thumb_height": 377,
                "service_icon": "https:\/\/www.leptidigital.fr\/wp-content\/uploads\/2016\/10\/profile-leptidigital-53x53.png",
                "id": 1
            }
        ],
        "ts": "1505408452.000394",
        "reactions": [
            {
                "name": "joy",
                "users": [
                    "U57DAHPE1"
                ],
                "count": 1
            }
        ]
    },
    {
        "type": "message",
        "user": "U546L44SJ",
        "text": "SEOSpam Report : Google traiterait 65% des signalements !",
        "thread_ts": "1505408460.000064",
        "reply_count": 3,
        "replies": [
            {
                "user": "U57DAHPE1",
                "ts": "1505408928.000387"
            },
            {
                "user": "U546L44SJ",
                "ts": "1505408954.000290"
            },
            {
                "user": "U57DAHPE1",
                "ts": "1505409070.000413"
            }
        ],
        "unread_count": 3,
        "ts": "1505408460.000064"
    },
    {
        "type": "message",
        "user": "U57DAHPE1",
        "text": "Comme les contrôles fiscaux, toujours par dénonciation.",
        "thread_ts": "1505408460.000064",
        "parent_user_id": "U546L44SJ",
        "ts": "1505408928.000387"
    },
    {
        "type": "message",
        "user": "U546L44SJ",
        "text": "On va commencer à s’amuser sur le slack ! n’est cepas <@U57DAHPE1>",
        "edited": {
            "user": "U546L44SJ",
            "ts": "1505408962.000000"
        },
        "thread_ts": "1505408460.000064",
        "parent_user_id": "U546L44SJ",
        "ts": "1505408954.000290"
    },
    {
        "type": "message",
        "user": "U57DAHPE1",
        "text": "JE SAIS QUI C’EST LA BALANCE ! C’EST TOI, C’EST TOI ! \n<https:\/\/t4.ftcdn.net\/jpg\/00\/22\/11\/79\/500_F_22117947_zO2afanOWKXQ1YIzFLMknXeBl6L2JB99.jpg>",
        "attachments": [
            {
                "fallback": "500x419px image",
                "image_url": "https:\/\/t4.ftcdn.net\/jpg\/00\/22\/11\/79\/500_F_22117947_zO2afanOWKXQ1YIzFLMknXeBl6L2JB99.jpg",
                "image_width": 500,
                "image_height": 419,
                "image_bytes": 46944,
                "from_url": "https:\/\/t4.ftcdn.net\/jpg\/00\/22\/11\/79\/500_F_22117947_zO2afanOWKXQ1YIzFLMknXeBl6L2JB99.jpg",
                "id": 1
            }
        ],
        "thread_ts": "1505408460.000064",
        "parent_user_id": "U546L44SJ",
        "ts": "1505409070.000413",
        "reactions": [
            {
                "name": "flag-fr",
                "users": [
                    "U542GFW85",
                    "U546L44SJ",
                    "U55FFTX6J"
                ],
                "count": 3
            },
            {
                "name": "+1",
                "users": [
                    "U55FFTX6J",
                    "U61LBKVEF"
                ],
                "count": 2
            }
        ]
    }
]