[
    {
        "type": "message",
        "user": "U541S59L4",
        "text": "ça à l’air prometteur, tu l’as testé sur quels types de content (articles, fiche produits\/services...) ? C’est pas trop fastidieux de rentrer l’ensemble de mots clés ? Merci de ton retour en tt cas :+1: :grinning:",
        "thread_ts": "1502895914.000507",
        "parent_user_id": "U541S59L4",
        "ts": "1503302709.000300"
    },
    {
        "type": "message",
        "user": "U61LBKVEF",
        "text": "J'ai testé leur service chez Doctolib pour créer des textes de bas de pages automatisés sur des pages de type profession + ville (ex: dentiste à Levallois-Perret). \n\nOn leur a filé des mots-clés input de type profession (ex: dentiste), des data sur la ville (ex: X dentistes dans telle ville) et ils étaient capables de créer des textes uniques pour chaque combinaison profession + ville avec des commentaires différents selon les data. Le projet a été un peu long car on voulait des textes vraiment propres. Du coup on a du faire quelques allers-retours pour corriger les tournures étranges",
        "edited": {
            "user": "U61LBKVEF",
            "ts": "1503304007.000000"
        },
        "thread_ts": "1502895914.000507",
        "parent_user_id": "U541S59L4",
        "ts": "1503303925.000130"
    },
    {
        "type": "message",
        "user": "U61LBKVEF",
        "text": "Si c'est ce genre de projet que tu as en tête, je peux te mettre en relation avec le manager SEO qui a du tracker l'impact après mon départ.",
        "thread_ts": "1502895914.000507",
        "parent_user_id": "U541S59L4",
        "ts": "1503303958.000410"
    },
    {
        "type": "message",
        "user": "U541S59L4",
        "text": "Hello, merci pour les infos, je vx bien le contact du manager pour voir si le soft pt répondre à mon besoin",
        "thread_ts": "1502895914.000507",
        "parent_user_id": "U541S59L4",
        "ts": "1503328535.000608"
    },
    {
        "type": "message",
        "user": "U61LBKVEF",
        "text": "en MP :slightly_smiling_face:",
        "thread_ts": "1502895914.000507",
        "parent_user_id": "U541S59L4",
        "ts": "1503331746.000700"
    }
]