[
    {
        "type": "message",
        "subtype": "file_share",
        "text": "<@U57JNRABE> uploaded a file: <https:\/\/growthhackingfrance.slack.com\/files\/U57JNRABE\/F7J748NTZ\/screenshot_20171012-090623.png|Screenshot_20171012-090623.png> and commented: Je viens de trouver ça pour toi <@U566P6QCE> \n\nC est en ce moment sur product hunt apparemment tu peux le tester en bêta",
        "file": {
            "id": "F7J748NTZ",
            "created": 1507792128,
            "timestamp": 1507792128,
            "name": "Screenshot_20171012-090623.png",
            "title": "Screenshot_20171012-090623.png",
            "mimetype": "image\/png",
            "filetype": "png",
            "pretty_type": "PNG",
            "user": "U57JNRABE",
            "editable": false,
            "size": 219464,
            "mode": "hosted",
            "is_external": false,
            "external_type": "",
            "is_public": true,
            "public_url_shared": false,
            "display_as_bot": false,
            "username": "",
            "url_private": "https:\/\/files.slack.com\/files-pri\/T53A65FDZ-F7J748NTZ\/screenshot_20171012-090623.png?t=xoxe-173346185475-301971345667-302189523445-be5392310f98480a534c383e5d92ddc3",
            "url_private_download": "https:\/\/files.slack.com\/files-pri\/T53A65FDZ-F7J748NTZ\/download\/screenshot_20171012-090623.png?t=xoxe-173346185475-301971345667-302189523445-be5392310f98480a534c383e5d92ddc3",
            "thumb_64": "https:\/\/files.slack.com\/files-tmb\/T53A65FDZ-F7J748NTZ-600d520c58\/screenshot_20171012-090623_64.png?t=xoxe-173346185475-301971345667-302189523445-be5392310f98480a534c383e5d92ddc3",
            "thumb_80": "https:\/\/files.slack.com\/files-tmb\/T53A65FDZ-F7J748NTZ-600d520c58\/screenshot_20171012-090623_80.png?t=xoxe-173346185475-301971345667-302189523445-be5392310f98480a534c383e5d92ddc3",
            "thumb_360": "https:\/\/files.slack.com\/files-tmb\/T53A65FDZ-F7J748NTZ-600d520c58\/screenshot_20171012-090623_360.png?t=xoxe-173346185475-301971345667-302189523445-be5392310f98480a534c383e5d92ddc3",
            "thumb_360_w": 203,
            "thumb_360_h": 360,
            "thumb_480": "https:\/\/files.slack.com\/files-tmb\/T53A65FDZ-F7J748NTZ-600d520c58\/screenshot_20171012-090623_480.png?t=xoxe-173346185475-301971345667-302189523445-be5392310f98480a534c383e5d92ddc3",
            "thumb_480_w": 270,
            "thumb_480_h": 480,
            "thumb_160": "https:\/\/files.slack.com\/files-tmb\/T53A65FDZ-F7J748NTZ-600d520c58\/screenshot_20171012-090623_160.png?t=xoxe-173346185475-301971345667-302189523445-be5392310f98480a534c383e5d92ddc3",
            "thumb_720": "https:\/\/files.slack.com\/files-tmb\/T53A65FDZ-F7J748NTZ-600d520c58\/screenshot_20171012-090623_720.png?t=xoxe-173346185475-301971345667-302189523445-be5392310f98480a534c383e5d92ddc3",
            "thumb_720_w": 405,
            "thumb_720_h": 720,
            "thumb_800": "https:\/\/files.slack.com\/files-tmb\/T53A65FDZ-F7J748NTZ-600d520c58\/screenshot_20171012-090623_800.png?t=xoxe-173346185475-301971345667-302189523445-be5392310f98480a534c383e5d92ddc3",
            "thumb_800_w": 800,
            "thumb_800_h": 1422,
            "thumb_960": "https:\/\/files.slack.com\/files-tmb\/T53A65FDZ-F7J748NTZ-600d520c58\/screenshot_20171012-090623_960.png?t=xoxe-173346185475-301971345667-302189523445-be5392310f98480a534c383e5d92ddc3",
            "thumb_960_w": 540,
            "thumb_960_h": 960,
            "thumb_1024": "https:\/\/files.slack.com\/files-tmb\/T53A65FDZ-F7J748NTZ-600d520c58\/screenshot_20171012-090623_1024.png?t=xoxe-173346185475-301971345667-302189523445-be5392310f98480a534c383e5d92ddc3",
            "thumb_1024_w": 576,
            "thumb_1024_h": 1024,
            "image_exif_rotation": 1,
            "original_w": 1080,
            "original_h": 1920,
            "permalink": "https:\/\/growthhackingfrance.slack.com\/files\/U57JNRABE\/F7J748NTZ\/screenshot_20171012-090623.png",
            "permalink_public": "https:\/\/slack-files.com\/T53A65FDZ-F7J748NTZ-278594f641",
            "channels": [],
            "groups": [],
            "ims": [],
            "comments_count": 1,
            "initial_comment": {
                "id": "Fc7H4KJZD0",
                "created": 1507792128,
                "timestamp": 1507792128,
                "user": "U57JNRABE",
                "is_intro": true,
                "comment": "Je viens de trouver ça pour toi <@U566P6QCE> \n\nC est en ce moment sur product hunt apparemment tu peux le tester en bêta"
            }
        },
        "user": "U57JNRABE",
        "upload": true,
        "display_as_bot": false,
        "username": "axelgirard",
        "bot_id": null,
        "ts": "1507792132.000091"
    },
    {
        "type": "message",
        "user": "U566P6QCE",
        "text": "Damn. J'aurai appris quelque chose !\nJe vais regarder <@U57JNRABE>, merci !",
        "thread_ts": "1507792837.000321",
        "reply_count": 1,
        "replies": [
            {
                "user": "U57JNRABE",
                "ts": "1507795274.000083"
            }
        ],
        "unread_count": 1,
        "ts": "1507792837.000321"
    },
    {
        "type": "message",
        "user": "U57JNRABE",
        "text": "Welcome !",
        "thread_ts": "1507792837.000321",
        "parent_user_id": "U566P6QCE",
        "ts": "1507795274.000083"
    },
    {
        "type": "message",
        "user": "U61LBKVEF",
        "text": "Quick question: j'ai une liste de noms de domaines. J'aimerais pour chaque contacter le CMO du site. Avez-vous une idée d'un service qui pourrait à partir du nom de domaine me sortir les CMO? Merci !",
        "ts": "1507814115.000258"
    },
    {
        "type": "message",
        "user": "U5C86111D",
        "text": "Linkedin avec la requête :",
        "ts": "1507814190.000241"
    },
    {
        "type": "message",
        "user": "U54NAL317",
        "text": "hunter ou voilanorbert pour récupérer les emails + linkedin pour le nom du CMO",
        "edited": {
            "user": "U54NAL317",
            "ts": "1507814216.000000"
        },
        "thread_ts": "1507814193.000120",
        "reply_count": 3,
        "replies": [
            {
                "user": "U61LBKVEF",
                "ts": "1507822811.000177"
            },
            {
                "user": "U54NAL317",
                "ts": "1507823045.000374"
            },
            {
                "user": "U61LBKVEF",
                "ts": "1507826633.000721"
            }
        ],
        "unread_count": 3,
        "ts": "1507814193.000120"
    },
    {
        "type": "message",
        "user": "U5C86111D",
        "text": "-intitle:\"profiles\" -inurl:\"dir\/\" site:<http:\/\/linkedin.com\/in\/|linkedin.com\/in\/> OR site:<http:\/\/linkedin.com\/pub\/|linkedin.com\/pub\/> \"COMPANY NAME marketing\"",
        "edited": {
            "user": "U5C86111D",
            "ts": "1507814366.000000"
        },
        "thread_ts": "1507814310.000411",
        "reply_count": 15,
        "replies": [
            {
                "user": "U5AV671TK",
                "ts": "1507816411.000441"
            },
            {
                "user": "U57JNRABE",
                "ts": "1507818639.000448"
            },
            {
                "user": "U5AV671TK",
                "ts": "1507819403.000639"
            },
            {
                "user": "U61LBKVEF",
                "ts": "1507822779.000086"
            },
            {
                "user": "U5C86111D",
                "ts": "1507822802.000216"
            },
            {
                "user": "U5C86111D",
                "ts": "1507822867.000176"
            },
            {
                "user": "U5AV671TK",
                "ts": "1507823373.000343"
            },
            {
                "user": "U5C86111D",
                "ts": "1507823395.000120"
            },
            {
                "user": "U61LBKVEF",
                "ts": "1507826587.000549"
            },
            {
                "user": "U61LBKVEF",
                "ts": "1507826604.000363"
            },
            {
                "user": "U54SF0U1Y",
                "ts": "1508061365.000009"
            },
            {
                "user": "U5C86111D",
                "ts": "1508061452.000034"
            },
            {
                "user": "U57DAHPE1",
                "ts": "1508063599.000047"
            },
            {
                "user": "U5C86111D",
                "ts": "1508065893.000059"
            },
            {
                "user": "U54SF0U1Y",
                "ts": "1508067322.000048"
            }
        ],
        "unread_count": 15,
        "ts": "1507814310.000411",
        "reactions": [
            {
                "name": "pray",
                "users": [
                    "U57DAHPE1",
                    "U57U6TBDH",
                    "U5AV671TK"
                ],
                "count": 3
            }
        ]
    },
    {
        "type": "message",
        "user": "U5AV671TK",
        "text": "Mec je t' :heart:",
        "edited": {
            "user": "U5AV671TK",
            "ts": "1507816417.000000"
        },
        "thread_ts": "1507814310.000411",
        "parent_user_id": "U5C86111D",
        "ts": "1507816411.000441"
    },
    {
        "type": "message",
        "user": "U57JNRABE",
        "text": "Vous pouvez donner un exemple les gars s'il vous plait avec un screenshot depuis linkedin ça serait top :slightly_smiling_face:",
        "thread_ts": "1507814310.000411",
        "parent_user_id": "U5C86111D",
        "ts": "1507818639.000448"
    },
    {
        "type": "message",
        "user": "U5AV671TK",
        "text": "tape juste ça dans Google <@U57JNRABE>",
        "edited": {
            "user": "U5AV671TK",
            "ts": "1507819416.000000"
        },
        "thread_ts": "1507814310.000411",
        "parent_user_id": "U5C86111D",
        "ts": "1507819403.000639",
        "reactions": [
            {
                "name": "sweat_smile",
                "users": [
                    "U57JNRABE"
                ],
                "count": 1
            }
        ]
    },
    {
        "type": "message",
        "user": "U61LBKVEF",
        "text": "Merci Robin! Tu as déjà automatisé ce genre de chose?",
        "thread_ts": "1507814310.000411",
        "parent_user_id": "U5C86111D",
        "ts": "1507822779.000086"
    },
    {
        "type": "message",
        "user": "U5C86111D",
        "text": "non mais ça traine dans ma tête",
        "thread_ts": "1507814310.000411",
        "parent_user_id": "U5C86111D",
        "ts": "1507822802.000216",
        "reactions": [
            {
                "name": "+1",
                "users": [
                    "U61LBKVEF"
                ],
                "count": 1
            }
        ]
    },
    {
        "type": "message",
        "user": "U61LBKVEF",
        "text": "Merci <@U54NAL317> je voulais éviter de le faire en manuel, j'ai une liste de 400 boîtes :confused:",
        "thread_ts": "1507814193.000120",
        "parent_user_id": "U54NAL317",
        "ts": "1507822811.000177"
    },
    {
        "type": "message",
        "user": "U5C86111D",
        "text": "Phantombuster &gt; Scrape Google avec cette query &gt; Enregistrer les profiles trouvés &gt; Enrichir le profile avec un scraping de sa page Linkedin &gt; API Monkeylearn pour qualifié &gt; Mail avec MailShake &gt; Boom",
        "thread_ts": "1507814310.000411",
        "parent_user_id": "U5C86111D",
        "ts": "1507822867.000176",
        "reactions": [
            {
                "name": "ok_hand",
                "users": [
                    "U61LBKVEF"
                ],
                "count": 1
            }
        ]
    },
    {
        "type": "message",
        "user": "U54NAL317",
        "text": "<@U545Q0JR1> te montre comment l'automatiser :slightly_smiling_face: <https:\/\/www.youtube.com\/watch?v=HhALH1gNpek>",
        "attachments": [
            {
                "service_name": "YouTube",
                "service_url": "https:\/\/www.youtube.com\/",
                "title": "Hack your Sales! - B2B",
                "title_link": "https:\/\/www.youtube.com\/watch?v=HhALH1gNpek",
                "author_name": "Le Wagon",
                "author_link": "https:\/\/www.youtube.com\/channel\/UChCDYcBCrb8tuPAO6e0P-Hw",
                "thumb_url": "https:\/\/i.ytimg.com\/vi\/HhALH1gNpek\/hqdefault.jpg",
                "thumb_width": 480,
                "thumb_height": 360,
                "fallback": "YouTube Video: Hack your Sales! - B2B",
                "video_html": "<iframe width=\"400\" height=\"225\" src=\"https:\/\/www.youtube.com\/embed\/HhALH1gNpek?feature=oembed&autoplay=1&iv_load_policy=3\" frameborder=\"0\" allowfullscreen><\/iframe>",
                "video_html_width": 400,
                "video_html_height": 225,
                "from_url": "https:\/\/www.youtube.com\/watch?v=HhALH1gNpek",
                "service_icon": "https:\/\/a.slack-edge.com\/2089\/img\/unfurl_icons\/youtube.png",
                "id": 1
            }
        ],
        "thread_ts": "1507814193.000120",
        "parent_user_id": "U54NAL317",
        "ts": "1507823045.000374"
    },
    {
        "type": "message",
        "user": "U5AV671TK",
        "text": "Haha je viens de le faire in-house, sans PhantomBuster =&gt; j'arrive à faire sauter les reCaptchas :ok_hand:",
        "thread_ts": "1507814310.000411",
        "parent_user_id": "U5C86111D",
        "ts": "1507823373.000343"
    },
    {
        "type": "message",
        "user": "U5C86111D",
        "text": "GG",
        "thread_ts": "1507814310.000411",
        "parent_user_id": "U5C86111D",
        "ts": "1507823395.000120"
    },
    {
        "type": "message",
        "user": "U61LBKVEF",
        "text": "Scraping maestros les gars !",
        "thread_ts": "1507814310.000411",
        "parent_user_id": "U5C86111D",
        "ts": "1507826587.000549"
    },
    {
        "type": "message",
        "user": "U61LBKVEF",
        "text": "Faut faire tourner ! Même en payant :wink:",
        "thread_ts": "1507814310.000411",
        "parent_user_id": "U5C86111D",
        "ts": "1507826604.000363"
    },
    {
        "type": "message",
        "user": "U61LBKVEF",
        "text": "Geez, merci Mélanie!",
        "thread_ts": "1507814193.000120",
        "parent_user_id": "U54NAL317",
        "ts": "1507826633.000721"
    }
]