[
    {
        "type": "message",
        "user": "U57DAHPE1",
        "text": "Est-ce que vous utilisez vous aussi cette méthode de Tiered Links pour faire du private Blog Network ?\n<https:\/\/www.youtube.com\/watch?v=KyFsK8bu7g8>",
        "attachments": [
            {
                "service_name": "YouTube",
                "service_url": "https:\/\/www.youtube.com\/",
                "title": "Advanced Tiered Link Building Tutorial Part 1 - Theory",
                "title_link": "https:\/\/www.youtube.com\/watch?v=KyFsK8bu7g8",
                "author_name": "Matthew Woodward",
                "author_link": "https:\/\/www.youtube.com\/user\/MattWoodwardUK",
                "thumb_url": "https:\/\/i.ytimg.com\/vi\/KyFsK8bu7g8\/hqdefault.jpg",
                "thumb_width": 480,
                "thumb_height": 360,
                "fallback": "YouTube Video: Advanced Tiered Link Building Tutorial Part 1 - Theory",
                "video_html": "<iframe width=\"400\" height=\"225\" src=\"https:\/\/www.youtube.com\/embed\/KyFsK8bu7g8?feature=oembed&autoplay=1&iv_load_policy=3\" frameborder=\"0\" allowfullscreen><\/iframe>",
                "video_html_width": 400,
                "video_html_height": 225,
                "from_url": "https:\/\/www.youtube.com\/watch?v=KyFsK8bu7g8",
                "service_icon": "https:\/\/a.slack-edge.com\/2089\/img\/unfurl_icons\/youtube.png",
                "id": 1
            }
        ],
        "ts": "1500058854.760658",
        "reactions": [
            {
                "name": "rocket",
                "users": [
                    "U546L44SJ"
                ],
                "count": 1
            }
        ]
    },
    {
        "type": "message",
        "user": "U5C86111D",
        "text": "yes",
        "ts": "1500059141.904257"
    }
]