[
    {
        "type": "message",
        "user": "U55FFTX6J",
        "text": "Aucun moyen de streamer la conf?",
        "thread_ts": "1511260081.000037",
        "reply_count": 1,
        "replies": [
            {
                "user": "U5519FU87",
                "ts": "1511261905.000122"
            }
        ],
        "unread_count": 1,
        "ts": "1511260081.000037",
        "reactions": [
            {
                "name": "pray",
                "users": [
                    "U5519FU87"
                ],
                "count": 1
            }
        ]
    },
    {
        "type": "message",
        "user": "U5519FU87",
        "text": "Si c'est possible, je suis preneur aussi :grin:",
        "thread_ts": "1511260081.000037",
        "parent_user_id": "U55FFTX6J",
        "ts": "1511261905.000122"
    },
    {
        "type": "message",
        "user": "U57DAHPE1",
        "text": "<@U56U1GC9X> C’est cool pour toi de faire une conf SEO pour trouver des clients. (et j’espère que vous en avez chopé dans la foulée :wink:) Mais silteplait, la prochaine fois évites de dire que le niveau de la conf était avancé. C’était niveau intermédiaire, y’a des gens du Slack qui ont appris des trucs, et d’autres qui ont quasi perdu une matinée. Pas gentil :cry:",
        "ts": "1511294828.000393"
    },
    {
        "type": "message",
        "user": "U5C86111D",
        "text": "vous avez appris quoi ? le seo est mort c'est bon ?",
        "ts": "1511294870.000559",
        "reactions": [
            {
                "name": "smile_cat",
                "users": [
                    "U55FFTX6J"
                ],
                "count": 1
            }
        ]
    },
    {
        "type": "message",
        "user": "U57DAHPE1",
        "text": "Voici les notes actus de la conférence. J’ai coupé après la première partie",
        "edited": {
            "user": "U57DAHPE1",
            "ts": "1511294924.000000"
        },
        "ts": "1511294915.000106"
    },
    {
        "type": "message",
        "subtype": "file_share",
        "text": "<@U57DAHPE1> shared a file: <https:\/\/growthhackingfrance.slack.com\/files\/U57DAHPE1\/F83TXCAVA\/Resume_actus_SEO_recentes|Résumé actus SEO récentes>",
        "file": {
            "id": "F83TXCAVA",
            "created": 1511294941,
            "timestamp": 1511295109,
            "name": "Resume_actus_SEO_recentes",
            "title": "Résumé actus SEO récentes",
            "mimetype": "text\/plain",
            "filetype": "space",
            "pretty_type": "Post",
            "user": "U57DAHPE1",
            "editable": true,
            "size": 3138,
            "mode": "space",
            "is_external": false,
            "external_type": "",
            "is_public": true,
            "public_url_shared": true,
            "display_as_bot": false,
            "username": "",
            "url_private": "https:\/\/files.slack.com\/files-pri\/T53A65FDZ-F83TXCAVA\/Resume_actus_SEO_recentes?t=xoxe-173346185475-301971345667-302189523445-be5392310f98480a534c383e5d92ddc3",
            "url_private_download": "https:\/\/files.slack.com\/files-pri\/T53A65FDZ-F83TXCAVA\/download\/Resume_actus_SEO_recentes?t=xoxe-173346185475-301971345667-302189523445-be5392310f98480a534c383e5d92ddc3",
            "permalink": "https:\/\/growthhackingfrance.slack.com\/files\/U57DAHPE1\/F83TXCAVA\/Resume_actus_SEO_recentes",
            "permalink_public": "https:\/\/slack-files.com\/T53A65FDZ-F83TXCAVA-58416777f4",
            "preview": "<document><ol><li>Actualité SEO<\/li><\/ol><ul><li>HTTP &amp; HTTP 2<\/li><\/ul><p tabbing=\"1\">HTTPS<\/p><p tabbing=\"1\">Sécurité, mention « non sécurisé » dans les navigateurs, ranking signal google. Facteur de référencement. 60% des Urls qui rangent aujourd’hui sont https contre 30% l’an dernier.<\/p><\/document>",
            "updated": 1511295109,
            "editor": "U57DAHPE1",
            "last_editor": "U57DAHPE1",
            "state": "locked",
            "channels": [],
            "groups": [],
            "ims": [],
            "comments_count": 0,
            "reactions": [
                {
                    "name": "+1",
                    "users": [
                        "U541S59L4",
                        "U5519FU87",
                        "U60DUGA9X",
                        "U7TQ5FHT4"
                    ],
                    "count": 4
                }
            ]
        },
        "user": "U57DAHPE1",
        "upload": false,
        "display_as_bot": false,
        "username": "hugoperan",
        "bot_id": null,
        "ts": "1511295118.000382"
    },
    {
        "type": "message",
        "user": "U57DAHPE1",
        "text": "Je m’attendais à un vrai truc sur HTTP 2. Quasi rien. Et le seul truc que j’ai à peu près appris, c’est que le Cloaking c’est quasi-officiel que c’est okay sur Mobile",
        "edited": {
            "user": "U57DAHPE1",
            "ts": "1511295515.000000"
        },
        "ts": "1511295193.000315"
    },
    {
        "type": "message",
        "user": "U57DAHPE1",
        "text": "En partie 2 ils font un audit de site.... rien de neuf",
        "ts": "1511295217.000325"
    },
    {
        "type": "message",
        "user": "U5C86111D",
        "text": "ça va ça va",
        "ts": "1511295239.000648"
    },
    {
        "type": "message",
        "user": "U57DAHPE1",
        "text": "En partie 3, comment bien faire du contenu. Ils ont insisté sur la technique Skyscrapper : vaux mieux faire du très bon contenu à 2000 mots une fois par mois que 1 article de 500 mots \/ semaine",
        "ts": "1511295292.000175"
    },
    {
        "type": "message",
        "user": "U5C86111D",
        "text": "Intéressant sur l'aspect fraicheur",
        "edited": {
            "user": "U5C86111D",
            "ts": "1511295345.000000"
        },
        "ts": "1511295316.000647"
    },
    {
        "type": "message",
        "user": "U57DAHPE1",
        "text": "Et là je suis okay sur le fait de bien insister là dessus parce qu’il y’a encore des clients chez qui je dis de poster des petits articles de 500 mots.",
        "ts": "1511295356.000145"
    },
    {
        "type": "message",
        "user": "U57DAHPE1",
        "text": "Et comment faire un PBN, ou plutôt à quoi ça sert et pourquoi ils vendent leur presta (ce qui est légitime)",
        "ts": "1511295376.000779"
    },
    {
        "type": "message",
        "user": "U57DAHPE1",
        "text": "Pour le truc du 4 petit articles vs un gros gros article. C’est quoi vos habitudes là dessus ?",
        "ts": "1511295484.000386"
    },
    {
        "type": "message",
        "user": "U5C86111D",
        "text": "Pas assez d'expérience là dessus, soon :slightly_smiling_face:",
        "ts": "1511298546.000006"
    },
    {
        "type": "message",
        "user": "U5C86111D",
        "text": "Longueur != Qualité",
        "thread_ts": "1511298563.000044",
        "reply_count": 1,
        "replies": [
            {
                "user": "U57DAHPE1",
                "ts": "1511341424.000284"
            }
        ],
        "unread_count": 1,
        "ts": "1511298563.000044",
        "reactions": [
            {
                "name": "wink",
                "users": [
                    "U54E8FNL9"
                ],
                "count": 1
            }
        ]
    }
]