[
    {
        "type": "message",
        "subtype": "file_share",
        "text": "<@U5C86111D> uploaded a file: <https:\/\/growthhackingfrance.slack.com\/files\/U5C86111D\/F6TH33T40\/image_uploaded_from_ios.jpg|Un peu d'info>",
        "file": {
            "id": "F6TH33T40",
            "created": 1503784241,
            "timestamp": 1503784241,
            "name": "Image uploaded from iOS.jpg",
            "title": "Un peu d'info",
            "mimetype": "image\/jpeg",
            "filetype": "jpg",
            "pretty_type": "JPEG",
            "user": "U5C86111D",
            "editable": false,
            "size": 553254,
            "mode": "hosted",
            "is_external": false,
            "external_type": "",
            "is_public": true,
            "public_url_shared": false,
            "display_as_bot": false,
            "username": "",
            "url_private": "https:\/\/files.slack.com\/files-pri\/T53A65FDZ-F6TH33T40\/image_uploaded_from_ios.jpg?t=xoxe-173346185475-301971345667-302189523445-be5392310f98480a534c383e5d92ddc3",
            "url_private_download": "https:\/\/files.slack.com\/files-pri\/T53A65FDZ-F6TH33T40\/download\/image_uploaded_from_ios.jpg?t=xoxe-173346185475-301971345667-302189523445-be5392310f98480a534c383e5d92ddc3",
            "thumb_64": "https:\/\/files.slack.com\/files-tmb\/T53A65FDZ-F6TH33T40-98d1512ef7\/image_uploaded_from_ios_64.jpg?t=xoxe-173346185475-301971345667-302189523445-be5392310f98480a534c383e5d92ddc3",
            "thumb_80": "https:\/\/files.slack.com\/files-tmb\/T53A65FDZ-F6TH33T40-98d1512ef7\/image_uploaded_from_ios_80.jpg?t=xoxe-173346185475-301971345667-302189523445-be5392310f98480a534c383e5d92ddc3",
            "thumb_360": "https:\/\/files.slack.com\/files-tmb\/T53A65FDZ-F6TH33T40-98d1512ef7\/image_uploaded_from_ios_360.jpg?t=xoxe-173346185475-301971345667-302189523445-be5392310f98480a534c383e5d92ddc3",
            "thumb_360_w": 202,
            "thumb_360_h": 360,
            "thumb_480": "https:\/\/files.slack.com\/files-tmb\/T53A65FDZ-F6TH33T40-98d1512ef7\/image_uploaded_from_ios_480.jpg?t=xoxe-173346185475-301971345667-302189523445-be5392310f98480a534c383e5d92ddc3",
            "thumb_480_w": 270,
            "thumb_480_h": 480,
            "thumb_160": "https:\/\/files.slack.com\/files-tmb\/T53A65FDZ-F6TH33T40-98d1512ef7\/image_uploaded_from_ios_160.jpg?t=xoxe-173346185475-301971345667-302189523445-be5392310f98480a534c383e5d92ddc3",
            "thumb_720": "https:\/\/files.slack.com\/files-tmb\/T53A65FDZ-F6TH33T40-98d1512ef7\/image_uploaded_from_ios_720.jpg?t=xoxe-173346185475-301971345667-302189523445-be5392310f98480a534c383e5d92ddc3",
            "thumb_720_w": 405,
            "thumb_720_h": 720,
            "thumb_800": "https:\/\/files.slack.com\/files-tmb\/T53A65FDZ-F6TH33T40-98d1512ef7\/image_uploaded_from_ios_800.jpg?t=xoxe-173346185475-301971345667-302189523445-be5392310f98480a534c383e5d92ddc3",
            "thumb_800_w": 450,
            "thumb_800_h": 800,
            "thumb_960": "https:\/\/files.slack.com\/files-tmb\/T53A65FDZ-F6TH33T40-98d1512ef7\/image_uploaded_from_ios_960.jpg?t=xoxe-173346185475-301971345667-302189523445-be5392310f98480a534c383e5d92ddc3",
            "thumb_960_w": 540,
            "thumb_960_h": 960,
            "thumb_1024": "https:\/\/files.slack.com\/files-tmb\/T53A65FDZ-F6TH33T40-98d1512ef7\/image_uploaded_from_ios_1024.jpg?t=xoxe-173346185475-301971345667-302189523445-be5392310f98480a534c383e5d92ddc3",
            "thumb_1024_w": 576,
            "thumb_1024_h": 1024,
            "image_exif_rotation": 1,
            "original_w": 750,
            "original_h": 1334,
            "permalink": "https:\/\/growthhackingfrance.slack.com\/files\/U5C86111D\/F6TH33T40\/image_uploaded_from_ios.jpg",
            "permalink_public": "https:\/\/slack-files.com\/T53A65FDZ-F6TH33T40-20228c88ab",
            "channels": [],
            "groups": [],
            "ims": [],
            "comments_count": 1
        },
        "user": "U5C86111D",
        "upload": true,
        "display_as_bot": false,
        "username": "robin",
        "bot_id": null,
        "upload_reply_to": "EEF8EABF-BCB5-4ABE-AE9A-903982DF7C26",
        "ts": "1503784240.000053"
    },
    {
        "type": "message",
        "user": "U546L44SJ",
        "text": "faudrait l’inviter sur le salck !",
        "ts": "1503788609.000054",
        "reactions": [
            {
                "name": "+1",
                "users": [
                    "U5479AJQH",
                    "U61LBKVEF"
                ],
                "count": 2
            }
        ]
    }
]