[
    {
        "type": "message",
        "user": "U57DAHPE1",
        "text": "<@U5C86111D> on est 7. Je pense que 8 \/ 9 euros euros par Mois par personne ça peut le faire. T’es toujours bon ?",
        "thread_ts": "1504007916.000310",
        "parent_user_id": "U5C86111D",
        "ts": "1504516873.000046"
    },
    {
        "type": "message",
        "user": "U5C86111D",
        "text": "ouais mais évitez d'en parler partout",
        "thread_ts": "1504007916.000310",
        "parent_user_id": "U5C86111D",
        "ts": "1504516900.000494"
    },
    {
        "type": "message",
        "user": "U5C86111D",
        "text": "Le dernier cours c'est <http:\/\/www.bootcampseo.net\/wp-content\/uploads\/2017\/08\/audit-ecommerce-part2.jpg>",
        "attachments": [
            {
                "fallback": "1400x980px image",
                "image_url": "http:\/\/www.bootcampseo.net\/wp-content\/uploads\/2017\/08\/audit-ecommerce-part2.jpg",
                "image_width": 1400,
                "image_height": 980,
                "image_bytes": 145487,
                "from_url": "http:\/\/www.bootcampseo.net\/wp-content\/uploads\/2017\/08\/audit-ecommerce-part2.jpg",
                "id": 1
            }
        ],
        "thread_ts": "1504007916.000310",
        "parent_user_id": "U5C86111D",
        "ts": "1504517086.000279"
    },
    {
        "type": "message",
        "user": "U57DAHPE1",
        "text": "Je n’ai posté que dans ce groupe",
        "thread_ts": "1504007916.000310",
        "parent_user_id": "U5C86111D",
        "ts": "1504519150.000333"
    },
    {
        "type": "message",
        "user": "U57DAHPE1",
        "text": "Je m’arrange de mon côté pour t’organiser ça.",
        "thread_ts": "1504007916.000310",
        "parent_user_id": "U5C86111D",
        "ts": "1504519224.000353",
        "reactions": [
            {
                "name": "ok_hand",
                "users": [
                    "U5852MULX",
                    "U5AV671TK"
                ],
                "count": 2
            }
        ]
    },
    {
        "type": "message",
        "user": "U54NAL317",
        "text": "mais est-ce que ces vidéos sont vraiment bien ? Certains du Slack n'étaient pas fans du mec.",
        "thread_ts": "1504007916.000310",
        "parent_user_id": "U5C86111D",
        "ts": "1504522368.000162"
    }
]