[
    {
        "type": "message",
        "user": "U543MU39P",
        "text": "La vidéo de ce logiciel dans mon fil LinkedIn a attiré mon attention. Vous connaissez cette suite d'outils pour le SEO ? <http:\/\/serped.net\/fr\/>",
        "ts": "1509174792.000048"
    },
    {
        "type": "message",
        "user": "U57DAHPE1",
        "text": "<@U543MU39P> Connais pas mais ça à l’air top. Mais je pense que ce sera toujours moins performant que SEMRush ou Majestic",
        "ts": "1509190668.000046"
    },
    {
        "type": "message",
        "user": "U57DAHPE1",
        "text": "Mais si tu testes l’outil ce serait top, je serais prêt à convertir si le jeu en vaut la chandelle",
        "ts": "1509190716.000043"
    },
    {
        "type": "message",
        "user": "U543MU39P",
        "text": "<@U57DAHPE1>: oui mais je pense que les coûts ne sont pas les mêmes non plus entre serped \/ SEMRush \/ Majestic",
        "ts": "1509190731.000104"
    }
]