[
    {
        "user": "U5FJXKLKX",
        "text": "<@U5FJXKLKX> has joined the channel",
        "type": "message",
        "subtype": "channel_join",
        "ts": "1495189302.364318"
    },
    {
        "type": "message",
        "user": "U54NAL317",
        "text": "je souhaiterai partager avec vous mon désespoir du moment. En ce moment plusieurs journalistes rédigent des articles mentionnant notre startup. Mais soit il ne mette pas de liens URLs, soit il mentionne notre chaine Youtube qui est très populaire et pas de liens vers notre site.\nLorsque mes collègues ont leurs contacts, je leur demande de les recontacter pour leur demander d'ajouter un lien URL mais dès que l'article est publié, les journalistes nous donnent plus de nouvelles :confused:\nTous ces backlinks perdus :disappointed:",
        "ts": "1495202907.262253",
        "reactions": [
            {
                "name": "cry",
                "users": [
                    "U53T94L7N",
                    "U54PQ74HF"
                ],
                "count": 2
            }
        ]
    },
    {
        "type": "message",
        "user": "U5C86111D",
        "text": "des BL sur des gros journaux ça peut couter plus de 10k",
        "ts": "1495203159.396778"
    },
    {
        "type": "message",
        "user": "U5C86111D",
        "text": "sur les echo même avec 30k de budget t’as pas de BL",
        "ts": "1495203169.402258"
    },
    {
        "type": "message",
        "user": "U54NAL317",
        "text": "mais là c'est eux qui sont venus à nous",
        "ts": "1495203347.497191"
    },
    {
        "type": "message",
        "user": "U57DAHPE1",
        "text": "Vécus la même chose de nombreuses fois, en fait ça tue la valeur de leurs liens si ils linkent à n’importe qui. Les partenariats avec des gros bloggeurs et des petits sont plus rémunérateurs en SEO.",
        "ts": "1495203846.771936"
    },
    {
        "type": "message",
        "user": "U54NAL317",
        "text": ":disappointed:",
        "ts": "1495203941.825584"
    },
    {
        "type": "message",
        "user": "U57DAHPE1",
        "text": "Mais ils citent ta marque c’est déjà ça...",
        "ts": "1495204001.858790"
    },
    {
        "type": "message",
        "user": "U54NAL317",
        "text": "oui c'est toujours ça en effet.",
        "ts": "1495204010.863504"
    },
    {
        "type": "message",
        "user": "U5C86111D",
        "text": "<@U54NAL317> ici t’as un cours de laurent bourrelly pour des BL en cheval de troie :  <https:\/\/robinherzog.fr\/static\/1.mp4>",
        "ts": "1495204718.269640",
        "reactions": [
            {
                "name": "+1",
                "users": [
                    "U546L44SJ",
                    "U5519FU87",
                    "U57DAHPE1"
                ],
                "count": 3
            }
        ]
    },
    {
        "type": "message",
        "user": "U54NAL317",
        "text": "Merci <@U5C86111D> je vais regarder ce weekend",
        "ts": "1495205162.517032"
    },
    {
        "type": "message",
        "user": "U54E8FNL9",
        "text": "Je confirme, c’est pas terrible... en tout cas dans le monde du ecommerce. J’ai Pixmania qui achetait ma marque (<http:\/\/MissNumerique.com|MissNumerique.com>), ce sont nos clients qui nous ont alerté et qui ont vu d’un très mauvais oeil cette pratique. Bon, on a essayé 2 jours nous aussi et les résultats étaient pourris : les internautes venaient 10 sec sur le site puis se barraient. \n\nMais ca peut être une bonne pratique pour détourner un peu de trafic d’une grosse campagne TV d’un acteur de ton secteur, par exemple, si c’est bien fait (un peu smart, un peu d’humour).",
        "thread_ts": "1493993686.898283",
        "parent_user_id": "U555MT77A",
        "ts": "1495209712.102997"
    }
]