[
    {
        "type": "message",
        "user": "U57DAHPE1",
        "text": "Question idiote, mais c’est quoi votre technique favorite pour trouver des *sites liés à votre sujet* et avec un bon trustflow \/ DA et qui autorise les liens dofollow",
        "ts": "1506602688.000295",
        "reactions": [
            {
                "name": "+1",
                "users": [
                    "U61LBKVEF"
                ],
                "count": 1
            }
        ]
    },
    {
        "type": "message",
        "user": "U57DAHPE1",
        "text": "Je fais des recherches avec les google footprints (trouver du dofollow) + mots clés. Mais cette technique marche de moins en moins, donc je me retrouve à faire du mano à mano pour trouver de bons sites",
        "ts": "1506602746.000243"
    },
    {
        "type": "message",
        "user": "U5C86111D",
        "text": "Payer <http:\/\/soumettre.fr|soumettre.fr> ou SemJuice",
        "thread_ts": "1506602987.000283",
        "reply_count": 12,
        "replies": [
            {
                "user": "U546L44SJ",
                "ts": "1506614220.000035"
            },
            {
                "user": "U54PABTGW",
                "ts": "1507135817.000730"
            },
            {
                "user": "U5C86111D",
                "ts": "1507135877.000537"
            },
            {
                "user": "U5C86111D",
                "ts": "1507135890.000045"
            },
            {
                "user": "U5C86111D",
                "ts": "1507135910.000127"
            },
            {
                "user": "U54PABTGW",
                "ts": "1507135934.000182"
            },
            {
                "user": "U54PABTGW",
                "ts": "1507135947.000384"
            },
            {
                "user": "U5C86111D",
                "ts": "1507135949.000499"
            },
            {
                "user": "U5C86111D",
                "ts": "1507135961.000651"
            },
            {
                "user": "U5C86111D",
                "ts": "1507135964.000480"
            },
            {
                "user": "U54PABTGW",
                "ts": "1507135999.000164"
            },
            {
                "user": "U5C86111D",
                "ts": "1507136028.000160"
            }
        ],
        "unread_count": 12,
        "ts": "1506602987.000283",
        "reactions": [
            {
                "name": "+1",
                "users": [
                    "U57DAHPE1"
                ],
                "count": 1
            }
        ]
    },
    {
        "user": "U560CMYGL",
        "text": "<@U560CMYGL> has joined the channel",
        "type": "message",
        "subtype": "channel_join",
        "ts": "1506603354.000170"
    },
    {
        "type": "message",
        "user": "U546L44SJ",
        "text": "soumets toi :wink:",
        "thread_ts": "1506602987.000283",
        "parent_user_id": "U5C86111D",
        "ts": "1506614220.000035",
        "reactions": [
            {
                "name": "joy",
                "users": [
                    "U542GFW85"
                ],
                "count": 1
            }
        ]
    }
]