[
    {
        "type": "message",
        "user": "U54078XQ8",
        "text": "Partant aussi Merci :slightly_smiling_face:",
        "thread_ts": "1497625264.486107",
        "parent_user_id": "U54PQ74HF",
        "ts": "1498044798.705911"
    },
    {
        "type": "message",
        "user": "U53GAFF8R",
        "text": "Pas de nouvelle, bonne nouvelle <@U5C86111D> ? :slightly_smiling_face:",
        "thread_ts": "1497625264.486107",
        "parent_user_id": "U54PQ74HF",
        "ts": "1498045733.902076"
    },
    {
        "type": "message",
        "user": "U5C86111D",
        "text": "ah pardon j’ai oublié de répondre",
        "thread_ts": "1497625264.486107",
        "parent_user_id": "U54PQ74HF",
        "ts": "1498045745.904756"
    },
    {
        "type": "message",
        "user": "U5C86111D",
        "text": "il accepte que les personne de bootcamp",
        "thread_ts": "1497625264.486107",
        "parent_user_id": "U54PQ74HF",
        "ts": "1498045752.906126",
        "reactions": [
            {
                "name": "disappointed_relieved",
                "users": [
                    "U54PQ74HF"
                ],
                "count": 1
            }
        ]
    },
    {
        "type": "message",
        "user": "U53GAFF8R",
        "text": "ah :disappointed:",
        "thread_ts": "1497625264.486107",
        "parent_user_id": "U54PQ74HF",
        "ts": "1498045766.909031"
    }
]