[
    {
        "user": "U61Q70F3R",
        "text": "<@U61Q70F3R> has joined the channel",
        "type": "message",
        "subtype": "channel_join",
        "ts": "1502278005.275204"
    },
    {
        "user": "U5830GL6A",
        "text": "<@U5830GL6A> has joined the channel",
        "type": "message",
        "subtype": "channel_join",
        "ts": "1502281974.615208"
    },
    {
        "type": "message",
        "user": "U54PABTGW",
        "text": "Connaissez-vous un tools ou un script pour faire de l'inscription en masse sur des annuaires ?",
        "ts": "1502287542.511676"
    },
    {
        "type": "message",
        "user": "U53GAFF8R",
        "text": "<http:\/\/scrapebox.com|scrapebox.com> ?",
        "edited": {
            "user": "U53GAFF8R",
            "ts": "1502290766.000000"
        },
        "ts": "1502290745.630431"
    }
]