[
    {
        "type": "message",
        "user": "U53GAFF8R",
        "text": "*Meta keyword : *\nLa balise meta keyword ne sert plus à rien en SEO ?\nElle n'est pas utile à remplir ?",
        "ts": "1499868676.559343"
    },
    {
        "type": "message",
        "user": "U54NAL317",
        "text": "J'avais lu qu'elle n'était plus prise en compte par Google, mais que cela ne faisait aucun mal de la remplir.\nDonc dans le doute c'était mieux de l'utiliser",
        "ts": "1499868898.697831"
    },
    {
        "type": "message",
        "user": "U53T3FKPD",
        "text": "Non, elle ne sert plus à rien à part peut être à donner des idées de mots clés à ses concurrents :grin:",
        "ts": "1499868932.720469",
        "reactions": [
            {
                "name": "+1",
                "users": [
                    "U54E8FNL9",
                    "U54KSDKCY"
                ],
                "count": 2
            },
            {
                "name": "no_mouth",
                "users": [
                    "U5519FU87"
                ],
                "count": 1
            }
        ]
    },
    {
        "type": "message",
        "user": "U546L44SJ",
        "text": ":hankey: !",
        "ts": "1499869005.766345",
        "reactions": [
            {
                "name": "parrot",
                "users": [
                    "U53T3FKPD",
                    "U54E8FNL9"
                ],
                "count": 2
            }
        ]
    },
    {
        "type": "message",
        "user": "U546L44SJ",
        "text": ":wink:",
        "ts": "1499869007.767727"
    },
    {
        "type": "message",
        "user": "U54KSDKCY",
        "text": "Yep je pensais que ça ne faisait pas de mal pour les autres moteurs (Bing, Yahoo..) mais en fait pas tout. Eux non plus n'en tiennent pas compte. Du coup c'est juste pour les concurrents comme le dit <@U53T3FKPD> :slightly_smiling_face: Après ça peut être rigolo de mettre n'importe quoi pour faire un coucou aux concurrents qui aspirent",
        "ts": "1499869143.852678"
    },
    {
        "type": "message",
        "user": "U5C86111D",
        "text": "Quoi elle sert plus à rien :open_mouth: ??!!",
        "ts": "1499870588.800808"
    },
    {
        "type": "message",
        "user": "U54KSDKCY",
        "text": "<https:\/\/yoast.com\/meta-keywords\/>",
        "attachments": [
            {
                "service_name": "Yoast",
                "title": "Meta keywords: why we don't use them • Yoast",
                "title_link": "https:\/\/yoast.com\/meta-keywords\/",
                "text": "Not sure if you should be using the meta keywords tag? It's not used by the search engines. Read it all here and make your decision!",
                "fallback": "Yoast: Meta keywords: why we don't use them • Yoast",
                "image_url": "https:\/\/yoast-mercury.s3.amazonaws.com\/uploads\/2011\/07\/meta-keywords-FB.jpg",
                "ts": 1495026322,
                "from_url": "https:\/\/yoast.com\/meta-keywords\/",
                "image_width": 478,
                "image_height": 250,
                "image_bytes": 214258,
                "service_icon": "https:\/\/yoast.com\/wp-content\/themes\/yoast-v5\/images\/yoast-logo-icon-120x120.png",
                "id": 1
            }
        ],
        "ts": "1499870875.995794"
    },
    {
        "type": "message",
        "user": "U5C86111D",
        "text": "ahah oui ca fait au moins 7 ans qu’on l’utilise plus",
        "ts": "1499870914.022768",
        "reactions": [
            {
                "name": "+1",
                "users": [
                    "U54E8FNL9"
                ],
                "count": 1
            }
        ]
    },
    {
        "type": "message",
        "user": "U57DAHPE1",
        "text": "Bientôt on va apprendre qu’on pourra plus mettre les mots clés en blanc sur fond blanc pour se cacher de google lol :joy:",
        "thread_ts": "1499871705.567712",
        "reply_count": 4,
        "replies": [
            {
                "user": "U57DAHPE1",
                "ts": "1499871753.601487"
            },
            {
                "user": "U5C86111D",
                "ts": "1499872671.220270"
            },
            {
                "user": "U56A4ULMV",
                "ts": "1499873268.621365"
            },
            {
                "user": "U57DAHPE1",
                "ts": "1499874729.594296"
            }
        ],
        "unread_count": 4,
        "ts": "1499871705.567712",
        "reactions": [
            {
                "name": "joy",
                "users": [
                    "U54E8FNL9",
                    "U5519FU87"
                ],
                "count": 2
            }
        ]
    },
    {
        "type": "message",
        "user": "U57DAHPE1",
        "text": "JE SUIS TRES PREMIER DEGRE : EXPERT SEO CERTIFIES MESSIEH",
        "thread_ts": "1499871705.567712",
        "parent_user_id": "U57DAHPE1",
        "ts": "1499871753.601487"
    },
    {
        "type": "message",
        "user": "U5C86111D",
        "text": "J’ai un secret sur Google : Si tu les appelles au 3680 ils te mettent 1er",
        "thread_ts": "1499871705.567712",
        "parent_user_id": "U57DAHPE1",
        "ts": "1499872671.220270",
        "reactions": [
            {
                "name": "scream",
                "users": [
                    "U57DAHPE1"
                ],
                "count": 1
            }
        ]
    },
    {
        "type": "message",
        "user": "U56A4ULMV",
        "text": "Rire à vos blagues m’inquiète",
        "thread_ts": "1499871705.567712",
        "parent_user_id": "U57DAHPE1",
        "ts": "1499873268.621365",
        "reactions": [
            {
                "name": "heart",
                "users": [
                    "U53T94L7N"
                ],
                "count": 1
            }
        ]
    },
    {
        "type": "message",
        "user": "U54N4URLZ",
        "text": "Plus a rien pas exactement, Elle joue sur ton CTR donc indirectement elle sert a quelques choses pour Google mais si on parle strictement de SEO pur oui tu peux très bien mettre n'importe quoi dedans.",
        "thread_ts": "1499874259.284963",
        "reply_count": 4,
        "replies": [
            {
                "user": "U5519FU87",
                "ts": "1499874553.478672"
            },
            {
                "user": "U54N4URLZ",
                "ts": "1499876525.722432"
            },
            {
                "user": "U5519FU87",
                "ts": "1499876773.866898"
            },
            {
                "user": "U54N4URLZ",
                "ts": "1499877477.280935"
            }
        ],
        "unread_count": 4,
        "ts": "1499874259.284963"
    },
    {
        "type": "message",
        "user": "U5519FU87",
        "text": "jaunejaune: même pour la Meta Keywords ? Pour la Meta Description je suis d'accord, mais je vois pas comment les meta keywords peuvent jouer sur le CTR",
        "thread_ts": "1499874259.284963",
        "parent_user_id": "U54N4URLZ",
        "ts": "1499874553.478672"
    },
    {
        "type": "message",
        "user": "U57DAHPE1",
        "text": "Si tu tapes ton propre nom en Caps lock dans google, il comprend tout de suite que tu es en colère et du patchouli visuel envahi ton écran, +50 d’Xp Palladin !",
        "thread_ts": "1499871705.567712",
        "parent_user_id": "U57DAHPE1",
        "ts": "1499874729.594296"
    },
    {
        "type": "message",
        "user": "U5C86111D",
        "text": "La meta desc clairement, surtout avec le CTR qui grimpe en poids",
        "thread_ts": "1499875659.200502",
        "reply_count": 1,
        "replies": [
            {
                "user": "U5519FU87",
                "ts": "1499875850.315752"
            }
        ],
        "unread_count": 1,
        "ts": "1499875659.200502",
        "reactions": [
            {
                "name": "+1",
                "users": [
                    "U5CQPG96J"
                ],
                "count": 1
            }
        ]
    },
    {
        "type": "message",
        "user": "U5519FU87",
        "text": "robin: yep agreed",
        "thread_ts": "1499875659.200502",
        "parent_user_id": "U5C86111D",
        "ts": "1499875850.315752"
    },
    {
        "type": "message",
        "user": "U54N4URLZ",
        "text": "pardon j'avais mal lu le thread en effet meta desc :slightly_smiling_face:",
        "thread_ts": "1499874259.284963",
        "parent_user_id": "U54N4URLZ",
        "ts": "1499876525.722432"
    },
    {
        "type": "message",
        "user": "U5519FU87",
        "text": ":see_no_evil:",
        "thread_ts": "1499874259.284963",
        "parent_user_id": "U54N4URLZ",
        "ts": "1499876773.866898"
    },
    {
        "type": "message",
        "user": "U54N4URLZ",
        "text": ":upside_down_face:",
        "thread_ts": "1499874259.284963",
        "parent_user_id": "U54N4URLZ",
        "ts": "1499877477.280935"
    },
    {
        "type": "message",
        "user": "U53T94L7N",
        "text": "<@U54KSDKCY> les gars t'ont headshot là. Bon tant que ça reste du troll gentil et constructif ça va haha",
        "ts": "1499879581.504494",
        "reactions": [
            {
                "name": "joy",
                "users": [
                    "U5CQPG96J"
                ],
                "count": 1
            }
        ]
    },
    {
        "type": "message",
        "subtype": "file_share",
        "text": "<@U5CQPG96J> uploaded a file: <https:\/\/growthhackingfrance.slack.com\/files\/U5CQPG96J\/F67TL7U8L\/meta_keyword_en_r__sum__.png|Meta Keyword en résumé.png> and commented: En résumé si un jour on retrouve des traces de cette conversation",
        "file": {
            "id": "F67TL7U8L",
            "created": 1499880394,
            "timestamp": 1499880394,
            "name": "Meta Keyword en résumé.png",
            "title": "Meta Keyword en résumé.png",
            "mimetype": "image\/png",
            "filetype": "png",
            "pretty_type": "PNG",
            "user": "U5CQPG96J",
            "editable": false,
            "size": 57151,
            "mode": "hosted",
            "is_external": false,
            "external_type": "",
            "is_public": true,
            "public_url_shared": false,
            "display_as_bot": false,
            "username": "",
            "url_private": "https:\/\/files.slack.com\/files-pri\/T53A65FDZ-F67TL7U8L\/meta_keyword_en_r__sum__.png?t=xoxe-173346185475-301971345667-302189523445-be5392310f98480a534c383e5d92ddc3",
            "url_private_download": "https:\/\/files.slack.com\/files-pri\/T53A65FDZ-F67TL7U8L\/download\/meta_keyword_en_r__sum__.png?t=xoxe-173346185475-301971345667-302189523445-be5392310f98480a534c383e5d92ddc3",
            "thumb_64": "https:\/\/files.slack.com\/files-tmb\/T53A65FDZ-F67TL7U8L-c9e3b61389\/meta_keyword_en_r__sum___64.png?t=xoxe-173346185475-301971345667-302189523445-be5392310f98480a534c383e5d92ddc3",
            "thumb_80": "https:\/\/files.slack.com\/files-tmb\/T53A65FDZ-F67TL7U8L-c9e3b61389\/meta_keyword_en_r__sum___80.png?t=xoxe-173346185475-301971345667-302189523445-be5392310f98480a534c383e5d92ddc3",
            "thumb_360": "https:\/\/files.slack.com\/files-tmb\/T53A65FDZ-F67TL7U8L-c9e3b61389\/meta_keyword_en_r__sum___360.png?t=xoxe-173346185475-301971345667-302189523445-be5392310f98480a534c383e5d92ddc3",
            "thumb_360_w": 360,
            "thumb_360_h": 269,
            "thumb_480": "https:\/\/files.slack.com\/files-tmb\/T53A65FDZ-F67TL7U8L-c9e3b61389\/meta_keyword_en_r__sum___480.png?t=xoxe-173346185475-301971345667-302189523445-be5392310f98480a534c383e5d92ddc3",
            "thumb_480_w": 480,
            "thumb_480_h": 359,
            "thumb_160": "https:\/\/files.slack.com\/files-tmb\/T53A65FDZ-F67TL7U8L-c9e3b61389\/meta_keyword_en_r__sum___160.png?t=xoxe-173346185475-301971345667-302189523445-be5392310f98480a534c383e5d92ddc3",
            "image_exif_rotation": 1,
            "original_w": 565,
            "original_h": 422,
            "permalink": "https:\/\/growthhackingfrance.slack.com\/files\/U5CQPG96J\/F67TL7U8L\/meta_keyword_en_r__sum__.png",
            "permalink_public": "https:\/\/slack-files.com\/T53A65FDZ-F67TL7U8L-ed2af35413",
            "channels": [],
            "groups": [],
            "ims": [],
            "comments_count": 1,
            "initial_comment": {
                "id": "Fc67V2GP1T",
                "created": 1499880394,
                "timestamp": 1499880394,
                "user": "U5CQPG96J",
                "is_intro": true,
                "comment": "En résumé si un jour on retrouve des traces de cette conversation"
            },
            "reactions": [
                {
                    "name": "smile_cat",
                    "users": [
                        "U55FFTX6J"
                    ],
                    "count": 1
                }
            ]
        },
        "user": "U5CQPG96J",
        "upload": true,
        "display_as_bot": false,
        "username": "armen.ye",
        "bot_id": null,
        "ts": "1499880396.968713"
    },
    {
        "type": "message",
        "user": "U54KSDKCY",
        "text": "Ahah :) C'est pas bien grave j'étais au courant quand même bande de killer :skull_and_crossbones::gun:",
        "ts": "1499881813.788150",
        "reactions": [
            {
                "name": "sunglasses",
                "users": [
                    "U53T94L7N"
                ],
                "count": 1
            }
        ]
    }
]