[
    {
        "user": "U56CGCRS7",
        "text": "<@U56CGCRS7> has joined the channel",
        "type": "message",
        "subtype": "channel_join",
        "ts": "1496050675.881337"
    },
    {
        "type": "message",
        "user": "U56CGCRS7",
        "text": "Salut à tous, quelqu'un aurait sous la main un outil qui combinerait les résultats de volume de recherche google trends et le positionnement ?",
        "ts": "1496064772.488388"
    },
    {
        "type": "message",
        "user": "U546L44SJ",
        "text": "Semrush n’est pas simplement ce que tu veux ? ca affiche le nombre de requêtes mais ce n’est pas google trends...",
        "thread_ts": "1496064944.525058",
        "reply_count": 4,
        "replies": [
            {
                "user": "U56CGCRS7",
                "ts": "1496065237.586423"
            },
            {
                "user": "U56CGCRS7",
                "ts": "1496065265.592392"
            },
            {
                "user": "U546L44SJ",
                "ts": "1496065275.594370"
            },
            {
                "user": "U56CGCRS7",
                "ts": "1496065281.595539"
            }
        ],
        "unread_count": 4,
        "ts": "1496064944.525058"
    },
    {
        "type": "message",
        "user": "U56CGCRS7",
        "text": "benjamin_gabay: Je fais avec ça à l'heure actuelle mais le but est de réduire le nombre d'outils pour simplifier les choses",
        "thread_ts": "1496064944.525058",
        "parent_user_id": "U546L44SJ",
        "ts": "1496065237.586423"
    },
    {
        "text": "Je fais avec ça à l'heure actuelle mais le but est de réduire le nombre d'outils pour simplifier les choses",
        "thread_ts": "1496064944.525058",
        "type": "message",
        "subtype": "thread_broadcast",
        "user": "U56CGCRS7",
        "root": {
            "type": "message",
            "user": "U546L44SJ",
            "text": "Semrush n’est pas simplement ce que tu veux ? ca affiche le nombre de requêtes mais ce n’est pas google trends...",
            "thread_ts": "1496064944.525058",
            "reply_count": 4,
            "replies": [
                {
                    "user": "U56CGCRS7",
                    "ts": "1496065237.586423"
                },
                {
                    "user": "U56CGCRS7",
                    "ts": "1496065265.592392"
                },
                {
                    "user": "U546L44SJ",
                    "ts": "1496065275.594370"
                },
                {
                    "user": "U56CGCRS7",
                    "ts": "1496065281.595539"
                }
            ],
            "unread_count": 4,
            "ts": "1496064944.525058"
        },
        "ts": "1496065265.592392"
    },
    {
        "timestamp": "1496065265592392",
        "is_multiteam": false,
        "slog_is_shared": "0",
        "slog_is_mpdm": "0",
        "slog_is_slackbot_dm": false,
        "slog_is_self_dm": false,
        "is_thread_broadcast": true,
        "plain_text": "Je fais avec ça à l'heure actuelle mais le but est de réduire le nombre d'outils pour simplifier les choses",
        "new_broadcast": true,
        "attachments": [
            {
                "from_url": "https:\/\/growthhackingfrance.slack.com\/archives\/C54JX6R62\/p1496064944525058",
                "fallback": "[May 29th, 2017 6:35 AM] benjamin_gabay: Semrush n’est pas simplement ce que tu veux ? ca affiche le nombre de requêtes mais ce n’est pas google trends...",
                "ts": "1496064944.525058",
                "author_subname": "benjamin_gabay",
                "channel_id": "C54JX6R62",
                "channel_name": "seo",
                "is_msg_unfurl": true,
                "is_thread_root_unfurl": true,
                "text": "Semrush n’est pas simplement ce que tu veux ? ca affiche le nombre de requêtes mais ce n’est pas google trends...",
                "author_name": "Benjamin Gabay",
                "author_link": "https:\/\/growthhackingfrance.slack.com\/team\/benjamin_gabay",
                "author_icon": "https:\/\/avatars.slack-edge.com\/2017-04-26\/175490230567_fcf195e3668d15a43bab_48.jpg",
                "mrkdwn_in": [
                    "text"
                ],
                "id": 1,
                "footer": "2 replies"
            },
            {
                "fallback": "Je fais avec ça à l'heure actuelle mais le but est de réduire le nombre d'outils pour simplifier les choses",
                "author_name": "Larbi Zenine",
                "author_subname": "larbi_z",
                "text": "Je fais avec ça à l'heure actuelle mais le but est de réduire le nombre d'outils pour simplifier les choses",
                "mrkdwn_in": [
                    "text"
                ],
                "author_link": "https:\/\/growthhackingfrance.slack.com\/team\/larbi_z",
                "from_url": "https:\/\/growthhackingfrance.slack.com\/archives\/C54JX6R62\/p1496065265592392?thread_ts=1496064944525058&cid=C54JX6R62",
                "ts": "1496065265.592392",
                "author_icon": "https:\/\/avatars.slack-edge.com\/2017-05-03\/178053278676_8750128ca39f4f41c27d_48.jpg",
                "id": 2
            }
        ],
        "text": "",
        "type": "message",
        "subtype": "reply_broadcast",
        "user": "U56CGCRS7",
        "ts": "1496065265.592411"
    },
    {
        "type": "message",
        "user": "U546L44SJ",
        "text": "Pas plus d’idées :confused: désolé !",
        "thread_ts": "1496064944.525058",
        "parent_user_id": "U546L44SJ",
        "ts": "1496065275.594370"
    },
    {
        "type": "message",
        "user": "U56CGCRS7",
        "text": "no prob",
        "thread_ts": "1496064944.525058",
        "parent_user_id": "U546L44SJ",
        "ts": "1496065281.595539"
    },
    {
        "type": "message",
        "user": "U5C86111D",
        "text": "API SEMRUSH + Google trends",
        "ts": "1496065492.639102",
        "reactions": [
            {
                "name": "+1",
                "users": [
                    "U546L44SJ",
                    "U5479AJQH"
                ],
                "count": 2
            }
        ]
    },
    {
        "type": "message",
        "user": "U56CGCRS7",
        "text": "Sauf que ma direction ne validera pas une solution à 400€\/mois :joy: On va réflechir un peu",
        "thread_ts": "1496065563.654589",
        "reply_count": 3,
        "replies": [
            {
                "user": "U5479AJQH",
                "ts": "1496135728.898385"
            },
            {
                "user": "U56CGCRS7",
                "ts": "1496136669.127426"
            },
            {
                "user": "U5479AJQH",
                "ts": "1496136683.130979"
            }
        ],
        "unread_count": 3,
        "ts": "1496065563.654589"
    },
    {
        "type": "message",
        "user": "U5C86111D",
        "text": "Y a un moment si on veut un truc on paye... surtout en SEO si on veut du bon",
        "ts": "1496065686.680335",
        "reactions": [
            {
                "name": "+1",
                "users": [
                    "U53GAFF8R"
                ],
                "count": 1
            }
        ]
    },
    {
        "type": "message",
        "user": "U57DAHPE1",
        "text": "D’ailleurs ça vous dit pas de faire un groupBuy SEO ici ? On se met à 5-6 pour payer un outil et on se décide pour le calendrier d’achat",
        "ts": "1496065927.730741",
        "reactions": [
            {
                "name": "+1",
                "users": [
                    "U53GAFF8R",
                    "U54KSDKCY"
                ],
                "count": 2
            }
        ]
    },
    {
        "type": "message",
        "user": "U57DAHPE1",
        "text": "Parce qu’entre A href et Semrush + les autres outils, ça commence à être bien reuch",
        "ts": "1496065959.737518"
    },
    {
        "type": "message",
        "user": "U546L44SJ",
        "text": "<@U57DAHPE1> on avait imaginé une solution comme celle la et utiliser lastpass pour partager les accès",
        "thread_ts": "1496065974.740698",
        "reply_count": 3,
        "replies": [
            {
                "user": "U5479AJQH",
                "ts": "1496135758.905798"
            },
            {
                "user": "U546L44SJ",
                "ts": "1496135847.927767"
            },
            {
                "user": "U5479AJQH",
                "ts": "1496136421.066267"
            }
        ],
        "unread_count": 3,
        "ts": "1496065974.740698"
    },
    {
        "type": "message",
        "user": "U5C86111D",
        "text": "le problème c’est que sur semrush tu l’utilises surtout en mode projet",
        "ts": "1496065975.740913"
    },
    {
        "type": "message",
        "user": "U5C86111D",
        "text": "mais why not pour d’autres",
        "ts": "1496065986.743213"
    },
    {
        "type": "message",
        "user": "U57DAHPE1",
        "text": "J’ai vu les techniques où les groupbuy prenaient un browser préparé et utilisaient une ip commune à chaque utilisation de l’outil",
        "ts": "1496066022.750854"
    },
    {
        "type": "message",
        "user": "U55DBLQUV",
        "text": "Meme des livres et docs payantes aussi ?",
        "ts": "1496066030.752606"
    },
    {
        "type": "message",
        "user": "U546L44SJ",
        "text": "mais dur à gérer car il y a souvent des limitations du coup si les gens pompent à fond... les autres peuvent etre dans la merde",
        "ts": "1496066030.752664"
    },
    {
        "type": "message",
        "user": "U57DAHPE1",
        "text": "<@U546L44SJ> c’est clair. A voir quels genre d’outils peuvent se prêter à de l’unlimited en termes de nombres de recherches par mois.",
        "ts": "1496066084.764567"
    },
    {
        "type": "message",
        "user": "U546L44SJ",
        "text": "c’est ca...",
        "ts": "1496066099.767583"
    },
    {
        "type": "message",
        "user": "U546L44SJ",
        "text": "sachant que c’est la foire pour octroyer les droits et gérer les paiments",
        "ts": "1496066109.769880"
    },
    {
        "type": "message",
        "user": "U57DAHPE1",
        "text": "<https:\/\/cdn.meme.am\/cache\/instances\/folder894\/500x\/31483894\/hagrid-i-hagrid-with-you.jpg>",
        "attachments": [
            {
                "fallback": "361x351px image",
                "image_url": "https:\/\/cdn.meme.am\/cache\/instances\/folder894\/500x\/31483894\/hagrid-i-hagrid-with-you.jpg",
                "image_width": 361,
                "image_height": 351,
                "image_bytes": 19667,
                "from_url": "https:\/\/cdn.meme.am\/cache\/instances\/folder894\/500x\/31483894\/hagrid-i-hagrid-with-you.jpg",
                "id": 1
            }
        ],
        "ts": "1496066225.795210"
    },
    {
        "type": "message",
        "user": "U5C86111D",
        "text": "Yooda est à 30€ peut être bien",
        "thread_ts": "1496066401.834409",
        "reply_count": 8,
        "replies": [
            {
                "user": "U5479AJQH",
                "ts": "1496135802.916843"
            },
            {
                "user": "U5479AJQH",
                "ts": "1496135817.920553"
            },
            {
                "user": "U5C86111D",
                "ts": "1496135822.921726"
            },
            {
                "user": "U5C86111D",
                "ts": "1496135838.925499"
            },
            {
                "user": "U5C86111D",
                "ts": "1496135844.927085"
            },
            {
                "user": "U5479AJQH",
                "ts": "1496135866.932286"
            },
            {
                "user": "U5C86111D",
                "ts": "1496135898.940026"
            },
            {
                "user": "U5C86111D",
                "ts": "1496135910.942889"
            }
        ],
        "unread_count": 8,
        "ts": "1496066401.834409"
    },
    {
        "type": "message",
        "user": "U5C86111D",
        "text": "il est pas en mode projet il me semble",
        "ts": "1496066409.837127"
    },
    {
        "type": "message",
        "user": "U5C86111D",
        "text": "Majestic tu peux faire du projet mais pas obligatoire",
        "ts": "1496066428.841983"
    },
    {
        "type": "message",
        "user": "U57DAHPE1",
        "text": "<@U546L44SJ> <@U5C86111D> <@U56CGCRS7> Vous voulez trouver une soluce à ça tout de suite ou on peut parler du groupbuy la semaine pro ?",
        "ts": "1496066924.951617"
    },
    {
        "type": "message",
        "user": "U5C86111D",
        "text": "j’ai pas de besoin immédiat, ma boite paye ce qu’il faut mais parlons en semaine pro :slightly_smiling_face:",
        "ts": "1496066961.959327"
    },
    {
        "type": "message",
        "user": "U546L44SJ",
        "text": "ouai on en parlera :slightly_smiling_face:",
        "ts": "1496067047.977580",
        "reactions": [
            {
                "name": "+1",
                "users": [
                    "U56CGCRS7"
                ],
                "count": 1
            }
        ]
    },
    {
        "type": "message",
        "user": "U57DAHPE1",
        "text": "Yallah !",
        "ts": "1496067052.978661"
    },
    {
        "type": "message",
        "user": "U5J991346",
        "text": "<@U56CGCRS7> Est-ce que tu as essayé Ahrefs?",
        "thread_ts": "1496083235.590164",
        "reply_count": 1,
        "replies": [
            {
                "user": "U54078XQ8",
                "ts": "1496112615.468186"
            }
        ],
        "unread_count": 1,
        "ts": "1496083235.590164"
    },
    {
        "type": "message",
        "user": "U54078XQ8",
        "text": "charlie: cher pour ce qu'il propose...",
        "thread_ts": "1496083235.590164",
        "parent_user_id": "U5J991346",
        "ts": "1496112615.468186",
        "reactions": [
            {
                "name": "+1",
                "users": [
                    "U5479AJQH"
                ],
                "count": 1
            }
        ]
    }
]