[
    {
        "type": "message",
        "user": "U54PABTGW",
        "text": "pour le positionnement monitorank est plutôt pas mal et vraiment pas cher (et ca gère également amazon et leboncoin)",
        "ts": "1496825839.495460"
    },
    {
        "type": "message",
        "user": "U54QL7C5D",
        "text": "hello à tous, est ce que les landing pages doivent-elles etre en noindex ou que dans certains cas quand le contenu est tres pauvre?",
        "thread_ts": "1496827914.037370",
        "reply_count": 2,
        "replies": [
            {
                "user": "U54078XQ8",
                "ts": "1496980706.170910"
            },
            {
                "user": "U54QL7C5D",
                "ts": "1496996600.478445"
            }
        ],
        "unread_count": 2,
        "ts": "1496827914.037370"
    },
    {
        "type": "message",
        "user": "U54QL7C5D",
        "text": "genre cette page : <https:\/\/edukys.com\/cms\/pages\/landing\/etudiants\/emprunter>",
        "attachments": [
            {
                "service_name": "edukys.com",
                "title": "Edukys - Plateforme de crowdlending dédiée aux prêts étudiants",
                "title_link": "https:\/\/edukys.com\/cms\/pages\/landing\/etudiants\/emprunter",
                "text": "Crowdlending pour prêts étudiants : financer des étudiants à fort potentiel \/ Obtenez un prêt pour financer vos études",
                "fallback": "edukys.com: Edukys - Plateforme de crowdlending dédiée aux prêts étudiants",
                "from_url": "https:\/\/edukys.com\/cms\/pages\/landing\/etudiants\/emprunter",
                "id": 1
            }
        ],
        "ts": "1496828035.068363"
    }
]