[
    {
        "type": "message",
        "user": "U54KSDKCY",
        "text": "Hello :slightly_smiling_face: Je cherche un outil pour suivre le ranking de mes sites sur des mots clés... J'utilisais un app qui marche plus aujourd'hui. Si quelqu'un a des outils dans sa caisse? Agréable journée à vous !",
        "ts": "1495464747.866547"
    },
    {
        "type": "message",
        "user": "U5C86111D",
        "text": "myposeo",
        "ts": "1495464872.938087",
        "reactions": [
            {
                "name": "face_with_rolling_eyes",
                "users": [
                    "U54KSDKCY"
                ],
                "count": 1
            }
        ]
    },
    {
        "type": "message",
        "user": "U54KSDKCY",
        "text": "*Edit : Gratuit ! Pardon ..",
        "thread_ts": "1495464955.986939",
        "reply_count": 13,
        "replies": [
            {
                "user": "U541S59L4",
                "ts": "1495465062.050154"
            },
            {
                "user": "U54KSDKCY",
                "ts": "1495465198.128865"
            },
            {
                "user": "U5519FU87",
                "ts": "1495469130.466254"
            },
            {
                "user": "U541S59L4",
                "ts": "1495470393.152660"
            },
            {
                "user": "U54KSDKCY",
                "ts": "1495472760.361397"
            },
            {
                "user": "U54C5S7V2",
                "ts": "1495475324.603214"
            },
            {
                "user": "U54KSDKCY",
                "ts": "1495476814.350187"
            },
            {
                "user": "U54KSDKCY",
                "ts": "1495543645.473934"
            },
            {
                "user": "U5519FU87",
                "ts": "1495555013.007897"
            },
            {
                "user": "U54KSDKCY",
                "ts": "1495565485.836745"
            },
            {
                "user": "U54C5S7V2",
                "ts": "1495612149.719861"
            },
            {
                "user": "U54KSDKCY",
                "ts": "1495627874.929609"
            },
            {
                "user": "U54KSDKCY",
                "ts": "1495627897.937038"
            }
        ],
        "unread_count": 13,
        "ts": "1495464955.986939"
    },
    {
        "type": "message",
        "user": "U541S59L4",
        "text": "julien-s: Hello, my positeo te permet de faire un suivi gratuitement mais tu ne peux pas industrialiser le process. C’est déjà un début :slightly_smiling_face:",
        "thread_ts": "1495464955.986939",
        "parent_user_id": "U54KSDKCY",
        "ts": "1495465062.050154"
    },
    {
        "type": "message",
        "user": "U54KSDKCY",
        "text": "Celui ci? <https:\/\/www.positeo.com\/check-position\/>\n\nOui voila en Free ça va être compliqué .. \n\nSur mobile j'avais une App qui était sympa (SERPmojo) en Free, elle me trouvait le rank sur Google, Bing et Yahoo. Sites et mots clés illimités. Le problèmes c'est que ça nécessite de garder l'écran allumé ... Et que l'app met désormais 1\/2 journée pour MAJ aha",
        "thread_ts": "1495464955.986939",
        "parent_user_id": "U54KSDKCY",
        "ts": "1495465198.128865"
    },
    {
        "type": "message",
        "user": "U5519FU87",
        "text": "t'as essayé <https:\/\/www.serplab.co.uk\/> ?",
        "attachments": [
            {
                "title": "Free SERP checker - google ranking check | serplab.co.uk",
                "title_link": "https:\/\/www.serplab.co.uk\/",
                "text": "Free SERP check, track and monitor your search engine keyword ranking quickly and accurately",
                "fallback": "Free SERP checker - google ranking check | serplab.co.uk",
                "from_url": "https:\/\/www.serplab.co.uk\/",
                "service_icon": "https:\/\/www.serplab.co.uk\/apple-touch-icon.png",
                "service_name": "serplab.co.uk",
                "id": 1
            }
        ],
        "thread_ts": "1495464955.986939",
        "parent_user_id": "U54KSDKCY",
        "ts": "1495469130.466254"
    },
    {
        "type": "message",
        "user": "U541S59L4",
        "text": "Je connaissais pas mais en tout cas cela viens de prendre la place de positeo dans mon coeur :slightly_smiling_face:",
        "thread_ts": "1495464955.986939",
        "parent_user_id": "U54KSDKCY",
        "ts": "1495470393.152660"
    },
    {
        "type": "message",
        "user": "U54KSDKCY",
        "text": "Je teste ça des demain ! Merci pour vos retours :D",
        "thread_ts": "1495464955.986939",
        "parent_user_id": "U54KSDKCY",
        "ts": "1495472760.361397"
    },
    {
        "type": "message",
        "user": "U54C5S7V2",
        "text": "<http:\/\/smallseotools.com\/keyword-position\/>",
        "attachments": [
            {
                "title": "keyword position checker to check keyword position in search engines",
                "title_link": "http:\/\/smallseotools.com\/keyword-position\/",
                "text": "Use our free keyword rank checker tool to track keywords position for website. Enter Keywords and Url and see keyword ranking report instantly.",
                "fallback": "keyword position checker to check keyword position in search engines",
                "from_url": "http:\/\/smallseotools.com\/keyword-position\/",
                "service_icon": "http:\/\/smallseotools.com\/imgs\/favicon.png",
                "service_name": "smallseotools.com",
                "id": 1
            }
        ],
        "thread_ts": "1495464955.986939",
        "parent_user_id": "U54KSDKCY",
        "ts": "1495475324.603214"
    },
    {
        "type": "message",
        "user": "U54KSDKCY",
        "text": "Merci je regarderai cela :slightly_smiling_face:",
        "thread_ts": "1495464955.986939",
        "parent_user_id": "U54KSDKCY",
        "ts": "1495476814.350187"
    }
]