[
    {
        "type": "message",
        "user": "U546L44SJ",
        "text": "<https:\/\/www.vous-etes-au-top.com\/blog\/reseaux-sociaux\/twitter\/impact-referencement.html>",
        "attachments": [
            {
                "service_name": "Agence CSV",
                "title": "5 études prouvant l'impact de Twitter sur votre référencement",
                "title_link": "https:\/\/www.vous-etes-au-top.com\/blog\/reseaux-sociaux\/twitter\/impact-referencement.html",
                "text": "A travers 5 petites études menées par notre expert SEO, nous sommes parvenus à vous prouver que Twitter a bel et bien un impact sur votre référencement.",
                "fallback": "Agence CSV: 5 études prouvant l'impact de Twitter sur votre référencement",
                "thumb_url": "https:\/\/www.vous-etes-au-top.com\/wp-content\/uploads\/2011\/06\/Limpact-de-twitter-sur-le-SEO.png",
                "ts": 1309105731,
                "from_url": "https:\/\/www.vous-etes-au-top.com\/blog\/reseaux-sociaux\/twitter\/impact-referencement.html",
                "thumb_width": 300,
                "thumb_height": 300,
                "service_icon": "https:\/\/www.vous-etes-au-top.com\/wp-content\/uploads\/2017\/04\/favico.png",
                "id": 1
            }
        ],
        "ts": "1500549025.564122",
        "reactions": [
            {
                "name": "ok_hand",
                "users": [
                    "U54KSDKCY"
                ],
                "count": 1
            }
        ]
    }
]