[
    {
        "type": "message",
        "subtype": "file_comment",
        "text": "<@U61LBKVEF> commented on <@U5C86111D>’s file <https:\/\/growthhackingfrance.slack.com\/files\/U5C86111D\/F6TH33T40\/image_uploaded_from_ios.jpg|Un peu d'info>: <@U5C86111D> c'est quoi ce Slack? :stuck_out_tongue:",
        "file": {
            "id": "F6TH33T40",
            "created": 1503784241,
            "timestamp": 1503784241,
            "name": "Image uploaded from iOS.jpg",
            "title": "Un peu d'info",
            "mimetype": "image\/jpeg",
            "filetype": "jpg",
            "pretty_type": "JPEG",
            "user": "U5C86111D",
            "editable": false,
            "size": 553254,
            "mode": "hosted",
            "is_external": false,
            "external_type": "",
            "is_public": true,
            "public_url_shared": false,
            "display_as_bot": false,
            "username": "",
            "url_private": "https:\/\/files.slack.com\/files-pri\/T53A65FDZ-F6TH33T40\/image_uploaded_from_ios.jpg?t=xoxe-173346185475-301971345667-302189523445-be5392310f98480a534c383e5d92ddc3",
            "url_private_download": "https:\/\/files.slack.com\/files-pri\/T53A65FDZ-F6TH33T40\/download\/image_uploaded_from_ios.jpg?t=xoxe-173346185475-301971345667-302189523445-be5392310f98480a534c383e5d92ddc3",
            "thumb_64": "https:\/\/files.slack.com\/files-tmb\/T53A65FDZ-F6TH33T40-98d1512ef7\/image_uploaded_from_ios_64.jpg?t=xoxe-173346185475-301971345667-302189523445-be5392310f98480a534c383e5d92ddc3",
            "thumb_80": "https:\/\/files.slack.com\/files-tmb\/T53A65FDZ-F6TH33T40-98d1512ef7\/image_uploaded_from_ios_80.jpg?t=xoxe-173346185475-301971345667-302189523445-be5392310f98480a534c383e5d92ddc3",
            "thumb_360": "https:\/\/files.slack.com\/files-tmb\/T53A65FDZ-F6TH33T40-98d1512ef7\/image_uploaded_from_ios_360.jpg?t=xoxe-173346185475-301971345667-302189523445-be5392310f98480a534c383e5d92ddc3",
            "thumb_360_w": 202,
            "thumb_360_h": 360,
            "thumb_480": "https:\/\/files.slack.com\/files-tmb\/T53A65FDZ-F6TH33T40-98d1512ef7\/image_uploaded_from_ios_480.jpg?t=xoxe-173346185475-301971345667-302189523445-be5392310f98480a534c383e5d92ddc3",
            "thumb_480_w": 270,
            "thumb_480_h": 480,
            "thumb_160": "https:\/\/files.slack.com\/files-tmb\/T53A65FDZ-F6TH33T40-98d1512ef7\/image_uploaded_from_ios_160.jpg?t=xoxe-173346185475-301971345667-302189523445-be5392310f98480a534c383e5d92ddc3",
            "thumb_720": "https:\/\/files.slack.com\/files-tmb\/T53A65FDZ-F6TH33T40-98d1512ef7\/image_uploaded_from_ios_720.jpg?t=xoxe-173346185475-301971345667-302189523445-be5392310f98480a534c383e5d92ddc3",
            "thumb_720_w": 405,
            "thumb_720_h": 720,
            "thumb_800": "https:\/\/files.slack.com\/files-tmb\/T53A65FDZ-F6TH33T40-98d1512ef7\/image_uploaded_from_ios_800.jpg?t=xoxe-173346185475-301971345667-302189523445-be5392310f98480a534c383e5d92ddc3",
            "thumb_800_w": 450,
            "thumb_800_h": 800,
            "thumb_960": "https:\/\/files.slack.com\/files-tmb\/T53A65FDZ-F6TH33T40-98d1512ef7\/image_uploaded_from_ios_960.jpg?t=xoxe-173346185475-301971345667-302189523445-be5392310f98480a534c383e5d92ddc3",
            "thumb_960_w": 540,
            "thumb_960_h": 960,
            "thumb_1024": "https:\/\/files.slack.com\/files-tmb\/T53A65FDZ-F6TH33T40-98d1512ef7\/image_uploaded_from_ios_1024.jpg?t=xoxe-173346185475-301971345667-302189523445-be5392310f98480a534c383e5d92ddc3",
            "thumb_1024_w": 576,
            "thumb_1024_h": 1024,
            "image_exif_rotation": 1,
            "original_w": 750,
            "original_h": 1334,
            "permalink": "https:\/\/growthhackingfrance.slack.com\/files\/U5C86111D\/F6TH33T40\/image_uploaded_from_ios.jpg",
            "permalink_public": "https:\/\/slack-files.com\/T53A65FDZ-F6TH33T40-20228c88ab",
            "channels": [],
            "groups": [],
            "ims": [],
            "comments_count": 1
        },
        "comment": {
            "id": "Fc6V293L4S",
            "created": 1503993744,
            "timestamp": 1503993744,
            "user": "U61LBKVEF",
            "is_intro": false,
            "comment": "<@U5C86111D> c'est quoi ce Slack? :stuck_out_tongue:"
        },
        "is_intro": false,
        "ts": "1503993743.000450"
    },
    {
        "type": "message",
        "user": "U5C86111D",
        "text": "Le slack viens d'ici =&gt; <http:\/\/www.bootcampseo.net\/>",
        "ts": "1503997024.000367"
    },
    {
        "type": "message",
        "user": "U5C86111D",
        "text": "il faut être inscrit",
        "ts": "1503997030.000141"
    },
    {
        "type": "message",
        "user": "U61LBKVEF",
        "text": "Merci!",
        "ts": "1503998161.000216"
    },
    {
        "type": "message",
        "user": "U5C86111D",
        "text": "c'est fermé mais c'est environs 100€ \/ mois",
        "ts": "1504001683.000006",
        "reactions": [
            {
                "name": "+1",
                "users": [
                    "U61LBKVEF"
                ],
                "count": 1
            }
        ]
    },
    {
        "type": "message",
        "user": "U57DAHPE1",
        "text": "<@U5C86111D> <@U61LBKVEF> Ca vous dit de prendre un abo en commun, pour enregistrer ses vidéos et d’avoir accès à son slack.",
        "ts": "1504007143.000208"
    },
    {
        "type": "message",
        "user": "U57DAHPE1",
        "text": "Après je connais un peu le monsieur, même si c’est un roi du SEO, est-ce qu’il ne se repose pas un peu sur ses lauriers et te revends le cocon sémantique sauce 2017 ?",
        "edited": {
            "user": "U57DAHPE1",
            "ts": "1504007235.000000"
        },
        "thread_ts": "1504007211.000245",
        "reply_count": 1,
        "replies": [
            {
                "user": "U62V7G8J1",
                "ts": "1504286197.000211"
            }
        ],
        "unread_count": 1,
        "ts": "1504007211.000245"
    },
    {
        "type": "message",
        "user": "U54C5S7V2",
        "text": "je suis preneur des vidéos, j'avais tout suivi en 2014\/2015 de sa formation, ca a du evoluer quand meme.",
        "ts": "1504007864.000189"
    },
    {
        "type": "message",
        "user": "U54C5S7V2",
        "text": "pas donné l'accès à sa commumnauté par contre",
        "ts": "1504007901.000062"
    },
    {
        "type": "message",
        "user": "U5852MULX",
        "text": "Ouais je suis chaud aussi :slightly_smiling_face:",
        "ts": "1504007904.000346"
    },
    {
        "type": "message",
        "user": "U5C86111D",
        "text": "enfin donner, vous vous mettez à plusieurs car c'est quand même un cout pour moi",
        "thread_ts": "1504007916.000310",
        "reply_count": 46,
        "replies": [
            {
                "user": "U5852MULX",
                "ts": "1504008074.000058"
            },
            {
                "user": "U54PQ74HF",
                "ts": "1504008617.000083"
            },
            {
                "user": "U5852MULX",
                "ts": "1504008689.000227"
            },
            {
                "user": "U54NAL317",
                "ts": "1504009363.000290"
            },
            {
                "user": "U57DAHPE1",
                "ts": "1504014553.000322"
            },
            {
                "user": "U57DAHPE1",
                "ts": "1504014591.000620"
            },
            {
                "user": "U57DAHPE1",
                "ts": "1504014636.000055"
            },
            {
                "user": "U5C86111D",
                "ts": "1504014656.000151"
            },
            {
                "user": "U5C86111D",
                "ts": "1504014663.000516"
            },
            {
                "user": "U57DAHPE1",
                "ts": "1504014693.000296"
            },
            {
                "user": "U5C86111D",
                "ts": "1504014715.000338"
            },
            {
                "user": "U57DAHPE1",
                "ts": "1504014751.000076"
            },
            {
                "user": "U57DAHPE1",
                "ts": "1504014818.000017"
            },
            {
                "user": "U57DAHPE1",
                "ts": "1504014839.000388"
            },
            {
                "user": "U5AV671TK",
                "ts": "1504024015.000120"
            },
            {
                "user": "U54C5S7V2",
                "ts": "1504024568.000185"
            },
            {
                "user": "U54C5S7V2",
                "ts": "1504024637.000302"
            },
            {
                "user": "U5C86111D",
                "ts": "1504024677.000657"
            },
            {
                "user": "U5C86111D",
                "ts": "1504024789.000656"
            },
            {
                "user": "U541S59L4",
                "ts": "1504165792.000058"
            },
            {
                "user": "U5C86111D",
                "ts": "1504165808.000219"
            },
            {
                "user": "U5C86111D",
                "ts": "1504165813.000043"
            },
            {
                "user": "U541S59L4",
                "ts": "1504165968.000279"
            },
            {
                "user": "U57DAHPE1",
                "ts": "1504170304.000284"
            },
            {
                "user": "U541S59L4",
                "ts": "1504170390.000340"
            },
            {
                "user": "U5AV671TK",
                "ts": "1504183987.000248"
            },
            {
                "user": "U57DAHPE1",
                "ts": "1504185426.000274"
            },
            {
                "user": "U546L44SJ",
                "ts": "1504188267.000701"
            },
            {
                "user": "U55FFTX6J",
                "ts": "1504233926.000070"
            },
            {
                "user": "U57DAHPE1",
                "ts": "1504245514.000050"
            },
            {
                "user": "U55FFTX6J",
                "ts": "1504245910.000089"
            },
            {
                "user": "U57DAHPE1",
                "ts": "1504516873.000046"
            },
            {
                "user": "U5C86111D",
                "ts": "1504516900.000494"
            },
            {
                "user": "U5C86111D",
                "ts": "1504517086.000279"
            },
            {
                "user": "U57DAHPE1",
                "ts": "1504519150.000333"
            },
            {
                "user": "U57DAHPE1",
                "ts": "1504519224.000353"
            },
            {
                "user": "U54NAL317",
                "ts": "1504522368.000162"
            },
            {
                "user": "U57DAHPE1",
                "ts": "1504600096.000432"
            },
            {
                "user": "U54NAL317",
                "ts": "1504600160.000029"
            },
            {
                "user": "U54PQ74HF",
                "ts": "1504600226.000311"
            },
            {
                "user": "U5C86111D",
                "ts": "1504600239.000453"
            },
            {
                "user": "U57DAHPE1",
                "ts": "1504600448.000333"
            },
            {
                "user": "U54NAL317",
                "ts": "1504600568.000050"
            },
            {
                "user": "U5AV671TK",
                "ts": "1504600919.000135"
            },
            {
                "user": "U5852MULX",
                "ts": "1504601271.000028"
            },
            {
                "user": "U57DAHPE1",
                "ts": "1504601283.000056"
            }
        ],
        "unread_count": 46,
        "ts": "1504007916.000310"
    },
    {
        "type": "message",
        "user": "U5852MULX",
        "text": "Si plusieurs gars sont chaud pour faire un achat groupé, moi ça me va :slightly_smiling_face:",
        "thread_ts": "1504007916.000310",
        "parent_user_id": "U5C86111D",
        "ts": "1504008074.000058"
    },
    {
        "type": "message",
        "user": "U54PQ74HF",
        "text": "partant aussi! Merci de proposer le partage en tout cas, c'est cool",
        "edited": {
            "user": "U54PQ74HF",
            "ts": "1504008634.000000"
        },
        "thread_ts": "1504007916.000310",
        "parent_user_id": "U5C86111D",
        "ts": "1504008617.000083"
    },
    {
        "type": "message",
        "user": "U5852MULX",
        "text": "<@U54C5S7V2> ? <@U57DAHPE1> ?",
        "thread_ts": "1504007916.000310",
        "parent_user_id": "U5C86111D",
        "ts": "1504008689.000227"
    },
    {
        "type": "message",
        "user": "U54NAL317",
        "text": "pareil partante si ça vaut le coup et en groupé",
        "thread_ts": "1504007916.000310",
        "parent_user_id": "U5C86111D",
        "ts": "1504009363.000290"
    },
    {
        "type": "message",
        "user": "U5635E9JN",
        "text": "ca pourrait m’interesser mais je n’ai pas tout suivie... ce sont des videos SEO d’un expert, qui ne sont plus trouvables aujourd’hui on qu’on propose de racheter c’ets bien cela ? :slightly_smiling_face:",
        "thread_ts": "1504009491.000017",
        "reply_count": 1,
        "replies": [
            {
                "user": "U54NAL317",
                "ts": "1504013125.000150"
            }
        ],
        "unread_count": 1,
        "ts": "1504009491.000017"
    },
    {
        "type": "message",
        "user": "U54NAL317",
        "text": "oui",
        "thread_ts": "1504009491.000017",
        "parent_user_id": "U5635E9JN",
        "ts": "1504013125.000150"
    },
    {
        "type": "message",
        "user": "U57DAHPE1",
        "text": "PARTANT ! PARTANT !",
        "thread_ts": "1504007916.000310",
        "parent_user_id": "U5C86111D",
        "ts": "1504014553.000322"
    },
    {
        "type": "message",
        "user": "U57DAHPE1",
        "text": "4-5 personnes déjà. Allez à 6 je fais une cagnotte Leetchi",
        "thread_ts": "1504007916.000310",
        "parent_user_id": "U5C86111D",
        "ts": "1504014591.000620"
    },
    {
        "type": "message",
        "user": "U57DAHPE1",
        "text": "15 balles par personne, ça devrait le faire",
        "thread_ts": "1504007916.000310",
        "parent_user_id": "U5C86111D",
        "ts": "1504014636.000055"
    },
    {
        "type": "message",
        "user": "U5C86111D",
        "text": "de mon côté je m'engage à vous donner les vidéo tout les mois (4) et de vôtre côté vous payer tout les mois",
        "thread_ts": "1504007916.000310",
        "parent_user_id": "U5C86111D",
        "ts": "1504014656.000151"
    },
    {
        "type": "message",
        "user": "U5C86111D",
        "text": "+ vidéo que j'ai déjà",
        "thread_ts": "1504007916.000310",
        "parent_user_id": "U5C86111D",
        "ts": "1504014663.000516"
    },
    {
        "type": "message",
        "user": "U57DAHPE1",
        "text": "Ah 15 balles \/ mois ? Moi je pensais en one shot quoi.",
        "thread_ts": "1504007916.000310",
        "parent_user_id": "U5C86111D",
        "ts": "1504014693.000296"
    },
    {
        "type": "message",
        "user": "U5C86111D",
        "text": "je paye 100€ par mois hein :smile:",
        "thread_ts": "1504007916.000310",
        "parent_user_id": "U5C86111D",
        "ts": "1504014715.000338"
    },
    {
        "type": "message",
        "user": "U57DAHPE1",
        "text": "Mais tu t’attendais pas à pouvoir les revendre, donc c’est un gain au final:wink: :joy:",
        "thread_ts": "1504007916.000310",
        "parent_user_id": "U5C86111D",
        "ts": "1504014751.000076"
    },
    {
        "type": "message",
        "user": "U57DAHPE1",
        "text": "Hum faut qu’on négocie un peu le truc là. J’ai pas franchement envie de prendre un abo en + pour 15\/ mois.",
        "thread_ts": "1504007916.000310",
        "parent_user_id": "U5C86111D",
        "ts": "1504014818.000017"
    },
    {
        "type": "message",
        "user": "U57DAHPE1",
        "text": "Sauf si on trouve encore 4-5 personnes. Ca sera jouable là",
        "thread_ts": "1504007916.000310",
        "parent_user_id": "U5C86111D",
        "ts": "1504014839.000388"
    },
    {
        "type": "message",
        "user": "U5AV671TK",
        "text": "Je suis chaud, une personne de plus :stuck_out_tongue:",
        "thread_ts": "1504007916.000310",
        "parent_user_id": "U5C86111D",
        "ts": "1504024015.000120"
    },
    {
        "type": "message",
        "user": "U54C5S7V2",
        "text": "lol c'est passé de \"je vous file les video\" à \"payer 15e\/mois\" sorry les mecs je passe :sweat_smile:",
        "thread_ts": "1504007916.000310",
        "parent_user_id": "U5C86111D",
        "ts": "1504024568.000185"
    },
    {
        "type": "message",
        "user": "U54C5S7V2",
        "text": "meme si je doute pas de la valeur du truc, mais jai deja fait toutes ses videos c'est cool mais rien de fou non plus. Pas prêt à payer 15€ pour écouter un gars imbus de lui meme",
        "thread_ts": "1504007916.000310",
        "parent_user_id": "U5C86111D",
        "ts": "1504024637.000302"
    },
    {
        "type": "message",
        "user": "U5C86111D",
        "text": "je m'étais mal exprimé au déubt yes",
        "thread_ts": "1504007916.000310",
        "parent_user_id": "U5C86111D",
        "ts": "1504024677.000657"
    },
    {
        "type": "message",
        "user": "U5C86111D",
        "text": "en tout cas j'ai appris un max de truc",
        "thread_ts": "1504007916.000310",
        "parent_user_id": "U5C86111D",
        "ts": "1504024789.000656"
    }
]