[
    {
        "type": "message",
        "user": "U54C5S7V2",
        "text": "Des personnes pour faire de l'échange de lien ici? Ou même en offrir :gift: (qui ne tente rien n'a rien :innocent:)? Ou vente?",
        "thread_ts": "1502721279.626085",
        "reply_count": 7,
        "replies": [
            {
                "user": "U53GAFF8R",
                "ts": "1502730745.230794"
            },
            {
                "user": "U54C5S7V2",
                "ts": "1502784759.000089"
            },
            {
                "user": "U54C5S7V2",
                "ts": "1502784812.000181"
            },
            {
                "user": "U53GAFF8R",
                "ts": "1502806583.000029"
            },
            {
                "user": "U54C5S7V2",
                "ts": "1502807030.000013"
            },
            {
                "user": "U54C5S7V2",
                "ts": "1502807096.000064"
            },
            {
                "user": "U53GAFF8R",
                "ts": "1502820130.000139"
            }
        ],
        "unread_count": 7,
        "ts": "1502721279.626085"
    },
    {
        "type": "message",
        "user": "U53GAFF8R",
        "text": "Quelle thématique, site ?\nCela fonctionne encore l'échange de lien en SEO ?",
        "edited": {
            "user": "U53GAFF8R",
            "ts": "1502730766.000000"
        },
        "thread_ts": "1502721279.626085",
        "parent_user_id": "U54C5S7V2",
        "ts": "1502730745.230794"
    }
]