[
    {
        "type": "message",
        "user": "U61LBKVEF",
        "text": "Merci <@U57DAHPE1> . Si je comprends bien, l'idée c'est pas de choper un lien en dofollow, mais d'apparaître dans le box Google Local?",
        "thread_ts": "1504882343.000715",
        "parent_user_id": "U61LBKVEF",
        "ts": "1505030000.000005"
    },
    {
        "type": "message",
        "user": "U61LBKVEF",
        "text": "Les liens des pages Google My Business ils sont bien en no-follow d'ailleurs non?",
        "thread_ts": "1504882343.000715",
        "parent_user_id": "U61LBKVEF",
        "ts": "1505030018.000064"
    },
    {
        "type": "message",
        "user": "U61LBKVEF",
        "text": "Ta réelle astuce reviendrait donc à réussir à choper des vraies adresses et récupérer les codes, c'est bien ça?",
        "thread_ts": "1504882343.000715",
        "parent_user_id": "U61LBKVEF",
        "ts": "1505030051.000031"
    },
    {
        "type": "message",
        "user": "U61LBKVEF",
        "text": "On peut passer en DM si sensible :slightly_smiling_face:",
        "thread_ts": "1504882343.000715",
        "parent_user_id": "U61LBKVEF",
        "ts": "1505030066.000041"
    },
    {
        "user": "U5FTBKD8T",
        "text": "<@U5FTBKD8T> has joined the channel",
        "type": "message",
        "subtype": "channel_join",
        "ts": "1505050926.000054"
    }
]