[
    {
        "type": "message",
        "user": "U5635E9JN",
        "text": "Hello, \n\nOn utilise un blog Ghost pour ma boîte. Tous les articles sont a peu près optimisés SEO. On a ajouté l'option AMP, seulement du coup ca me fait du duplicate content avec la version \"classique\" (\/xyz) et la version AMP (\/xyz\/amp). \nComment gérez vous cela ? une cannonical de la AMP vers la classique ? Pas de AMP du tout ?",
        "thread_ts": "1511436784.000199",
        "reply_count": 6,
        "replies": [
            {
                "user": "U54PV0R4L",
                "ts": "1511439646.000071"
            },
            {
                "user": "U54PV0R4L",
                "ts": "1511439667.000018"
            },
            {
                "user": "U54PV0R4L",
                "ts": "1511439677.000281"
            },
            {
                "user": "U62V7G8J1",
                "ts": "1511441062.000103"
            },
            {
                "user": "U5AV671TK",
                "ts": "1511442551.000187"
            },
            {
                "user": "U5635E9JN",
                "ts": "1511443771.000208"
            }
        ],
        "unread_count": 6,
        "ts": "1511436784.000199"
    },
    {
        "type": "message",
        "user": "U54PV0R4L",
        "text": "pas de amp du tout :smile:",
        "thread_ts": "1511436784.000199",
        "parent_user_id": "U5635E9JN",
        "ts": "1511439646.000071"
    },
    {
        "type": "message",
        "user": "U54PV0R4L",
        "text": "Perso, même si au niveau business, ça a un intérêt",
        "thread_ts": "1511436784.000199",
        "parent_user_id": "U5635E9JN",
        "ts": "1511439667.000018"
    },
    {
        "type": "message",
        "user": "U54PV0R4L",
        "text": "Je refuse car c'est pas le web. (Principe, toussa toussa)",
        "thread_ts": "1511436784.000199",
        "parent_user_id": "U5635E9JN",
        "ts": "1511439677.000281"
    },
    {
        "type": "message",
        "user": "U62V7G8J1",
        "text": "les sites de fake news russes qui se positionnent dans la caroussel de news au UK devant The Guardian car eux sont en AMP :heart:",
        "thread_ts": "1511436784.000199",
        "parent_user_id": "U5635E9JN",
        "ts": "1511441062.000103"
    },
    {
        "type": "message",
        "user": "U5AV671TK",
        "text": "Les AMP c’est pas glop, laisse Ghost faire le taffe, c’est un très bon CMS pour le SEO",
        "thread_ts": "1511436784.000199",
        "parent_user_id": "U5635E9JN",
        "ts": "1511442551.000187"
    },
    {
        "type": "message",
        "user": "U5635E9JN",
        "text": "ok ca marche, merci :slightly_smiling_face:",
        "thread_ts": "1511436784.000199",
        "parent_user_id": "U5635E9JN",
        "ts": "1511443771.000208"
    }
]