[
    {
        "type": "message",
        "user": "U57DAHPE1",
        "text": "Pour ceux et celles qui veulent faire du PBN rapido et quali, y’a ça !",
        "ts": "1498843168.651728"
    },
    {
        "type": "message",
        "user": "U57DAHPE1",
        "text": "<https:\/\/www.pbnpremium.com\/>",
        "ts": "1498843169.652145"
    },
    {
        "type": "message",
        "user": "U57DAHPE1",
        "text": "J’ai eu 2 bons échos de potes avec des campagnes réussi sur cet outil (Recrutement et un autre dans le sport). J’ai commencé à l’utiliser, un peu lent en mode non premium mais fait le job !",
        "ts": "1498843314.701958"
    },
    {
        "type": "message",
        "user": "U57DAHPE1",
        "text": "Surtout si vous faites des sites autre que du fr",
        "ts": "1498843381.725270"
    },
    {
        "type": "message",
        "user": "U5C86111D",
        "text": "c’est que de l’expiré ce site ?",
        "ts": "1498845655.526221"
    },
    {
        "type": "message",
        "user": "U57DAHPE1",
        "text": "Quasi que et ils te filent les données du traffic \/ SEO avec un niveau proche de ce que te file un Semrush \/ majestic (mais pas tout à fait comme le dit le site).",
        "ts": "1498856607.879326"
    },
    {
        "user": "U549N6H96",
        "text": "<@U549N6H96> has joined the channel",
        "type": "message",
        "subtype": "channel_join",
        "ts": "1498862766.072750"
    }
]