[
    {
        "type": "message",
        "user": "U57DAHPE1",
        "text": "J’ai besoin de conseils. \nJe dois mettre un certificat sur un site pour le faire passer en https. Mon client est chez 1&amp;1 (sic) et ce certif ne peut apparement se mettre en place qu’à condition de créer un sous-domaine pour le faire. (https donc). Si je fais une redirection 301 de mon site http vers le https je garderais le link juice d’origine sur ce nouveau domaine sans aucun pb on est d’accord ?",
        "ts": "1507636813.000327"
    },
    {
        "type": "message",
        "user": "U5C86111D",
        "text": "Tu vas avoir un creux puis ca remonte",
        "ts": "1507638401.000087"
    },
    {
        "type": "message",
        "user": "U5635E9JN",
        "text": "pas de soucis normalement, Google gère maintenant très bien les passages en HTTPS",
        "ts": "1507638443.000120"
    },
    {
        "type": "message",
        "user": "U57DAHPE1",
        "text": "Allright thx ; )",
        "ts": "1507638759.000282"
    }
]