[
    {
        "user": "U80MTJ93N",
        "text": "<@U80MTJ93N> has joined the channel",
        "type": "message",
        "subtype": "channel_join",
        "ts": "1510750061.000271"
    },
    {
        "user": "U7TQ5FHT4",
        "text": "<@U7TQ5FHT4> has joined the channel",
        "type": "message",
        "subtype": "channel_join",
        "ts": "1510760682.000333"
    },
    {
        "type": "message",
        "user": "U597UMT3L",
        "text": "Hello, on a un mechant concurrent qui nous fait de la contrefaçon de marque sur Adwords en utilisant notre marque dans le texte de ses pubs.... any tools pour arriver  a trouver le volume sur ses pubs?",
        "edited": {
            "user": "U597UMT3L",
            "ts": "1510773066.000000"
        },
        "thread_ts": "1510773047.000320",
        "reply_count": 4,
        "replies": [
            {
                "user": "U5AV671TK",
                "ts": "1510774543.000154"
            },
            {
                "user": "U5AHB5SQ3",
                "ts": "1510820822.000042"
            },
            {
                "user": "U542GFW85",
                "ts": "1510822564.000300"
            },
            {
                "user": "U54C5S7V2",
                "ts": "1510836646.000199"
            }
        ],
        "unread_count": 4,
        "ts": "1510773047.000320"
    },
    {
        "type": "message",
        "user": "U5AV671TK",
        "text": "Semrush? ",
        "thread_ts": "1510773047.000320",
        "parent_user_id": "U597UMT3L",
        "ts": "1510774543.000154"
    }
]