[
    {
        "user": "U58ASTCP9",
        "text": "<@U58ASTCP9> has joined the channel",
        "type": "message",
        "subtype": "channel_join",
        "ts": "1503480393.000219"
    },
    {
        "user": "U57JNRABE",
        "text": "<@U57JNRABE> has joined the channel",
        "type": "message",
        "subtype": "channel_join",
        "ts": "1503523370.000546"
    },
    {
        "type": "message",
        "user": "U61LBKVEF",
        "text": "Excellente méthode de link-building... Quelqu'un aurait une idée de comment ils peuvent associer mot-clé + lien 404?",
        "ts": "1503557869.000029"
    },
    {
        "type": "message",
        "subtype": "file_share",
        "text": "<@U61LBKVEF> uploaded a file: <https:\/\/growthhackingfrance.slack.com\/files\/U61LBKVEF\/F6U3CGHST\/pasted_image_at_2017_08_24_08_57_am.png|Pasted image at 2017-08-24, 8:57 AM>",
        "file": {
            "id": "F6U3CGHST",
            "created": 1503557872,
            "timestamp": 1503557872,
            "name": "Pasted image at 2017_08_24 08_57 AM.png",
            "title": "Pasted image at 2017-08-24, 8:57 AM",
            "mimetype": "image\/png",
            "filetype": "png",
            "pretty_type": "PNG",
            "user": "U61LBKVEF",
            "editable": false,
            "size": 120462,
            "mode": "hosted",
            "is_external": false,
            "external_type": "",
            "is_public": true,
            "public_url_shared": false,
            "display_as_bot": false,
            "username": "",
            "url_private": "https:\/\/files.slack.com\/files-pri\/T53A65FDZ-F6U3CGHST\/pasted_image_at_2017_08_24_08_57_am.png?t=xoxe-173346185475-301971345667-302189523445-be5392310f98480a534c383e5d92ddc3",
            "url_private_download": "https:\/\/files.slack.com\/files-pri\/T53A65FDZ-F6U3CGHST\/download\/pasted_image_at_2017_08_24_08_57_am.png?t=xoxe-173346185475-301971345667-302189523445-be5392310f98480a534c383e5d92ddc3",
            "thumb_64": "https:\/\/files.slack.com\/files-tmb\/T53A65FDZ-F6U3CGHST-243fa53f45\/pasted_image_at_2017_08_24_08_57_am_64.png?t=xoxe-173346185475-301971345667-302189523445-be5392310f98480a534c383e5d92ddc3",
            "thumb_80": "https:\/\/files.slack.com\/files-tmb\/T53A65FDZ-F6U3CGHST-243fa53f45\/pasted_image_at_2017_08_24_08_57_am_80.png?t=xoxe-173346185475-301971345667-302189523445-be5392310f98480a534c383e5d92ddc3",
            "thumb_360": "https:\/\/files.slack.com\/files-tmb\/T53A65FDZ-F6U3CGHST-243fa53f45\/pasted_image_at_2017_08_24_08_57_am_360.png?t=xoxe-173346185475-301971345667-302189523445-be5392310f98480a534c383e5d92ddc3",
            "thumb_360_w": 360,
            "thumb_360_h": 338,
            "thumb_480": "https:\/\/files.slack.com\/files-tmb\/T53A65FDZ-F6U3CGHST-243fa53f45\/pasted_image_at_2017_08_24_08_57_am_480.png?t=xoxe-173346185475-301971345667-302189523445-be5392310f98480a534c383e5d92ddc3",
            "thumb_480_w": 480,
            "thumb_480_h": 451,
            "thumb_160": "https:\/\/files.slack.com\/files-tmb\/T53A65FDZ-F6U3CGHST-243fa53f45\/pasted_image_at_2017_08_24_08_57_am_160.png?t=xoxe-173346185475-301971345667-302189523445-be5392310f98480a534c383e5d92ddc3",
            "image_exif_rotation": 1,
            "original_w": 631,
            "original_h": 593,
            "permalink": "https:\/\/growthhackingfrance.slack.com\/files\/U61LBKVEF\/F6U3CGHST\/pasted_image_at_2017_08_24_08_57_am.png",
            "permalink_public": "https:\/\/slack-files.com\/T53A65FDZ-F6U3CGHST-3cda80f173",
            "channels": [],
            "groups": [],
            "ims": [],
            "comments_count": 2
        },
        "user": "U61LBKVEF",
        "upload": true,
        "display_as_bot": false,
        "username": "gregdabo",
        "bot_id": null,
        "ts": "1503557873.000202"
    },
    {
        "type": "message",
        "subtype": "file_comment",
        "text": "<@U61LBKVEF> commented on <@U61LBKVEF>’s file <https:\/\/growthhackingfrance.slack.com\/files\/U61LBKVEF\/F6U3CGHST\/pasted_image_at_2017_08_24_08_57_am.png|Pasted image at 2017-08-24, 8:57 AM>: <@U5SCXER6V> peut-être? :slightly_smiling_face:",
        "file": {
            "id": "F6U3CGHST",
            "created": 1503557872,
            "timestamp": 1503557872,
            "name": "Pasted image at 2017_08_24 08_57 AM.png",
            "title": "Pasted image at 2017-08-24, 8:57 AM",
            "mimetype": "image\/png",
            "filetype": "png",
            "pretty_type": "PNG",
            "user": "U61LBKVEF",
            "editable": false,
            "size": 120462,
            "mode": "hosted",
            "is_external": false,
            "external_type": "",
            "is_public": true,
            "public_url_shared": false,
            "display_as_bot": false,
            "username": "",
            "url_private": "https:\/\/files.slack.com\/files-pri\/T53A65FDZ-F6U3CGHST\/pasted_image_at_2017_08_24_08_57_am.png?t=xoxe-173346185475-301971345667-302189523445-be5392310f98480a534c383e5d92ddc3",
            "url_private_download": "https:\/\/files.slack.com\/files-pri\/T53A65FDZ-F6U3CGHST\/download\/pasted_image_at_2017_08_24_08_57_am.png?t=xoxe-173346185475-301971345667-302189523445-be5392310f98480a534c383e5d92ddc3",
            "thumb_64": "https:\/\/files.slack.com\/files-tmb\/T53A65FDZ-F6U3CGHST-243fa53f45\/pasted_image_at_2017_08_24_08_57_am_64.png?t=xoxe-173346185475-301971345667-302189523445-be5392310f98480a534c383e5d92ddc3",
            "thumb_80": "https:\/\/files.slack.com\/files-tmb\/T53A65FDZ-F6U3CGHST-243fa53f45\/pasted_image_at_2017_08_24_08_57_am_80.png?t=xoxe-173346185475-301971345667-302189523445-be5392310f98480a534c383e5d92ddc3",
            "thumb_360": "https:\/\/files.slack.com\/files-tmb\/T53A65FDZ-F6U3CGHST-243fa53f45\/pasted_image_at_2017_08_24_08_57_am_360.png?t=xoxe-173346185475-301971345667-302189523445-be5392310f98480a534c383e5d92ddc3",
            "thumb_360_w": 360,
            "thumb_360_h": 338,
            "thumb_480": "https:\/\/files.slack.com\/files-tmb\/T53A65FDZ-F6U3CGHST-243fa53f45\/pasted_image_at_2017_08_24_08_57_am_480.png?t=xoxe-173346185475-301971345667-302189523445-be5392310f98480a534c383e5d92ddc3",
            "thumb_480_w": 480,
            "thumb_480_h": 451,
            "thumb_160": "https:\/\/files.slack.com\/files-tmb\/T53A65FDZ-F6U3CGHST-243fa53f45\/pasted_image_at_2017_08_24_08_57_am_160.png?t=xoxe-173346185475-301971345667-302189523445-be5392310f98480a534c383e5d92ddc3",
            "image_exif_rotation": 1,
            "original_w": 631,
            "original_h": 593,
            "permalink": "https:\/\/growthhackingfrance.slack.com\/files\/U61LBKVEF\/F6U3CGHST\/pasted_image_at_2017_08_24_08_57_am.png",
            "permalink_public": "https:\/\/slack-files.com\/T53A65FDZ-F6U3CGHST-3cda80f173",
            "channels": [],
            "groups": [],
            "ims": [],
            "comments_count": 2
        },
        "comment": {
            "id": "Fc6TSVQ286",
            "created": 1503557885,
            "timestamp": 1503557885,
            "user": "U61LBKVEF",
            "is_intro": false,
            "comment": "<@U5SCXER6V> peut-être? :slightly_smiling_face:"
        },
        "is_intro": false,
        "ts": "1503557884.000292"
    },
    {
        "type": "message",
        "subtype": "file_comment",
        "text": "<@U61LBKVEF> commented on <@U61LBKVEF>’s file <https:\/\/growthhackingfrance.slack.com\/files\/U61LBKVEF\/F6U3CGHST\/pasted_image_at_2017_08_24_08_57_am.png|Pasted image at 2017-08-24, 8:57 AM>: <@U5SCXER6V> peut-être? :slightly_smiling_face:",
        "file": {
            "id": "F6U3CGHST",
            "created": 1503557872,
            "timestamp": 1503557872,
            "name": "Pasted image at 2017_08_24 08_57 AM.png",
            "title": "Pasted image at 2017-08-24, 8:57 AM",
            "mimetype": "image\/png",
            "filetype": "png",
            "pretty_type": "PNG",
            "user": "U61LBKVEF",
            "editable": false,
            "size": 120462,
            "mode": "hosted",
            "is_external": false,
            "external_type": "",
            "is_public": true,
            "public_url_shared": false,
            "display_as_bot": false,
            "username": "",
            "url_private": "https:\/\/files.slack.com\/files-pri\/T53A65FDZ-F6U3CGHST\/pasted_image_at_2017_08_24_08_57_am.png?t=xoxe-173346185475-301971345667-302189523445-be5392310f98480a534c383e5d92ddc3",
            "url_private_download": "https:\/\/files.slack.com\/files-pri\/T53A65FDZ-F6U3CGHST\/download\/pasted_image_at_2017_08_24_08_57_am.png?t=xoxe-173346185475-301971345667-302189523445-be5392310f98480a534c383e5d92ddc3",
            "thumb_64": "https:\/\/files.slack.com\/files-tmb\/T53A65FDZ-F6U3CGHST-243fa53f45\/pasted_image_at_2017_08_24_08_57_am_64.png?t=xoxe-173346185475-301971345667-302189523445-be5392310f98480a534c383e5d92ddc3",
            "thumb_80": "https:\/\/files.slack.com\/files-tmb\/T53A65FDZ-F6U3CGHST-243fa53f45\/pasted_image_at_2017_08_24_08_57_am_80.png?t=xoxe-173346185475-301971345667-302189523445-be5392310f98480a534c383e5d92ddc3",
            "thumb_360": "https:\/\/files.slack.com\/files-tmb\/T53A65FDZ-F6U3CGHST-243fa53f45\/pasted_image_at_2017_08_24_08_57_am_360.png?t=xoxe-173346185475-301971345667-302189523445-be5392310f98480a534c383e5d92ddc3",
            "thumb_360_w": 360,
            "thumb_360_h": 338,
            "thumb_480": "https:\/\/files.slack.com\/files-tmb\/T53A65FDZ-F6U3CGHST-243fa53f45\/pasted_image_at_2017_08_24_08_57_am_480.png?t=xoxe-173346185475-301971345667-302189523445-be5392310f98480a534c383e5d92ddc3",
            "thumb_480_w": 480,
            "thumb_480_h": 451,
            "thumb_160": "https:\/\/files.slack.com\/files-tmb\/T53A65FDZ-F6U3CGHST-243fa53f45\/pasted_image_at_2017_08_24_08_57_am_160.png?t=xoxe-173346185475-301971345667-302189523445-be5392310f98480a534c383e5d92ddc3",
            "image_exif_rotation": 1,
            "original_w": 631,
            "original_h": 593,
            "permalink": "https:\/\/growthhackingfrance.slack.com\/files\/U61LBKVEF\/F6U3CGHST\/pasted_image_at_2017_08_24_08_57_am.png",
            "permalink_public": "https:\/\/slack-files.com\/T53A65FDZ-F6U3CGHST-3cda80f173",
            "channels": [],
            "groups": [],
            "ims": [],
            "comments_count": 2
        },
        "comment": {
            "id": "Fc6T2EPDPE",
            "created": 1503557904,
            "timestamp": 1503557904,
            "user": "U61LBKVEF",
            "is_intro": false,
            "comment": "<@U5SCXER6V> peut-être? :slightly_smiling_face:"
        },
        "is_intro": false,
        "ts": "1503557904.000139"
    }
]