[
    {
        "type": "message",
        "user": "U57DAHPE1",
        "text": "Yo j’utilise <http:\/\/www.seogroupbuy.net\/> sur une machine virtuelle (windows) avec des cartes de crédit virtuelles. Pour 27$ ça baigne carrément, j’ai déjà fait 2 rapports SEO avec du ahref et Keyword tools, mais Semrush déconne souvent malheureusement. Je vous redis si ils essayent de pirater mon compte ou de me faire rentrer dans une secte. Pour l’instant je recommande !!",
        "attachments": [
            {
                "title": "Group Buy SEO $27\/ Month",
                "title_link": "http:\/\/www.seogroupbuy.net\/",
                "text": "Get Access To 20+ Best SEO Tools for as low as $27\/ Month from Group Buy SEO.",
                "fallback": "Group Buy SEO $27\/ Month",
                "from_url": "http:\/\/www.seogroupbuy.net\/",
                "service_name": "seogroupbuy.net",
                "id": 1
            }
        ],
        "ts": "1499523618.561802"
    },
    {
        "type": "message",
        "user": "U57DAHPE1",
        "text": "Juste pour info rien que SemRush et Ahref c’est 300 balles mini par mois.",
        "ts": "1499523649.564439",
        "reactions": [
            {
                "name": "+1",
                "users": [
                    "U54E8FNL9",
                    "U55FFTX6J"
                ],
                "count": 2
            }
        ]
    }
]