[
    {
        "type": "message",
        "user": "U546L44SJ",
        "text": "Voici un Excellent Quiz SEO : <https:\/\/www.proprofs.com\/quiz-school\/story.php?title=quiz-de-test-public>",
        "ts": "1505483275.000676",
        "reactions": [
            {
                "name": "+1",
                "users": [
                    "U543MU39P",
                    "U57DAHPE1"
                ],
                "count": 2
            }
        ]
    },
    {
        "type": "message",
        "user": "U57DAHPE1",
        "text": "Débat à la con. Les fautes d’orthographe en SEO.\nJ’avais eu un début de discussion samedi dernier avec <@U5AV671TK> <@U54NAL317> <@U541S59L4>. En gros on est tous d’accord que Google corrige de base les fautes et que se postionner dessus n’a pas vraiment d’intérêt.",
        "ts": "1505488818.000511"
    },
    {
        "type": "message",
        "user": "U57DAHPE1",
        "text": "Néanmoins, j’ai par le passé réussi à me positionner sur des requêtes avec des fotes. Et toutes les fautes ne sont pas encore repérées par Google : ex faute de liaison, faute d’utilisation du pluriel ou du contexte sur une expression.",
        "ts": "1505488903.000205"
    },
    {
        "type": "message",
        "user": "U57DAHPE1",
        "text": "Et quand je remonte justement ces mots clés dans SEMrush et autres, les fautes de pluriel ont parfois plus de traffic que l’expression sans fautes. C’est un truc que vous utilisez ou pas du tout ?",
        "ts": "1505489005.000078"
    },
    {
        "type": "message",
        "user": "U57DAHPE1",
        "text": "<http:\/\/medias.digitamix.com\/10834\/les-plus-enormes-fautes-d-orthographe-dans-les-medias-402454.jpg>",
        "attachments": [
            {
                "fallback": "1300x524px image",
                "image_url": "http:\/\/medias.digitamix.com\/10834\/les-plus-enormes-fautes-d-orthographe-dans-les-medias-402454.jpg",
                "image_width": 1300,
                "image_height": 524,
                "image_bytes": 87284,
                "from_url": "http:\/\/medias.digitamix.com\/10834\/les-plus-enormes-fautes-d-orthographe-dans-les-medias-402454.jpg",
                "id": 1
            }
        ],
        "thread_ts": "1505489067.000062",
        "reply_count": 2,
        "replies": [
            {
                "user": "U542GFW85",
                "ts": "1505550690.000080"
            },
            {
                "user": "U57DAHPE1",
                "ts": "1505557749.000013"
            }
        ],
        "unread_count": 2,
        "ts": "1505489067.000062",
        "reactions": [
            {
                "name": "ok_hand",
                "users": [
                    "U54E8FNL9"
                ],
                "count": 1
            }
        ]
    }
]