[
    {
        "type": "message",
        "user": "U54KSDKCY",
        "text": "Donc SmallSeoSoft c'est à la mano &lt; 10 Keywords. Par contre FreeSERP c'est pas mal, 50 keywords suivi quotidiennement automatiquement. Pas mal . \nAvant j'utilisais <https:\/\/www.seo.fr\/outils\/seo-soft> qui était gratuit, un logiciel qui se lançait tous les jours au démarrage mais qui avait fini par me saouler car ne fonctionnait pas. Faudrait que je l'essaye à nouveau",
        "attachments": [
            {
                "title": "SEO Soft - Logiciel de suivi de position sur vos mots-clés",
                "title_link": "https:\/\/www.seo.fr\/outils\/seo-soft",
                "text": "Découvrez SEO Soft, un petit logiciel gratuit et très puissant permettant de suivre les positions de votre site sur vos mots-clés.",
                "fallback": "SEO Soft - Logiciel de suivi de position sur vos mots-clés",
                "from_url": "https:\/\/www.seo.fr\/outils\/seo-soft",
                "service_icon": "https:\/\/www.seo.fr\/wp-content\/uploads\/2014\/02\/favicon.ico",
                "service_name": "seo.fr",
                "id": 1
            }
        ],
        "thread_ts": "1495464955.986939",
        "parent_user_id": "U54KSDKCY",
        "ts": "1495543645.473934",
        "reactions": [
            {
                "name": "rocket",
                "users": [
                    "U5519FU87"
                ],
                "count": 1
            }
        ]
    },
    {
        "type": "message",
        "user": "U5519FU87",
        "text": "Merci pour seo soft, je connaissais pas ! Je testerai à l'occaz",
        "thread_ts": "1495464955.986939",
        "parent_user_id": "U54KSDKCY",
        "ts": "1495555013.007897"
    },
    {
        "type": "message",
        "user": "U54KSDKCY",
        "text": "Les commentaires vont dans mon sens c'est plus super à jour... Je conseillerai plus l'app Android SERP mojo que j'ai mais via émulateur pc sinon ciao la batterie. Ça je suis sur que ça marche :) ",
        "thread_ts": "1495464955.986939",
        "parent_user_id": "U54KSDKCY",
        "ts": "1495565485.836745"
    }
]