[
    {
        "type": "message",
        "subtype": "file_share",
        "text": "<@U54C5S7V2> uploaded a file: <https:\/\/growthhackingfrance.slack.com\/files\/U54C5S7V2\/F6TRC10TA\/screen_shot_2017-08-27_at_3.46.52_pm.png|Screen Shot 2017-08-27 at 3.46.52 PM.png> and commented: Le mec sort #1 en rankeant du streaming via google map. Sur la page google map, il y a un lien qui renvoie vers son site à lui. \nDerrière c'est un scam CPA (1-payment pour accéder au contenu qui n'existe pas en fait)\n\nChapeau l'artiste, même si c'est du court terme et que je suis pas Blach hat du tout, y'a de la reflexion derrière",
        "file": {
            "id": "F6TRC10TA",
            "created": 1503908555,
            "timestamp": 1503908555,
            "name": "Screen Shot 2017-08-27 at 3.46.52 PM.png",
            "title": "Screen Shot 2017-08-27 at 3.46.52 PM.png",
            "mimetype": "image\/png",
            "filetype": "png",
            "pretty_type": "PNG",
            "user": "U54C5S7V2",
            "editable": false,
            "size": 160347,
            "mode": "hosted",
            "is_external": false,
            "external_type": "",
            "is_public": true,
            "public_url_shared": false,
            "display_as_bot": false,
            "username": "",
            "url_private": "https:\/\/files.slack.com\/files-pri\/T53A65FDZ-F6TRC10TA\/screen_shot_2017-08-27_at_3.46.52_pm.png?t=xoxe-173346185475-301971345667-302189523445-be5392310f98480a534c383e5d92ddc3",
            "url_private_download": "https:\/\/files.slack.com\/files-pri\/T53A65FDZ-F6TRC10TA\/download\/screen_shot_2017-08-27_at_3.46.52_pm.png?t=xoxe-173346185475-301971345667-302189523445-be5392310f98480a534c383e5d92ddc3",
            "thumb_64": "https:\/\/files.slack.com\/files-tmb\/T53A65FDZ-F6TRC10TA-ecaa9de6f6\/screen_shot_2017-08-27_at_3.46.52_pm_64.png?t=xoxe-173346185475-301971345667-302189523445-be5392310f98480a534c383e5d92ddc3",
            "thumb_80": "https:\/\/files.slack.com\/files-tmb\/T53A65FDZ-F6TRC10TA-ecaa9de6f6\/screen_shot_2017-08-27_at_3.46.52_pm_80.png?t=xoxe-173346185475-301971345667-302189523445-be5392310f98480a534c383e5d92ddc3",
            "thumb_360": "https:\/\/files.slack.com\/files-tmb\/T53A65FDZ-F6TRC10TA-ecaa9de6f6\/screen_shot_2017-08-27_at_3.46.52_pm_360.png?t=xoxe-173346185475-301971345667-302189523445-be5392310f98480a534c383e5d92ddc3",
            "thumb_360_w": 360,
            "thumb_360_h": 129,
            "thumb_480": "https:\/\/files.slack.com\/files-tmb\/T53A65FDZ-F6TRC10TA-ecaa9de6f6\/screen_shot_2017-08-27_at_3.46.52_pm_480.png?t=xoxe-173346185475-301971345667-302189523445-be5392310f98480a534c383e5d92ddc3",
            "thumb_480_w": 480,
            "thumb_480_h": 171,
            "thumb_160": "https:\/\/files.slack.com\/files-tmb\/T53A65FDZ-F6TRC10TA-ecaa9de6f6\/screen_shot_2017-08-27_at_3.46.52_pm_160.png?t=xoxe-173346185475-301971345667-302189523445-be5392310f98480a534c383e5d92ddc3",
            "thumb_720": "https:\/\/files.slack.com\/files-tmb\/T53A65FDZ-F6TRC10TA-ecaa9de6f6\/screen_shot_2017-08-27_at_3.46.52_pm_720.png?t=xoxe-173346185475-301971345667-302189523445-be5392310f98480a534c383e5d92ddc3",
            "thumb_720_w": 720,
            "thumb_720_h": 257,
            "thumb_800": "https:\/\/files.slack.com\/files-tmb\/T53A65FDZ-F6TRC10TA-ecaa9de6f6\/screen_shot_2017-08-27_at_3.46.52_pm_800.png?t=xoxe-173346185475-301971345667-302189523445-be5392310f98480a534c383e5d92ddc3",
            "thumb_800_w": 800,
            "thumb_800_h": 286,
            "thumb_960": "https:\/\/files.slack.com\/files-tmb\/T53A65FDZ-F6TRC10TA-ecaa9de6f6\/screen_shot_2017-08-27_at_3.46.52_pm_960.png?t=xoxe-173346185475-301971345667-302189523445-be5392310f98480a534c383e5d92ddc3",
            "thumb_960_w": 960,
            "thumb_960_h": 343,
            "thumb_1024": "https:\/\/files.slack.com\/files-tmb\/T53A65FDZ-F6TRC10TA-ecaa9de6f6\/screen_shot_2017-08-27_at_3.46.52_pm_1024.png?t=xoxe-173346185475-301971345667-302189523445-be5392310f98480a534c383e5d92ddc3",
            "thumb_1024_w": 1024,
            "thumb_1024_h": 366,
            "image_exif_rotation": 1,
            "original_w": 1646,
            "original_h": 588,
            "permalink": "https:\/\/growthhackingfrance.slack.com\/files\/U54C5S7V2\/F6TRC10TA\/screen_shot_2017-08-27_at_3.46.52_pm.png",
            "permalink_public": "https:\/\/slack-files.com\/T53A65FDZ-F6TRC10TA-1700974b3a",
            "channels": [],
            "groups": [],
            "ims": [],
            "comments_count": 1,
            "initial_comment": {
                "id": "Fc6TUUMUP3",
                "created": 1503908555,
                "timestamp": 1503908555,
                "user": "U54C5S7V2",
                "is_intro": true,
                "comment": "Le mec sort #1 en rankeant du streaming via google map. Sur la page google map, il y a un lien qui renvoie vers son site à lui. \nDerrière c'est un scam CPA (1-payment pour accéder au contenu qui n'existe pas en fait)\n\nChapeau l'artiste, même si c'est du court terme et que je suis pas Blach hat du tout, y'a de la reflexion derrière"
            },
            "num_stars": 1
        },
        "user": "U54C5S7V2",
        "upload": true,
        "display_as_bot": false,
        "username": "julian",
        "bot_id": null,
        "ts": "1503908557.000267"
    },
    {
        "type": "message",
        "user": "U54PABTGW",
        "text": "J'ai des DNS à vendre, vous me confirmez qu'il n'est pas possible de faire un transfert de DNS à moins de 60 jours suite au renouvellement \/ achat ?",
        "ts": "1503908613.000098"
    },
    {
        "type": "message",
        "user": "U546L44SJ",
        "text": "<@U57DAHPE1> aime faire ce genre de chose <@U54C5S7V2>",
        "ts": "1503910094.000206"
    },
    {
        "type": "message",
        "user": "U546L44SJ",
        "text": "mais oui ca marche !",
        "ts": "1503910100.000227"
    },
    {
        "type": "message",
        "user": "U546L44SJ",
        "text": "Après quels risques de se faire dézinguer par google ?",
        "ts": "1503910112.000252"
    },
    {
        "type": "message",
        "user": "U54C5S7V2",
        "text": "c'est clairement une faille, le jour où google s'en rend compte et réussit à mettre en place ce qu'il faut pour le gérer, il perdra ses revenus CPA. Mais bon c'est le propre du CPA c'est du court terme.",
        "ts": "1503910582.000196"
    },
    {
        "type": "message",
        "user": "U54C5S7V2",
        "text": "Du coup c'est peut etre un coup de hugo :smile:",
        "ts": "1503910602.000017"
    },
    {
        "type": "message",
        "user": "U546L44SJ",
        "text": "ahah :wink:",
        "ts": "1503910843.000217"
    },
    {
        "type": "message",
        "user": "U57DAHPE1",
        "text": "COMMENCEZ PAS A TOUCHER A MON BIZ PUTAIN !!:joy: <@U546L44SJ> <@U54C5S7V2>",
        "ts": "1503912535.000210",
        "reactions": [
            {
                "name": "joy",
                "users": [
                    "U543MU39P",
                    "U546L44SJ",
                    "U54C5S7V2",
                    "U54E8FNL9",
                    "U54PQ74HF",
                    "U57DKJR5F"
                ],
                "count": 6
            },
            {
                "name": "flag-fr",
                "users": [
                    "U546L44SJ",
                    "U54E8FNL9",
                    "U54PQ74HF"
                ],
                "count": 3
            }
        ]
    },
    {
        "type": "message",
        "user": "U57DAHPE1",
        "text": "En fait je l’ai fait pour plusieurs sites, en créant de fausses agences à droite et à gauche. Google business te demandes juste de confirmer un code par boite postale à l’adresse en question. (par contre les adresses c mon secret)",
        "edited": {
            "user": "U57DAHPE1",
            "ts": "1503913001.000000"
        },
        "ts": "1503912641.000033"
    },
    {
        "type": "message",
        "user": "U57DAHPE1",
        "text": "Et tu reçois le code, puis tu le rentres",
        "ts": "1503912657.000253"
    },
    {
        "type": "message",
        "user": "U57DAHPE1",
        "text": "Il vérifies deux choses. Le code évidemment, puis l’ip de connexion, ainsi que le nombre de connexion dans la ville en question (via le compte google).",
        "ts": "1503912707.000033"
    },
    {
        "type": "message",
        "user": "U57DAHPE1",
        "text": "Ca demande du temps et de la réflexion de faire ça pour un vrai site. Mais c’est du long terme et t’as quasi aucun moyen pour google de te faire choper pour le moment",
        "ts": "1503912744.000243"
    },
    {
        "type": "message",
        "user": "U57DAHPE1",
        "text": "Le truc que tu montres <@U54C5S7V2> j’ai vu ça quasiment qu’avec de faux sites de streaming et de téléchargement illégaux. Ils font ça avec des maps google personnalisées (comme nous ici avec la carte des GH). Google est assez con pour pas mettre les liens en nofollow",
        "ts": "1503912932.000130"
    },
    {
        "type": "message",
        "user": "U57DAHPE1",
        "text": "Mais de toutes façon cette technique #2 est cramée et n’est pensée que pour du court terme",
        "ts": "1503912969.000207"
    },
    {
        "user": "U5V7ATHF1",
        "text": "<@U5V7ATHF1> has joined the channel",
        "type": "message",
        "subtype": "channel_join",
        "ts": "1503916411.000048"
    },
    {
        "type": "message",
        "user": "U57HABR37",
        "text": "Top, merci à vous deux :slightly_smiling_face:",
        "thread_ts": "1503655913.000224",
        "parent_user_id": "U57HABR37",
        "ts": "1503931766.000416"
    },
    {
        "type": "message",
        "user": "U5SCXER6V",
        "text": "oui, il analyse le contenu des pages qui rank dans le top 10 et te donne des indications de rédaction",
        "thread_ts": "1503570529.000199",
        "parent_user_id": "U57HABR37",
        "ts": "1503942670.000254",
        "reactions": [
            {
                "name": "+1::skin-tone-2",
                "users": [
                    "U57HABR37"
                ],
                "count": 1
            }
        ]
    }
]