[
    {
        "type": "message",
        "user": "U54KSDKCY",
        "text": "Tu dois pouvoir modifier le code du template non ? ",
        "thread_ts": "1512234599.000134",
        "parent_user_id": "U54PABTGW",
        "ts": "1512296540.000029"
    },
    {
        "type": "message",
        "user": "U54KSDKCY",
        "text": "Moi je le suis l'avoir sur PrestaShop. Du coup on laissait en stock, mais on changeait le délai... ",
        "thread_ts": "1512234599.000134",
        "parent_user_id": "U54PABTGW",
        "ts": "1512296571.000047"
    },
    {
        "type": "message",
        "user": "U54KSDKCY",
        "text": "*de livraison",
        "thread_ts": "1512234599.000134",
        "parent_user_id": "U54PABTGW",
        "ts": "1512296586.000052"
    },
    {
        "type": "message",
        "user": "U54PABTGW",
        "text": "tu as eu un réel gain sur le SEO ?",
        "thread_ts": "1512234599.000134",
        "parent_user_id": "U54PABTGW",
        "ts": "1512342309.000059"
    }
]