[
    {
        "type": "message",
        "user": "U54E8FNL9",
        "text": "<https:\/\/moz.com\/blog\/rank-in-2018-seo-checklist>",
        "attachments": [
            {
                "service_name": "Moz",
                "title": "How to Rank in 2018: The SEO Checklist - Whiteboard Friday",
                "title_link": "https:\/\/moz.com\/blog\/rank-in-2018-seo-checklist",
                "text": "It's hard enough as it is to explain to non-SEOs how to rank a webpage. In an increasingly complicated field, to do well you've got to have a good handle on a wide variety of detailed subjects. This edition of Whiteboard Friday covers a nine-point checklist of the major items you've got to cross off to rank in the new year — and maybe get some hints on how to explain it to others, too.",
                "fallback": "Moz: How to Rank in 2018: The SEO Checklist - Whiteboard Friday",
                "image_url": "https:\/\/d1avok0lzls2w.cloudfront.net\/uploads\/twitter_image\/5a45a565764bc4.47531816.jpg",
                "from_url": "https:\/\/moz.com\/blog\/rank-in-2018-seo-checklist",
                "image_width": 500,
                "image_height": 250,
                "image_bytes": 365224,
                "service_icon": "https:\/\/dc8hdnsmzapvm.cloudfront.net\/assets\/images\/favicon\/moz-favicon-57.png?7345a55",
                "id": 1
            }
        ],
        "ts": "1514558923.000094"
    },
    {
        "type": "message",
        "user": "U54E8FNL9",
        "text": "pour votre grand-mère",
        "ts": "1514558930.000238"
    }
]