[
    {
        "type": "message",
        "user": "U54PQ74HF",
        "text": "Holà, petite question...\nDes personnes ont déjà testé \/ installé CloudFront d'AWS ? Le paramétrage des CDN est facilement configurable pour un non expert AWS ? \n\nOn est bien d'accord qu'un site web multilingue hébergé sur Amazon S3 n'a pas les CDN de pré-configuré ? (de mes recherches ce n'est pas le cas, mais à la fois je me demande si il n'y a pas un blocage de la part d'amazon sur les IP des CDN)",
        "edited": {
            "user": "U54PQ74HF",
            "ts": "1501508175.000000"
        },
        "thread_ts": "1501508150.985179",
        "reply_count": 2,
        "replies": [
            {
                "user": "U615BJ0LR",
                "ts": "1501508737.304600"
            },
            {
                "user": "U54PQ74HF",
                "ts": "1501509237.592535"
            }
        ],
        "unread_count": 2,
        "ts": "1501508150.985179"
    },
    {
        "type": "message",
        "user": "U615BJ0LR",
        "text": "J'ai déjà regardé, mais rapidement, sans utilisation concrète sur un projet. En revanche en CDN simple et gratuit tu as <https:\/\/www.cloudflare.com\/fr\/cdn\/>",
        "attachments": [
            {
                "service_name": "Cloudflare",
                "title": "Cloudflare, réseau de diffusion de contenu (CDN) | Cloudflare",
                "title_link": "https:\/\/www.cloudflare.com\/fr\/cdn\/",
                "text": "La technologie de nouvelle génération de Cloudflare fournit un des CDN les plus rapides, fiables et disponibles du monde. L’inscription est gratuite!",
                "fallback": "Cloudflare: Cloudflare, réseau de diffusion de contenu (CDN) | Cloudflare",
                "thumb_url": "https:\/\/www.cloudflare.com\/img\/cf-twitter-card.png",
                "from_url": "https:\/\/www.cloudflare.com\/fr\/cdn\/",
                "thumb_width": 120,
                "thumb_height": 120,
                "service_icon": "https:\/\/www.cloudflare.com\/img\/cf-logo-apple-touch-icon.png",
                "id": 1
            }
        ],
        "thread_ts": "1501508150.985179",
        "parent_user_id": "U54PQ74HF",
        "ts": "1501508737.304600"
    },
    {
        "type": "message",
        "user": "U54PQ74HF",
        "text": "Merci ! Je suis dans le même topo, et j'ai du mal a trouvé un info concrète avec un projet réalisé.... :disappointed: C'est pour site web avec une dizaine de langues et pas mal de pages, donc on sort de la limite gratuite de cloudfare... :confused: Merci quand même en tout cas pour l'info !",
        "thread_ts": "1501508150.985179",
        "parent_user_id": "U54PQ74HF",
        "ts": "1501509237.592535"
    },
    {
        "type": "message",
        "user": "U54NAL317",
        "text": "je rédige le contenu de notre nouveau site qui s'adresse à des ados et leurs parents\nSi l'utilisateur est sur le contenu Parent, il y aura un bouton \"Je suis élève\" pour switcher sur le contenu élève. Et vice-versa. Les pages seront les mêmes mais le ton et les informations changeront.\nSi sur les pages parents j'écris du contenu et que je le reprend sur la page élève en changeant seulement le pronom (vous-&gt;tu) quelques autres modifs, je risque d'être pénalisé par Google pour duplicate content n'est-ce pas ?",
        "ts": "1501512678.743135"
    },
    {
        "type": "message",
        "user": "U54PABTGW",
        "text": "<@U54NAL317> oui il ya des chances",
        "ts": "1501512711.764666"
    },
    {
        "type": "message",
        "user": "U54PABTGW",
        "text": "cherches il ya un service gratuit sur le net qui va calculer le % de contenu dupliqué sur ton site",
        "ts": "1501512732.778713"
    },
    {
        "type": "message",
        "user": "U54NAL317",
        "text": "oui on avait partagé des outils sur cette channel",
        "ts": "1501512748.789648"
    },
    {
        "type": "message",
        "user": "U54NAL317",
        "text": "mais du coup le pourcentage sera forcément élevé et je pourrai le calculer seulement quand le nouveau site sera en ligne",
        "ts": "1501512770.803857"
    },
    {
        "type": "message",
        "user": "U54NAL317",
        "text": "<https:\/\/www.positeo.com\/check-duplicate-content\/>",
        "ts": "1501512852.858450"
    },
    {
        "type": "message",
        "user": "U5C86111D",
        "text": "pas une pénalité mais tu montera difficilement",
        "ts": "1501514195.734548"
    },
    {
        "type": "message",
        "user": "U54NAL317",
        "text": ":disappointed:",
        "ts": "1501514252.771081"
    },
    {
        "type": "message",
        "user": "U54NAL317",
        "text": "bon et bien il me reste plus qu'à rédiger le contenu élève de 0, c'est parti !",
        "edited": {
            "user": "U54NAL317",
            "ts": "1501514300.000000"
        },
        "ts": "1501514279.788048",
        "reactions": [
            {
                "name": "confused",
                "users": [
                    "U54KSDKCY"
                ],
                "count": 1
            }
        ]
    },
    {
        "type": "message",
        "user": "U54NAL317",
        "text": "et est-ce que les URLs doivent aussi être différentes ?\nexemple: .com.stages pour le parent et .com\/stages pour l'élève ?",
        "thread_ts": "1501515834.779934",
        "reply_count": 23,
        "replies": [
            {
                "user": "U54NAL317",
                "ts": "1501575422.652072"
            },
            {
                "user": "U5C86111D",
                "ts": "1501575440.658842"
            },
            {
                "user": "U5C86111D",
                "ts": "1501575444.660796"
            },
            {
                "user": "U54NAL317",
                "ts": "1501575501.682457"
            },
            {
                "user": "U5C86111D",
                "ts": "1501575555.701699"
            },
            {
                "user": "U54NAL317",
                "ts": "1501575606.720089"
            },
            {
                "user": "U54N4URLZ",
                "ts": "1501581707.043682"
            },
            {
                "user": "U5C86111D",
                "ts": "1501583221.558918"
            },
            {
                "user": "U5C86111D",
                "ts": "1501583232.562622"
            },
            {
                "user": "U5C86111D",
                "ts": "1501583235.563859"
            },
            {
                "user": "U54NAL317",
                "ts": "1501583734.726492"
            },
            {
                "user": "U5C86111D",
                "ts": "1501583769.737381"
            },
            {
                "user": "U54NAL317",
                "ts": "1501583798.746484"
            },
            {
                "user": "U54NAL317",
                "ts": "1501583889.774653"
            },
            {
                "user": "U54NAL317",
                "ts": "1501584076.833006"
            },
            {
                "user": "U54N4URLZ",
                "ts": "1501584089.836904"
            },
            {
                "user": "U54N4URLZ",
                "ts": "1501584092.838032"
            },
            {
                "user": "U54NAL317",
                "ts": "1501584110.843722"
            },
            {
                "user": "U54N4URLZ",
                "ts": "1501584169.862024"
            },
            {
                "user": "U54N4URLZ",
                "ts": "1501584258.889751"
            },
            {
                "user": "U54N4URLZ",
                "ts": "1501584340.916369"
            },
            {
                "user": "U54NAL317",
                "ts": "1501584356.921486"
            },
            {
                "user": "U54N4URLZ",
                "ts": "1501584363.923713"
            }
        ],
        "unread_count": 23,
        "ts": "1501515834.779934"
    }
]