[
    {
        "user": "U612RQTSR",
        "text": "<@U612RQTSR> has joined the channel",
        "type": "message",
        "subtype": "channel_join",
        "ts": "1503042837.000148"
    },
    {
        "type": "message",
        "user": "U54C5S7V2",
        "text": "<@U54E8FNL9> <@U57DAHPE1> <@U62V7G8J1> <@U54E8FNL9> petit update suite à mon pb de fin juillet: tout est au vert, suffisait d'être patient, les vacances ont été bonnes :slightly_smiling_face:",
        "ts": "1503046753.000184",
        "reactions": [
            {
                "name": "clap",
                "users": [
                    "U54E8FNL9"
                ],
                "count": 1
            }
        ]
    },
    {
        "type": "message",
        "user": "U62V7G8J1",
        "text": "Pas de soucis <@U54C5S7V2> c'est top",
        "ts": "1503047113.000231"
    },
    {
        "type": "message",
        "user": "U54C5S7V2",
        "text": "Si ça vous intéresse, je vous tiendrai au jus de l'évolution puisque c'est un site white que je compte gérer à long terme. Là j'ai choppé de nouveaux backlinks très quali, j'attends l'impact d'ici 15j\/1 mois où je devrais commencer à drainer un trafic notable via SEO.",
        "ts": "1503047712.000131"
    },
    {
        "type": "message",
        "user": "U62V7G8J1",
        "text": "Normalmeent l'impact des BLs est plus rapide qu'avant :slightly_smiling_face:",
        "ts": "1503052237.000169"
    },
    {
        "type": "message",
        "user": "U62V7G8J1",
        "text": "Maintenant que ton site est correctement indexé",
        "ts": "1503052280.000054"
    },
    {
        "type": "message",
        "user": "U546L44SJ",
        "text": "j’ai noté une nette amélioration en ajoutant les micro-datas sur mes articles btw",
        "ts": "1503053414.000041"
    },
    {
        "type": "message",
        "user": "U546L44SJ",
        "text": "pourtant sur internet ce n’est pas inscrit comme un facteur determinant...",
        "ts": "1503053440.000321"
    },
    {
        "type": "message",
        "user": "U54PQ74HF",
        "text": "avec la position zéro qui est de plus en plus optimisé\/utilisé par google, je pense que les micro-data vont devenir un facteur clé (si on considère que ce n'est déjà pas le cas), de toute façon maintenant y'a pas photo, l'optimisation sémantique fait les 3\/4 du taff",
        "edited": {
            "user": "U54PQ74HF",
            "ts": "1503054651.000000"
        },
        "ts": "1503054528.000239"
    },
    {
        "type": "message",
        "user": "U54C5S7V2",
        "text": "vous connaissez un bon article avec des conseils pour obtenir la position zero d'ailleurs?",
        "ts": "1503057532.000084"
    },
    {
        "type": "message",
        "user": "U57DAHPE1",
        "text": "Les Featured Snippets !",
        "ts": "1503058012.000092",
        "reactions": [
            {
                "name": "pray",
                "users": [
                    "U546L44SJ"
                ],
                "count": 1
            }
        ]
    },
    {
        "type": "message",
        "user": "U57DAHPE1",
        "text": "En gros tu dois avoir un site qui a déjà un bon DA et être présent sur la première page pour tes requêtes. Ensuite tu écris des How to avec 3-4 bullet points et tu vois lesquels performent.",
        "ts": "1503058061.000265"
    },
    {
        "type": "message",
        "user": "U57DAHPE1",
        "text": "<https:\/\/searchenginewatch.com\/2017\/06\/15\/how-to-optimize-for-googles-featured-snippets\/>",
        "ts": "1503058155.000246",
        "reactions": [
            {
                "name": "pray",
                "users": [
                    "U54C5S7V2"
                ],
                "count": 1
            }
        ]
    },
    {
        "type": "message",
        "user": "U54NAL317",
        "text": "Par contre, j'avais lu un jour un article d'un site Internet qui fournissait les \"net worth\" des célébrités. Ils avaient un trafic et un ranking de dingue. Du coup google leur a donné l'accès aux Rich Snppet (eux n'avaient pas fait la demande, c'était encore au début des rich snippet). Alors les mecs au début ce sont dit super ! Sauf que rapidement ils ont déchanté. Lorsque les visiteurs tapaient sur google \"What is the net worth of Brad Pitt ?\" au lieu d'avoir le lien de ce site en rank #1, il y avait la rich snippet avec directement la réponse \"$XX billions\" du coup ils ont vu leur trafic (et leur business) décroître rapidement. Plus besoin de cliquer sur le site pour avoir la réponse. Ils ont plus tard bataillé pour que Google retirer leurs richs snippets (je ne sais plus si ils avaient réussi finalement)",
        "edited": {
            "user": "U54NAL317",
            "ts": "1503059002.000000"
        },
        "ts": "1503058888.000003"
    },
    {
        "type": "message",
        "user": "U57DAHPE1",
        "text": "T’as raison ça dépends en effet de ton Business model et du type d’info que l’utilisateur recherche. Si t’es un site d’information pure et que ta valeur ajoutée informative est faible (ton site en question), ça n’a pas d’intérêt. Surtout si les bonhommes étaient déjà #1 ou 2",
        "ts": "1503059343.000342"
    },
    {
        "type": "message",
        "user": "U57DAHPE1",
        "text": "Le bon truc à faire c’est de faire un how to qui attire quand même le regard et pousse ton mec à clicker. j’ai un site qui fait de la santé en ce moment. Ben crois-moi que ton utilisateur il va clicker + loin que le how to parce qu’il flippe et veut avoir plus d’info que ce qui est indiqué dans google ainsi que d’avoir des articles connexes.",
        "ts": "1503059534.000270"
    },
    {
        "type": "message",
        "user": "U612RQTSR",
        "text": "= pute à clic ?",
        "ts": "1503059609.000033"
    },
    {
        "type": "message",
        "user": "U612RQTSR",
        "text": "(excusez l'expression hein)",
        "ts": "1503059637.000138"
    },
    {
        "type": "message",
        "user": "U54PQ74HF",
        "text": "C'est la limite de la position zero effectivement, mais le plus gros gagne pain dans le featured snippet, je pense que c'est la visibilité pour la reconnaissance vocale. Qui bientôt vaudra réellement de l'or",
        "edited": {
            "user": "U54PQ74HF",
            "ts": "1503059764.000000"
        },
        "ts": "1503059748.000014",
        "reactions": [
            {
                "name": "pray",
                "users": [
                    "U57DAHPE1"
                ],
                "count": 1
            }
        ]
    },
    {
        "type": "message",
        "user": "U62V7G8J1",
        "text": "J'avais une entreprise de BTP spécialisée dans des techniques particulières de fondations en zone marécageuses (tu veux de la niche ? en voilà !) \n\nBref, au final avec la position 0, c'était très intéressant pour eux. Car l'utilisateur voulait en savoir plus, donc obligé de cliquer. \n\nTout dépend de ton industrie comme d'hab :slightly_smiling_face:",
        "ts": "1503063964.000534",
        "reactions": [
            {
                "name": "+1",
                "users": [
                    "U54C5S7V2",
                    "U54PQ74HF"
                ],
                "count": 2
            }
        ]
    },
    {
        "type": "message",
        "user": "U54C5S7V2",
        "text": "ca remplace tout simplement le taux de rebond: si ta page n'a pas de valeur, tu te prends un rebond de fou, et si tu es dans ce cas, la position zero te tue ton traffic.\nSi tu as un rebond pas trop élevé, les gens viendront meme si tu choppe la position zero (le rebond indiquant la qualité de ta page généralement)",
        "edited": {
            "user": "U54C5S7V2",
            "ts": "1503064454.000000"
        },
        "ts": "1503064313.000647"
    },
    {
        "type": "message",
        "user": "U5C86111D",
        "text": "faut faire attention entre pogosticking et taux de rebonds",
        "edited": {
            "user": "U5C86111D",
            "ts": "1503065927.000000"
        },
        "ts": "1503065895.000309"
    },
    {
        "type": "message",
        "user": "U5C86111D",
        "text": "si ma page à la bonne info mais que je n'ai pas besoin d'aller plus loin, ma page aura un taux de rebonds plus haut mais c'est cool en UX vs le pogo ou je vais chercher plus loin",
        "edited": {
            "user": "U5C86111D",
            "ts": "1503068088.000000"
        },
        "ts": "1503065910.000203"
    },
    {
        "type": "message",
        "user": "U62V7G8J1",
        "text": "Courant chez les médias d'information",
        "ts": "1503066204.000670"
    },
    {
        "type": "message",
        "user": "U62V7G8J1",
        "text": "Après c'est possible de créer une espèce d'event qui trigger au moment du scroll et fait en sorte que même si le visiteur quitte la page sans cliquer ailleurs, ça ne compte pas comme du BR",
        "ts": "1503066248.000563"
    }
]