[
    {
        "type": "message",
        "user": "U54NAL317",
        "text": "<http:\/\/www.journaldunet.com\/solutions\/seo-referencement\/1195455-seo-les-criteres-les-plus-importants-selon-140-referenceurs\/>",
        "attachments": [
            {
                "title": "SEO : les critères les plus importants selon 140 référenceurs",
                "title_link": "http:\/\/www.journaldunet.com\/solutions\/seo-referencement\/1195455-seo-les-criteres-les-plus-importants-selon-140-referenceurs\/",
                "text": "Quels facteurs ont le plus de poids en matière de référencement naturel ? Le JDN a demandé l'avis de spécialistes français et compilé leurs réponses. Voici les résultats.",
                "fallback": "SEO : les critères les plus importants selon 140 référenceurs",
                "thumb_url": "http:\/\/img-0.journaldunet.com\/e-opqYwPtPcEjuS2s94hWXxPcEM=\/350x\/smart\/730cfa6bac7943b6873f7d9bc87efaff\/ccmcms-jdn\/10553464.jpg",
                "from_url": "http:\/\/www.journaldunet.com\/solutions\/seo-referencement\/1195455-seo-les-criteres-les-plus-importants-selon-140-referenceurs\/",
                "thumb_width": 350,
                "thumb_height": 233,
                "service_icon": "http:\/\/static.ccmbg.com\/www.journaldunet.com\/img\/icons\/iconiphone.png?201706121427",
                "service_name": "journaldunet.com",
                "id": 1
            }
        ],
        "ts": "1499942956.312589"
    },
    {
        "type": "message",
        "user": "U5C86111D",
        "text": "Présence de la balise “author” wtf",
        "ts": "1499945531.074926",
        "reactions": [
            {
                "name": "sweat_smile",
                "users": [
                    "U53GAFF8R"
                ],
                "count": 1
            }
        ]
    },
    {
        "type": "message",
        "user": "U57DAHPE1",
        "text": "La balise author sert de plus en plus pour les sites de santé et en rapport avec l’argent (conseil financier, jeu d’argent). C’est une façon pour google de trouver qui est derrière le site et éviter les arnaques. Ils vont l’appliquer aux fake news ensuite.",
        "ts": "1499951307.192472"
    }
]