[
    {
        "user": "U5AHB5SQ3",
        "text": "<@U5AHB5SQ3> has joined the channel",
        "type": "message",
        "subtype": "channel_join",
        "ts": "1494318632.754421"
    },
    {
        "user": "U57DAHPE1",
        "text": "<@U57DAHPE1> has joined the channel",
        "type": "message",
        "subtype": "channel_join",
        "ts": "1494320529.373873"
    },
    {
        "user": "U57D8UM97",
        "text": "<@U57D8UM97> has joined the channel",
        "type": "message",
        "subtype": "channel_join",
        "ts": "1494323308.281794"
    }
]