[
    {
        "type": "message",
        "user": "U57DAHPE1",
        "text": "<https:\/\/www.rhinorank.io\/curated-links\/>",
        "ts": "1511626788.000058"
    },
    {
        "type": "message",
        "user": "U57DAHPE1",
        "text": "Vous en pensez quoi niveau achat de liens ?",
        "thread_ts": "1511626800.000076",
        "reply_count": 4,
        "replies": [
            {
                "user": "U54KSDKCY",
                "ts": "1511631861.000059"
            },
            {
                "user": "U54PABTGW",
                "ts": "1511640921.000002"
            },
            {
                "user": "U54PABTGW",
                "ts": "1511640932.000108"
            },
            {
                "user": "U54PABTGW",
                "ts": "1511640954.000039"
            }
        ],
        "unread_count": 4,
        "ts": "1511626800.000076"
    },
    {
        "type": "message",
        "user": "U54KSDKCY",
        "text": "<http:\/\/Rocketlinks.fr|Rocketlinks.fr> : en chute\nVIPSEO : en croissance\nEreferer : un des meilleur pour les annuaires\n<http:\/\/Soumettre.fr|Soumettre.fr> : un peu cher\n\nOn m'a conseillé ces sites cette semaine en formation ",
        "thread_ts": "1511626800.000076",
        "parent_user_id": "U57DAHPE1",
        "ts": "1511631861.000059",
        "reactions": [
            {
                "name": "+1",
                "users": [
                    "U57U6TBDH"
                ],
                "count": 1
            }
        ]
    },
    {
        "type": "message",
        "user": "U54PABTGW",
        "text": "j'ai un mec de thailande sur fb qui m'a envoyé une liste de plusieurs centaines de sites pour du backlinks \/ articles",
        "thread_ts": "1511626800.000076",
        "parent_user_id": "U57DAHPE1",
        "ts": "1511640921.000002"
    },
    {
        "type": "message",
        "user": "U54PABTGW",
        "text": "je connais pas les prix parcontre",
        "thread_ts": "1511626800.000076",
        "parent_user_id": "U57DAHPE1",
        "ts": "1511640932.000108"
    },
    {
        "type": "message",
        "user": "U54PABTGW",
        "text": "sinon <http:\/\/www.backlinks.fr\/>",
        "thread_ts": "1511626800.000076",
        "parent_user_id": "U57DAHPE1",
        "ts": "1511640954.000039"
    },
    {
        "type": "message",
        "user": "U54PABTGW",
        "text": "Bon du coup je cherche une âme charitable, j'ai une liste de keywords j'aurai besoin des volumes de recherches associés. Quelqu'un aurait-il la possibilité de me faire les exports ? Ca me dérange de devoir monter une campagne bidon pour avoir les volumes. Et <http:\/\/keywordtool.io|keywordtool.io> c'est hors de prix.",
        "edited": {
            "user": "U54PABTGW",
            "ts": "1511645479.000000"
        },
        "ts": "1511645452.000055"
    }
]