[
    {
        "type": "message",
        "user": "U54NAL317",
        "text": "<https:\/\/ahrefs.com\/blog\/facebook-seo-groups>",
        "attachments": [
            {
                "service_name": "SEO Blog by Ahrefs",
                "title": "15 Facebook Groups Every SEO Should Join",
                "title_link": "https:\/\/ahrefs.com\/blog\/facebook-seo-groups",
                "text": "A comprehensive review of the best hand-picked Facebook groups for SEOs. The best places to learn SEO and to get your questions answered.",
                "fallback": "SEO Blog by Ahrefs: 15 Facebook Groups Every SEO Should Join",
                "image_url": "https:\/\/ahrefs.com\/blog\/wp-content\/uploads\/2017\/11\/ahrefs-fb-15-groups-2.png",
                "image_width": 480,
                "image_height": 250,
                "ts": 1512413860,
                "from_url": "https:\/\/ahrefs.com\/blog\/facebook-seo-groups",
                "image_bytes": 36664,
                "service_icon": "https:\/\/ahrefs.com\/favicon.ico",
                "id": 1
            }
        ],
        "ts": "1512732524.000280"
    },
    {
        "type": "message",
        "user": "U62V7G8J1",
        "text": "Bof la moitié d'entre eux sont inactifs ou inintéressants",
        "ts": "1512732892.000230"
    },
    {
        "type": "message",
        "user": "U54NAL317",
        "text": "ah",
        "ts": "1512733117.000045"
    },
    {
        "type": "message",
        "user": "U62V7G8J1",
        "text": "ouais puis pour ceux qui sont actifs, soit c'est du très noob, soit c'est du très technical pour la maintenance de PBN",
        "ts": "1512733222.000215"
    },
    {
        "type": "message",
        "user": "U57DAHPE1",
        "text": "<@U62V7G8J1> D’ailleurs toi les PBN t’en fais encore aujourd’hui ou c’est devenu mort ?",
        "ts": "1512745143.000167"
    },
    {
        "type": "message",
        "user": "U62V7G8J1",
        "text": "J'en construis ou j'achète des liens à des PBNs ?",
        "ts": "1512745165.000434"
    },
    {
        "type": "message",
        "user": "U62V7G8J1",
        "text": "Car je n'en construis pas. Faut une taille critique pour avoir des PBNs efficients je trouve. Par contre j'achète des liens sur des PBNs de 2 boîtes qui ont les plus gros PBNs français et parce que je les connais personnellement",
        "ts": "1512745228.000251"
    },
    {
        "type": "message",
        "user": "U62V7G8J1",
        "text": "Après, je me tâte toujours :stuck_out_tongue:",
        "ts": "1512745277.000200"
    },
    {
        "type": "message",
        "user": "U62V7G8J1",
        "text": "Mais un PBN ça s'automatise et ça requiert certaines compétences dev que je n'ai pas",
        "ts": "1512745291.000637"
    },
    {
        "type": "message",
        "user": "U62V7G8J1",
        "text": "Mais il y a des jours où je me tâte à racheter des domaines, à spin du content, et à vendre des articles via marketplace",
        "ts": "1512745309.000633"
    },
    {
        "type": "message",
        "user": "U62V7G8J1",
        "text": "Wallah tu sais tout :slightly_smiling_face:",
        "ts": "1512745312.000480"
    },
    {
        "type": "message",
        "user": "U57DAHPE1",
        "text": "Bismillah Rohya",
        "ts": "1512745376.000524"
    },
    {
        "type": "message",
        "user": "U57DAHPE1",
        "text": "Ouais ça coutera moins cher au final d’acheter du lien DA 30",
        "ts": "1512745440.000201"
    },
    {
        "type": "message",
        "user": "U62V7G8J1",
        "text": "Ca dépend tu les achètes où?",
        "ts": "1512748164.000677"
    },
    {
        "type": "message",
        "user": "U57DAHPE1",
        "text": "Jamais fait, mais les prix sur les thématiques qui m’intéressaient étaient entre 150 et 350",
        "ts": "1512750783.000762"
    }
]