[
    {
        "user": "U55UELFBL",
        "text": "<@U55UELFBL> has joined the channel",
        "type": "message",
        "subtype": "channel_join",
        "ts": "1511183238.000059"
    },
    {
        "type": "message",
        "user": "U54NAL317",
        "text": "<https:\/\/webmaster-fr.googleblog.com\/2017\/11\/conference-le-seo-en-2018-google-paris.html>",
        "attachments": [
            {
                "service_name": "Blog Officiel de Google pour les webmasters",
                "title": "Conférence \"Le SEO en 2018\" à Google Paris le 1er décembre 2017",
                "title_link": "https:\/\/webmaster-fr.googleblog.com\/2017\/11\/conference-le-seo-en-2018-google-paris.html",
                "text": "Le 1er décembre 2017, à partir de 9h, Google accueillera l'écosystème francophone dans ses locaux parisiens pour une conférence ayant pour...",
                "fallback": "Blog Officiel de Google pour les webmasters: Conférence \"Le SEO en 2018\" à Google Paris le 1er décembre 2017",
                "thumb_url": "http:\/\/2.bp.blogspot.com\/-7bZ5EziliZQ\/VynIS9F7OAI\/AAAAAAAASQ0\/BJFntXCAntstZe6hQuo5KTrhi5Dyz9yHgCK4B\/s1600\/googlelogo_color_200x200.png",
                "from_url": "https:\/\/webmaster-fr.googleblog.com\/2017\/11\/conference-le-seo-en-2018-google-paris.html",
                "thumb_width": 200,
                "thumb_height": 200,
                "service_icon": "https:\/\/webmaster-fr.googleblog.com\/favicon.ico",
                "id": 1
            }
        ],
        "thread_ts": "1511191386.000796",
        "reply_count": 1,
        "replies": [
            {
                "user": "U57DAHPE1",
                "ts": "1511217890.000160"
            }
        ],
        "unread_count": 1,
        "ts": "1511191386.000796",
        "reactions": [
            {
                "name": "+1",
                "users": [
                    "U543MU39P",
                    "U5519FU87",
                    "U57DAHPE1",
                    "U5CQPG96J",
                    "U61LBKVEF",
                    "U62V7G8J1",
                    "U7Q1TP0NT"
                ],
                "count": 7
            },
            {
                "name": "raised_hands",
                "users": [
                    "U55FFTX6J"
                ],
                "count": 1
            }
        ]
    },
    {
        "type": "message",
        "user": "U54UCL8EM",
        "text": "c’est deja full",
        "ts": "1511212724.000679"
    },
    {
        "type": "message",
        "user": "U57DAHPE1",
        "text": "Merci pour le tips ! :wink:",
        "edited": {
            "user": "U57DAHPE1",
            "ts": "1511217899.000000"
        },
        "thread_ts": "1511191386.000796",
        "parent_user_id": "U54NAL317",
        "ts": "1511217890.000160"
    }
]