[
    {
        "user": "U77JS65A4",
        "text": "<@U77JS65A4> has joined the channel",
        "type": "message",
        "subtype": "channel_join",
        "ts": "1506427463.000090"
    },
    {
        "type": "message",
        "user": "U57DAHPE1",
        "text": "Bonne nouvelle si vous avez pas de thunes et que vous voulez faire du SEO",
        "ts": "1506436508.000168"
    },
    {
        "type": "message",
        "user": "U57DAHPE1",
        "text": "<https:\/\/serpstat.com\/>",
        "attachments": [
            {
                "title": "Serpstat — Growth hacking tool for SEO, PPC and content marketing",
                "title_link": "https:\/\/serpstat.com\/",
                "text": "Smart and powerful tool for ✓ Backlinks Analysis ✓ Rank Tracking ✓ Keyword Research ✓ Competitor Analysis ✓ Site Audit.",
                "fallback": "Serpstat — Growth hacking tool for SEO, PPC and content marketing",
                "image_url": "https:\/\/serpstat.com\/img\/serpstat_wallpaper.jpg",
                "from_url": "https:\/\/serpstat.com\/",
                "image_width": 478,
                "image_height": 250,
                "image_bytes": 618640,
                "service_icon": "https:\/\/serpstat.com\/favicon.ico",
                "service_name": "serpstat.com",
                "id": 1
            }
        ],
        "ts": "1506436509.000176",
        "reactions": [
            {
                "name": "raised_hands",
                "users": [
                    "U54KSDKCY"
                ],
                "count": 1
            }
        ]
    },
    {
        "type": "message",
        "user": "U57DAHPE1",
        "text": "Ils viennent de donner l’accès à google fr",
        "ts": "1506436538.000385"
    },
    {
        "type": "message",
        "user": "U57DAHPE1",
        "text": "19 balles par mois pour 300 recherches keywords \/ jour. 200 keywords trackés. 100 backlinks queries \/ jour",
        "ts": "1506436622.000256"
    },
    {
        "type": "message",
        "user": "U57DAHPE1",
        "text": "C’est vraiment pas cher. Du moins beauuucoup moins cher que SemRush !",
        "ts": "1506436641.000325",
        "reactions": [
            {
                "name": "+1",
                "users": [
                    "U61LBKVEF"
                ],
                "count": 1
            }
        ]
    },
    {
        "type": "message",
        "user": "U57DAHPE1",
        "text": "Et pour <@U5C86111D> accès à leur API pour 70 balles par mois. C PAS CHER !",
        "ts": "1506436717.000669"
    },
    {
        "type": "message",
        "user": "U5C86111D",
        "text": ":bananadance:",
        "ts": "1506436788.000424"
    },
    {
        "user": "U77KP4YUR",
        "text": "<@U77KP4YUR> has joined the channel",
        "type": "message",
        "subtype": "channel_join",
        "ts": "1506443592.000155"
    }
]