[
    {
        "type": "message",
        "user": "U54NAL317",
        "text": "Hello\nOn intègre le snippet AggregateRating sur notre site <https:\/\/developers.google.com\/search\/docs\/data-types\/reviews#review-snippets>\nmais toutes les versions de code que l'on a trouvé demandent de rentrer les valeurs de notre note et nombre d'avis en dur dans le code\nC'est sûr qu'il existe un code pour récupérer automatiquement nos notes\/reviews google non ?\nDes idées ?",
        "ts": "1511781865.000022"
    },
    {
        "type": "message",
        "user": "U62V7G8J1",
        "text": "En gros tu fake tes reviews ?",
        "ts": "1511782086.000387"
    },
    {
        "type": "message",
        "user": "U54NAL317",
        "text": "Non pas du tout",
        "ts": "1511782138.000422"
    },
    {
        "type": "message",
        "user": "U54NAL317",
        "text": "on a de vraies reviews",
        "ts": "1511782143.000160"
    },
    {
        "type": "message",
        "user": "U57DAHPE1",
        "text": "Non tu peux difficilement le faire. Google vérifie le TF du site pour voir que c’est pas des conneries",
        "ts": "1511782144.000321"
    },
    {
        "type": "message",
        "user": "U54NAL317",
        "text": "Non mais on veut les vraies reviews justement",
        "ts": "1511782158.000142"
    },
    {
        "type": "message",
        "user": "U57DAHPE1",
        "text": "T’inquiètes c’est pour adwords &amp; co pour augmenter ton CTR, j’ai pigé",
        "ts": "1511782184.000006"
    },
    {
        "type": "message",
        "user": "U54NAL317",
        "text": "Sauf qu'actuellement avec les codes que l'on a, on doit rentrer les chiffres manuellement. Or si demain la note change, on veut que ça se mette à jour.",
        "ts": "1511782188.000069"
    },
    {
        "type": "message",
        "user": "U54NAL317",
        "text": "On a 13 reviews et une note de 4,6 mais si demain on gagne une review ou autre, il faudra changer le code en dur.",
        "edited": {
            "user": "U54NAL317",
            "ts": "1511782251.000000"
        },
        "ts": "1511782206.000069"
    },
    {
        "type": "message",
        "user": "U62V7G8J1",
        "text": "C'est pour quel site ?",
        "ts": "1511782207.000065"
    },
    {
        "type": "message",
        "user": "U54NAL317",
        "text": "<http:\/\/lesbonsprofs.com|lesbonsprofs.com>",
        "ts": "1511782215.000242"
    },
    {
        "type": "message",
        "user": "U62V7G8J1",
        "text": "Ne faudrait-il pas une intégration Avis Vérifiers \/ Trusted Pilots \/ Google Reviews ?",
        "ts": "1511782252.000213"
    },
    {
        "type": "message",
        "user": "U54NAL317",
        "text": "Ce sont les notes Google Reviews",
        "ts": "1511782262.000435"
    },
    {
        "type": "message",
        "user": "U62V7G8J1",
        "text": "Avis Vérifiés pardon",
        "ts": "1511782262.000445"
    },
    {
        "type": "message",
        "user": "U54NAL317",
        "text": "Avis vérifiés c'est l'étape d'après",
        "ts": "1511782271.000433"
    },
    {
        "type": "message",
        "user": "U62V7G8J1",
        "text": "Et ils te filent un code en dur ?",
        "ts": "1511782275.000039"
    },
    {
        "type": "message",
        "user": "U62V7G8J1",
        "text": "Rien de dynamique ?",
        "ts": "1511782281.000298"
    },
    {
        "type": "message",
        "user": "U54NAL317",
        "text": "<https:\/\/developers.google.com\/search\/docs\/data-types\/reviews#review-snippets>",
        "ts": "1511782283.000209"
    },
    {
        "type": "message",
        "user": "U54NAL317",
        "text": "je veux ça :",
        "edited": {
            "user": "U54NAL317",
            "ts": "1511782445.000000"
        },
        "ts": "1511782320.000257"
    },
    {
        "type": "message",
        "subtype": "file_share",
        "text": "<@U54NAL317> uploaded a file: <https:\/\/growthhackingfrance.slack.com\/files\/U54NAL317\/F85N95PHR\/image.png|image>",
        "file": {
            "id": "F85N95PHR",
            "created": 1511782325,
            "timestamp": 1511782325,
            "name": "image.png",
            "title": "image",
            "mimetype": "image\/png",
            "filetype": "png",
            "pretty_type": "PNG",
            "user": "U54NAL317",
            "editable": false,
            "size": 17690,
            "mode": "hosted",
            "is_external": false,
            "external_type": "",
            "is_public": true,
            "public_url_shared": false,
            "display_as_bot": false,
            "username": "",
            "url_private": "https:\/\/files.slack.com\/files-pri\/T53A65FDZ-F85N95PHR\/image.png?t=xoxe-173346185475-301971345667-302189523445-be5392310f98480a534c383e5d92ddc3",
            "url_private_download": "https:\/\/files.slack.com\/files-pri\/T53A65FDZ-F85N95PHR\/download\/image.png?t=xoxe-173346185475-301971345667-302189523445-be5392310f98480a534c383e5d92ddc3",
            "thumb_64": "https:\/\/files.slack.com\/files-tmb\/T53A65FDZ-F85N95PHR-dbaffba734\/image_64.png?t=xoxe-173346185475-301971345667-302189523445-be5392310f98480a534c383e5d92ddc3",
            "thumb_80": "https:\/\/files.slack.com\/files-tmb\/T53A65FDZ-F85N95PHR-dbaffba734\/image_80.png?t=xoxe-173346185475-301971345667-302189523445-be5392310f98480a534c383e5d92ddc3",
            "thumb_360": "https:\/\/files.slack.com\/files-tmb\/T53A65FDZ-F85N95PHR-dbaffba734\/image_360.png?t=xoxe-173346185475-301971345667-302189523445-be5392310f98480a534c383e5d92ddc3",
            "thumb_360_w": 234,
            "thumb_360_h": 126,
            "thumb_160": "https:\/\/files.slack.com\/files-tmb\/T53A65FDZ-F85N95PHR-dbaffba734\/image_160.png?t=xoxe-173346185475-301971345667-302189523445-be5392310f98480a534c383e5d92ddc3",
            "image_exif_rotation": 1,
            "original_w": 234,
            "original_h": 126,
            "permalink": "https:\/\/growthhackingfrance.slack.com\/files\/U54NAL317\/F85N95PHR\/image.png",
            "permalink_public": "https:\/\/slack-files.com\/T53A65FDZ-F85N95PHR-1700b03e39",
            "channels": [],
            "groups": [],
            "ims": [],
            "comments_count": 1
        },
        "user": "U54NAL317",
        "upload": true,
        "display_as_bot": false,
        "username": "melanie_almeida",
        "bot_id": null,
        "ts": "1511782326.000121"
    },
    {
        "type": "message",
        "subtype": "file_comment",
        "text": "<@U54KSDKCY> commented on <@U54NAL317>’s file <https:\/\/growthhackingfrance.slack.com\/files\/U54NAL317\/F85N95PHR\/image.png|image>: Et si tu l'intègre en amont via les données structurées ? (D'ailleurs ça peut se faire via GTM pour éviter de passer par la team dev : <https:\/\/moz.com\/blog\/using-google-tag-manager-to-dynamically-generate-schema-org-json-ld-tags> )",
        "file": {
            "id": "F85N95PHR",
            "created": 1511782325,
            "timestamp": 1511782325,
            "name": "image.png",
            "title": "image",
            "mimetype": "image\/png",
            "filetype": "png",
            "pretty_type": "PNG",
            "user": "U54NAL317",
            "editable": false,
            "size": 17690,
            "mode": "hosted",
            "is_external": false,
            "external_type": "",
            "is_public": true,
            "public_url_shared": false,
            "display_as_bot": false,
            "username": "",
            "url_private": "https:\/\/files.slack.com\/files-pri\/T53A65FDZ-F85N95PHR\/image.png?t=xoxe-173346185475-301971345667-302189523445-be5392310f98480a534c383e5d92ddc3",
            "url_private_download": "https:\/\/files.slack.com\/files-pri\/T53A65FDZ-F85N95PHR\/download\/image.png?t=xoxe-173346185475-301971345667-302189523445-be5392310f98480a534c383e5d92ddc3",
            "thumb_64": "https:\/\/files.slack.com\/files-tmb\/T53A65FDZ-F85N95PHR-dbaffba734\/image_64.png?t=xoxe-173346185475-301971345667-302189523445-be5392310f98480a534c383e5d92ddc3",
            "thumb_80": "https:\/\/files.slack.com\/files-tmb\/T53A65FDZ-F85N95PHR-dbaffba734\/image_80.png?t=xoxe-173346185475-301971345667-302189523445-be5392310f98480a534c383e5d92ddc3",
            "thumb_360": "https:\/\/files.slack.com\/files-tmb\/T53A65FDZ-F85N95PHR-dbaffba734\/image_360.png?t=xoxe-173346185475-301971345667-302189523445-be5392310f98480a534c383e5d92ddc3",
            "thumb_360_w": 234,
            "thumb_360_h": 126,
            "thumb_160": "https:\/\/files.slack.com\/files-tmb\/T53A65FDZ-F85N95PHR-dbaffba734\/image_160.png?t=xoxe-173346185475-301971345667-302189523445-be5392310f98480a534c383e5d92ddc3",
            "image_exif_rotation": 1,
            "original_w": 234,
            "original_h": 126,
            "permalink": "https:\/\/growthhackingfrance.slack.com\/files\/U54NAL317\/F85N95PHR\/image.png",
            "permalink_public": "https:\/\/slack-files.com\/T53A65FDZ-F85N95PHR-1700b03e39",
            "channels": [],
            "groups": [],
            "ims": [],
            "comments_count": 1
        },
        "comment": {
            "id": "Fc85563GV6",
            "created": 1511782652,
            "timestamp": 1511782652,
            "user": "U54KSDKCY",
            "is_intro": false,
            "comment": "Et si tu l'intègre en amont via les données structurées ? (D'ailleurs ça peut se faire via GTM pour éviter de passer par la team dev : <https:\/\/moz.com\/blog\/using-google-tag-manager-to-dynamically-generate-schema-org-json-ld-tags> )",
            "reactions": [
                {
                    "name": "slightly_smiling_face",
                    "users": [
                        "U54NAL317"
                    ],
                    "count": 1
                }
            ]
        },
        "is_intro": false,
        "ts": "1511782652.000175"
    },
    {
        "type": "message",
        "user": "U54NAL317",
        "text": "thanks, je vais regarder",
        "ts": "1511782671.000359"
    },
    {
        "type": "message",
        "user": "U54NAL317",
        "text": "ça m'a l'air vraiment pas mal :slightly_smiling_face:\nMême pour le shema blog posts :slightly_smiling_face:",
        "thread_ts": "1511782907.000034",
        "reply_count": 8,
        "replies": [
            {
                "user": "U54KSDKCY",
                "ts": "1511786967.000485"
            },
            {
                "user": "U54NAL317",
                "ts": "1511787040.000156"
            },
            {
                "user": "U54KSDKCY",
                "ts": "1511787263.000164"
            },
            {
                "user": "U54NAL317",
                "ts": "1511787358.000144"
            },
            {
                "user": "U54KSDKCY",
                "ts": "1511787386.000267"
            },
            {
                "user": "U54NAL317",
                "ts": "1511787414.000072"
            },
            {
                "user": "U54KSDKCY",
                "ts": "1511787455.000232"
            },
            {
                "user": "U54NAL317",
                "ts": "1511787466.000318"
            }
        ],
        "unread_count": 8,
        "ts": "1511782907.000034"
    },
    {
        "type": "message",
        "user": "U54KSDKCY",
        "text": "Nous ça marche bien, j'ai mis les Reviews en snippet, c'est top. Reste à voir si le CTR est effectivement impacté mais je vois pas pourquoi il ne le serai pas :wink:",
        "thread_ts": "1511782907.000034",
        "parent_user_id": "U54NAL317",
        "ts": "1511786967.000485"
    },
    {
        "type": "message",
        "user": "U54NAL317",
        "text": "Dans l'article que tu m'as envoyé ils reprennent en dom les éléments des articles du blog pour les générer automatiquement.\nMais comment fais-tu si les reviews ne sont pas sur le site mais viennent de google ?",
        "thread_ts": "1511782907.000034",
        "parent_user_id": "U54NAL317",
        "ts": "1511787040.000156"
    },
    {
        "type": "message",
        "user": "U54KSDKCY",
        "text": "Y'a deux sources de Reviews dans les snippets : ceux que tu ajoutes à la main, ou ceux d'un autour, j'ai pas vu de possibilité d'ajouter une source autre : <https:\/\/developers.google.com\/search\/docs\/data-types\/reviews#review-snippet-guidelines>",
        "thread_ts": "1511782907.000034",
        "parent_user_id": "U54NAL317",
        "ts": "1511787263.000164"
    },
    {
        "type": "message",
        "user": "U54NAL317",
        "text": "mais si ce sont celles de Google My business ?",
        "thread_ts": "1511782907.000034",
        "parent_user_id": "U54NAL317",
        "ts": "1511787358.000144"
    },
    {
        "type": "message",
        "user": "U54KSDKCY",
        "text": "I don't know :confused:",
        "thread_ts": "1511782907.000034",
        "parent_user_id": "U54NAL317",
        "ts": "1511787386.000267"
    },
    {
        "type": "message",
        "user": "U54NAL317",
        "text": "pas de souci \nEn tout cas je vais pouvoir mettre mes shema blog post sans mes devs grâce à toi :slightly_smiling_face:",
        "thread_ts": "1511782907.000034",
        "parent_user_id": "U54NAL317",
        "ts": "1511787414.000072"
    },
    {
        "type": "message",
        "user": "U54KSDKCY",
        "text": "Eheh avec plaisir! J'étais content d'avoir trouvé ça. GTM enlève vraiment des épines du pied :slightly_smiling_face:",
        "thread_ts": "1511782907.000034",
        "parent_user_id": "U54NAL317",
        "ts": "1511787455.000232"
    },
    {
        "type": "message",
        "user": "U54NAL317",
        "text": ":heart: GTM",
        "thread_ts": "1511782907.000034",
        "parent_user_id": "U54NAL317",
        "ts": "1511787466.000318",
        "reactions": [
            {
                "name": "raised_hands",
                "users": [
                    "U54KSDKCY"
                ],
                "count": 1
            }
        ]
    },
    {
        "type": "message",
        "user": "U5635E9JN",
        "text": "Trop bien cet article ! Merci beaucoup :slightly_smiling_face:",
        "ts": "1511788882.000105"
    }
]