[
    {
        "type": "message",
        "user": "U54NAL317",
        "text": "<@U54PABTGW> ? <@U5C86111D> ? <@U57DAHPE1> ?",
        "thread_ts": "1501515834.779934",
        "parent_user_id": "U54NAL317",
        "ts": "1501575422.652072"
    },
    {
        "type": "message",
        "user": "U5C86111D",
        "text": "oui c’est mieux !",
        "thread_ts": "1501515834.779934",
        "parent_user_id": "U54NAL317",
        "ts": "1501575440.658842"
    },
    {
        "type": "message",
        "user": "U5C86111D",
        "text": "une page par thème",
        "thread_ts": "1501515834.779934",
        "parent_user_id": "U54NAL317",
        "ts": "1501575444.660796"
    },
    {
        "type": "message",
        "user": "U54NAL317",
        "text": "une URL différente selon la cible ? \nMême si je parle de la même chose et que seul le contenu change ? un contenu dynamique selon la cible",
        "thread_ts": "1501515834.779934",
        "parent_user_id": "U54NAL317",
        "ts": "1501575501.682457"
    },
    {
        "type": "message",
        "user": "U5C86111D",
        "text": "quelles sont les requêtes que tu veux te positionner ?",
        "thread_ts": "1501515834.779934",
        "parent_user_id": "U54NAL317",
        "ts": "1501575555.701699"
    },
    {
        "type": "message",
        "user": "U54NAL317",
        "text": "ce serait les mêmes requêtes pour le parent et l'élève. Des mots clés comme révisions, stages de révisions, matières, professeurs...",
        "thread_ts": "1501515834.779934",
        "parent_user_id": "U54NAL317",
        "ts": "1501575606.720089"
    },
    {
        "type": "message",
        "user": "U54N4URLZ",
        "text": "J'ai pas suivi toute la discussion mais une en voyant ce que vous dites je pense qu'une canocical suffirait",
        "thread_ts": "1501515834.779934",
        "parent_user_id": "U54NAL317",
        "ts": "1501581707.043682"
    },
    {
        "type": "message",
        "user": "U5C86111D",
        "text": "ah oui la canoni pas bête",
        "thread_ts": "1501515834.779934",
        "parent_user_id": "U54NAL317",
        "ts": "1501583221.558918"
    },
    {
        "type": "message",
        "user": "U5C86111D",
        "text": "mais pour l’user est-ce que c’est pas mieux d’avoir deux pages",
        "thread_ts": "1501515834.779934",
        "parent_user_id": "U54NAL317",
        "ts": "1501583232.562622"
    },
    {
        "type": "message",
        "user": "U5C86111D",
        "text": "chaque persona sa page",
        "thread_ts": "1501515834.779934",
        "parent_user_id": "U54NAL317",
        "ts": "1501583235.563859"
    },
    {
        "type": "message",
        "user": "U54NAL317",
        "text": "Donc je mettrai la page Parent avec une canonical et j'aurai ainsi la page élève avec la même URL ?",
        "thread_ts": "1501515834.779934",
        "parent_user_id": "U54NAL317",
        "ts": "1501583734.726492"
    },
    {
        "type": "message",
        "user": "U5C86111D",
        "text": "pas la même url mais le même contenu sans être dans le duplicate",
        "thread_ts": "1501515834.779934",
        "parent_user_id": "U54NAL317",
        "ts": "1501583769.737381"
    },
    {
        "type": "message",
        "user": "U54NAL317",
        "text": "En gros mon site sera un peu comme le site Airbnb où on switch entre hôte et guest. Dans mon cas, sur mon site on switchera entre \"Je suis Parent\", \"Je suis élève\".",
        "thread_ts": "1501515834.779934",
        "parent_user_id": "U54NAL317",
        "ts": "1501583798.746484"
    },
    {
        "type": "message",
        "user": "U54NAL317",
        "text": "Ok donc dans tous les cas les URLs ne peuvent pas être les mêmes ?",
        "thread_ts": "1501515834.779934",
        "parent_user_id": "U54NAL317",
        "ts": "1501583889.774653"
    },
    {
        "type": "message",
        "user": "U54NAL317",
        "text": "#leSEOmerendfolle",
        "edited": {
            "user": "U54NAL317",
            "ts": "1501584087.000000"
        },
        "thread_ts": "1501515834.779934",
        "parent_user_id": "U54NAL317",
        "ts": "1501584076.833006"
    },
    {
        "type": "message",
        "user": "U54N4URLZ",
        "text": "melanie est ce ces pages sont réellement importante ?",
        "thread_ts": "1501515834.779934",
        "parent_user_id": "U54NAL317",
        "ts": "1501584089.836904"
    },
    {
        "type": "message",
        "user": "U54N4URLZ",
        "text": "d'un poitn de vue SEO",
        "thread_ts": "1501515834.779934",
        "parent_user_id": "U54NAL317",
        "ts": "1501584092.838032"
    },
    {
        "type": "message",
        "user": "U54NAL317",
        "text": "Oui d'un point de vue SEO et utilisateur",
        "thread_ts": "1501515834.779934",
        "parent_user_id": "U54NAL317",
        "ts": "1501584110.843722"
    },
    {
        "type": "message",
        "user": "U54N4URLZ",
        "text": "ok alors tu as deux choix selon la strategie que tu veux suivre :\n1) 2 pages identique (sauf url) avec balise canonical\n2) tu spin les pages suffisament bien pour pas faire de duplicate",
        "thread_ts": "1501515834.779934",
        "parent_user_id": "U54NAL317",
        "ts": "1501584169.862024"
    },
    {
        "text": "je pense que l'ption 1 est la mieux",
        "thread_ts": "1501515834.779934",
        "type": "message",
        "subtype": "thread_broadcast",
        "user": "U54N4URLZ",
        "root": {
            "type": "message",
            "user": "U54NAL317",
            "text": "et est-ce que les URLs doivent aussi être différentes ?\nexemple: .com.stages pour le parent et .com\/stages pour l'élève ?",
            "thread_ts": "1501515834.779934",
            "reply_count": 23,
            "replies": [
                {
                    "user": "U54NAL317",
                    "ts": "1501575422.652072"
                },
                {
                    "user": "U5C86111D",
                    "ts": "1501575440.658842"
                },
                {
                    "user": "U5C86111D",
                    "ts": "1501575444.660796"
                },
                {
                    "user": "U54NAL317",
                    "ts": "1501575501.682457"
                },
                {
                    "user": "U5C86111D",
                    "ts": "1501575555.701699"
                },
                {
                    "user": "U54NAL317",
                    "ts": "1501575606.720089"
                },
                {
                    "user": "U54N4URLZ",
                    "ts": "1501581707.043682"
                },
                {
                    "user": "U5C86111D",
                    "ts": "1501583221.558918"
                },
                {
                    "user": "U5C86111D",
                    "ts": "1501583232.562622"
                },
                {
                    "user": "U5C86111D",
                    "ts": "1501583235.563859"
                },
                {
                    "user": "U54NAL317",
                    "ts": "1501583734.726492"
                },
                {
                    "user": "U5C86111D",
                    "ts": "1501583769.737381"
                },
                {
                    "user": "U54NAL317",
                    "ts": "1501583798.746484"
                },
                {
                    "user": "U54NAL317",
                    "ts": "1501583889.774653"
                },
                {
                    "user": "U54NAL317",
                    "ts": "1501584076.833006"
                },
                {
                    "user": "U54N4URLZ",
                    "ts": "1501584089.836904"
                },
                {
                    "user": "U54N4URLZ",
                    "ts": "1501584092.838032"
                },
                {
                    "user": "U54NAL317",
                    "ts": "1501584110.843722"
                },
                {
                    "user": "U54N4URLZ",
                    "ts": "1501584169.862024"
                },
                {
                    "user": "U54N4URLZ",
                    "ts": "1501584258.889751"
                },
                {
                    "user": "U54N4URLZ",
                    "ts": "1501584340.916369"
                },
                {
                    "user": "U54NAL317",
                    "ts": "1501584356.921486"
                },
                {
                    "user": "U54N4URLZ",
                    "ts": "1501584363.923713"
                }
            ],
            "unread_count": 23,
            "ts": "1501515834.779934"
        },
        "ts": "1501584258.889751"
    },
    {
        "timestamp": "1501584258889751",
        "is_multiteam": false,
        "slog_is_shared": "0",
        "slog_is_mpdm": "0",
        "slog_is_slackbot_dm": false,
        "slog_is_self_dm": false,
        "is_thread_broadcast": true,
        "plain_text": "je pense que l'ption 1 est la mieux",
        "new_broadcast": true,
        "attachments": [
            {
                "from_url": "https:\/\/growthhackingfrance.slack.com\/archives\/C54JX6R62\/p1501515834779934",
                "fallback": "[July 31st, 2017 8:43 AM] melanie_almeida: et est-ce que les URLs doivent aussi être différentes ?\nexemple: .com.stages pour le parent et .com\/stages pour l'élève ?",
                "ts": "1501515834.779934",
                "author_subname": "melanie_almeida",
                "channel_id": "C54JX6R62",
                "channel_name": "seo",
                "is_msg_unfurl": true,
                "is_thread_root_unfurl": true,
                "text": "et est-ce que les URLs doivent aussi être différentes ?\nexemple: .com.stages pour le parent et .com\/stages pour l'élève ?",
                "author_name": "Melanie Almeida",
                "author_link": "https:\/\/growthhackingfrance.slack.com\/team\/melanie_almeida",
                "author_icon": "https:\/\/avatars.slack-edge.com\/2017-04-28\/176028043970_6c9a12a9a7993e556fb4_48.jpg",
                "mrkdwn_in": [
                    "text"
                ],
                "id": 1,
                "footer": "20 replies"
            },
            {
                "fallback": "je pense que l'ption 1 est la mieux",
                "author_name": "Jonathan Maurin",
                "author_subname": "jaunejaune",
                "text": "je pense que l'ption 1 est la mieux",
                "mrkdwn_in": [
                    "text"
                ],
                "author_link": "https:\/\/growthhackingfrance.slack.com\/team\/jaunejaune",
                "from_url": "https:\/\/growthhackingfrance.slack.com\/archives\/C54JX6R62\/p1501584258889751?thread_ts=1501515834779934&cid=C54JX6R62",
                "ts": "1501584258.889751",
                "author_icon": "https:\/\/secure.gravatar.com\/avatar\/718861d035a6f6c1ffb3c57af4faaa90.jpg?s=48&d=https%3A%2F%2Fa.slack-edge.com%2F66f9%2Fimg%2Favatars%2Fava_0016-48.png",
                "id": 2
            }
        ],
        "text": "",
        "type": "message",
        "subtype": "reply_broadcast",
        "user": "U54N4URLZ",
        "ts": "1501584258.889787"
    },
    {
        "type": "message",
        "user": "U54N4URLZ",
        "text": "si c'est important d'un point de vue SEO alors tes visiteurs tomberont sur l'une ou l'autre peut importe si elles sont pareil. ensuite tu mets ta balise canonical et tu fais un CTA \"vous êtes eleves, par ici !\" et basta.",
        "thread_ts": "1501515834.779934",
        "parent_user_id": "U54NAL317",
        "ts": "1501584340.916369"
    },
    {
        "type": "message",
        "user": "U54NAL317",
        "text": "Ok je vais faire ça. Merci <@U54N4URLZ>",
        "thread_ts": "1501515834.779934",
        "parent_user_id": "U54NAL317",
        "ts": "1501584356.921486"
    },
    {
        "type": "message",
        "user": "U54N4URLZ",
        "text": "pas de probleme",
        "thread_ts": "1501515834.779934",
        "parent_user_id": "U54NAL317",
        "ts": "1501584363.923713"
    }
]