[
    {
        "type": "message",
        "user": "U54NAL317",
        "text": "<#C54JX6R62|seo>  est-ce que vous connaissez ce bouquin ? vous le recommandez ?\n<https:\/\/www.amazon.fr\/gp\/product\/2212143338\/ref=s9u_simh_gw_i3?ie=UTF8&amp;pd_rd_i=2212143338&amp;pd_rd_r=CMX0YMWY88AB6GY3CR41&amp;pd_rd_w=8QsW4&amp;pd_rd_wg=LHvFK&amp;pf_rd_m=A1X6FK5RDHNB96&amp;pf_rd_s=&amp;pf_rd_r=73Z9AJFDY0HW7522D9H5&amp;pf_rd_t=36701&amp;pf_rd_p=b2aa2a3e-4691-4349-8b50-65f9675cdf61&amp;pf_rd_i=desktop>",
        "attachments": [
            {
                "title": "Techniques de référencement web: Audit et suivi SEO.",
                "title_link": "https:\/\/www.amazon.fr\/gp\/product\/2212143338\/ref=s9u_simh_gw_i3?ie=UTF8&pd_rd_i=2212143338&pd_rd_r=CMX0YMWY88AB6GY3CR41&pd_rd_w=8QsW4&pd_rd_wg=LHvFK&pf_rd_m=A1X6FK5RDHNB96&pf_rd_s=&pf_rd_r=73Z9AJFDY0HW7522D9H5&pf_rd_t=36701&pf_rd_p=b2aa2a3e-4691-4349-8b50-65f9675cdf61&pf_rd_i=desktop",
                "text": "Techniques de référencement web: Audit et suivi SEO.",
                "fallback": "Techniques de référencement web: Audit et suivi SEO.",
                "image_url": "https:\/\/images-eu.ssl-images-amazon.com\/images\/I\/41UlEQ4rTcL._SR600%2c315_PIWhiteStrip%2cBottomLeft%2c0%2c35_PIAmznPrime%2cBottomLeft%2c0%2c-5_PIStarRatingFOURANDHALF%2cBottomLeft%2c360%2c-6_SR600%2c315_ZA(24%20Reviews)%2c445%2c286%2c400%2c400%2carial%2c12%2c4%2c0%2c0%2c5_SCLZZZZZZZ_.jpg",
                "from_url": "https:\/\/www.amazon.fr\/gp\/product\/2212143338\/ref=s9u_simh_gw_i3?ie=UTF8&pd_rd_i=2212143338&pd_rd_r=CMX0YMWY88AB6GY3CR41&pd_rd_w=8QsW4&pd_rd_wg=LHvFK&pf_rd_m=A1X6FK5RDHNB96&pf_rd_s=&pf_rd_r=73Z9AJFDY0HW7522D9H5&pf_rd_t=36701&pf_rd_p=b2aa2a3e-4691-4349-8b50-65f9675cdf61&pf_rd_i=desktop",
                "image_width": 476,
                "image_height": 250,
                "image_bytes": 17485,
                "service_icon": "https:\/\/www.amazon.fr\/favicon.ico",
                "service_name": "amazon.fr",
                "id": 1
            }
        ],
        "edited": {
            "user": "U54NAL317",
            "ts": "1504446791.000000"
        },
        "thread_ts": "1504446771.000002",
        "reply_count": 6,
        "replies": [
            {
                "user": "U61LBKVEF",
                "ts": "1504452021.000047"
            },
            {
                "user": "U55AEG97A",
                "ts": "1504456345.000070"
            },
            {
                "user": "U54NAL317",
                "ts": "1504604535.000578"
            },
            {
                "user": "U61LBKVEF",
                "ts": "1504604643.000091"
            },
            {
                "user": "U54NAL317",
                "ts": "1504604706.000293"
            },
            {
                "user": "U62V7G8J1",
                "ts": "1506356069.000208"
            }
        ],
        "unread_count": 6,
        "ts": "1504446771.000002"
    },
    {
        "type": "message",
        "user": "U61LBKVEF",
        "text": "Je connais pas celui-là. Perso j'avais commencé avec la bible d'Olivier Andrieu qui est très bien...",
        "thread_ts": "1504446771.000002",
        "parent_user_id": "U54NAL317",
        "ts": "1504452021.000047"
    },
    {
        "type": "message",
        "user": "U55AEG97A",
        "text": "Il est sympa, si tu veux le dl avant pour voir <http:\/\/ul.to\/kyjrz96v>",
        "attachments": [
            {
                "title": "Techniques_de_referencement…pdf (130,68 MB) - uploaded.net",
                "title_link": "http:\/\/ul.to\/kyjrz96v",
                "text": "the easiest way to backup and share your files with everyone.",
                "fallback": "Techniques_de_referencement…pdf (130,68 MB) - uploaded.net",
                "from_url": "http:\/\/ul.to\/kyjrz96v",
                "service_icon": "http:\/\/uploaded.net\/favicon.ico",
                "service_name": "uploaded.net",
                "id": 1
            }
        ],
        "thread_ts": "1504446771.000002",
        "parent_user_id": "U54NAL317",
        "ts": "1504456345.000070",
        "reactions": [
            {
                "name": "+1",
                "users": [
                    "U543MU39P",
                    "U546L44SJ",
                    "U54NAL317",
                    "U54PABTGW",
                    "U5519FU87"
                ],
                "count": 5
            }
        ]
    }
]