[
    {
        "user": "U5AV671TK",
        "text": "<@U5AV671TK> has joined the channel",
        "type": "message",
        "subtype": "channel_join",
        "ts": "1502874595.000174"
    },
    {
        "type": "message",
        "user": "U546L44SJ",
        "text": "Vous voyez des règles à ajouter ?",
        "ts": "1502877704.000074"
    },
    {
        "type": "message",
        "user": "U546L44SJ",
        "text": "<https:\/\/docs.google.com\/spreadsheets\/d\/1aN9SwGR1vgW2M0GB-CL43888AatpM4ERZ2KR3hhoD1A\/edit?usp=sharing>",
        "edited": {
            "user": "U546L44SJ",
            "ts": "1502878338.000000"
        },
        "ts": "1502877706.000068"
    },
    {
        "type": "message",
        "user": "U546L44SJ",
        "text": "<@U54C5S7V2> <@U57DAHPE1> <@U54139CKW> <@U62V7G8J1>",
        "ts": "1502877734.000116"
    },
    {
        "user": "U5635E9JN",
        "text": "<@U5635E9JN> has joined the channel",
        "type": "message",
        "subtype": "channel_join",
        "ts": "1502878099.000083"
    },
    {
        "type": "message",
        "user": "U546L44SJ",
        "text": "il faut que je la mette en accès public",
        "ts": "1502878208.000074"
    },
    {
        "type": "message",
        "user": "U546L44SJ",
        "text": "c’est bon ? vous avez accès ?",
        "ts": "1502878247.000105"
    },
    {
        "type": "message",
        "user": "U546L44SJ",
        "text": "<@U57DAHPE1> tu n’as pas peur que lorsque Google découvre le bordel ca fasse mal ? (je parle de faire d’utiliser google my business \/ google maps pour le référencement)",
        "edited": {
            "user": "U546L44SJ",
            "ts": "1502878596.000000"
        },
        "ts": "1502878505.000146"
    },
    {
        "type": "message",
        "user": "U5AV671TK",
        "text": "Je viens juste de débarquer sur le channel, mais à votre place je ferai un Excel sur Dropbox. Si un bot de Google lit ça, ça va faire mal",
        "ts": "1502879515.000236"
    },
    {
        "type": "message",
        "user": "U546L44SJ",
        "text": "<@U5AV671TK> tu parles de la sheet SEO ? A ce point ?",
        "edited": {
            "user": "U546L44SJ",
            "ts": "1502879676.000000"
        },
        "ts": "1502879662.000333"
    },
    {
        "type": "message",
        "user": "U5AV671TK",
        "text": "yes",
        "ts": "1502879674.000288"
    },
    {
        "type": "message",
        "user": "U546L44SJ",
        "text": "A ce point ?",
        "ts": "1502879679.000015"
    },
    {
        "type": "message",
        "user": "U5AV671TK",
        "text": "mec en NLP c'est des oufs, et ils lisent tout",
        "ts": "1502879702.000142"
    },
    {
        "type": "message",
        "user": "U5AV671TK",
        "text": "ça fait un peu parano, mais ça m'étonnerai pas qu'ils le lisent",
        "ts": "1502879719.000217"
    },
    {
        "type": "message",
        "user": "U546L44SJ",
        "text": "a partir du moment ou c’est quali je vois pas trop le problème en vrai.",
        "ts": "1502879821.000088"
    },
    {
        "type": "message",
        "user": "U546L44SJ",
        "text": "on va pas faire de lien “pur” il faut ajouter du contexte autour",
        "ts": "1502879849.000291"
    },
    {
        "type": "message",
        "user": "U5AV671TK",
        "text": "ouais mais même, y'a netlinking dans ton sheet, et pour Google c'est mauvais",
        "ts": "1502879950.000014"
    },
    {
        "type": "message",
        "user": "U5AV671TK",
        "text": "même si ton lien est quali, leur BM c'est de vendre du Adwords, et en faisant ça tu essaye de remonter en SEO pour éviter Adwords",
        "ts": "1502879975.000058"
    },
    {
        "type": "message",
        "user": "U5AV671TK",
        "text": "donc même si c'est quali, de leur point de vue c'est black hat",
        "ts": "1502879983.000374"
    },
    {
        "type": "message",
        "user": "U5AV671TK",
        "text": "de toute façon tout SEO pour Google est black hat",
        "ts": "1502879992.000198"
    },
    {
        "type": "message",
        "user": "U546L44SJ",
        "text": "bof non tu évites du adword pour toi mais pas pour le mec que tu fais descendre en vrai",
        "edited": {
            "user": "U546L44SJ",
            "ts": "1502880423.000000"
        },
        "ts": "1502880417.000062"
    },
    {
        "type": "message",
        "user": "U546L44SJ",
        "text": "bon attendons un peu plus de retours et on verra",
        "ts": "1502880433.000012"
    },
    {
        "type": "message",
        "user": "U546L44SJ",
        "text": "<@U5B18JDFS> any idea ?",
        "ts": "1502880439.000021"
    },
    {
        "type": "message",
        "user": "U55AEG97A",
        "text": "Plus y a de concurrence en SEO mieux c’est pour Google j’imagine :slightly_smiling_face:",
        "ts": "1502880843.000023"
    },
    {
        "type": "message",
        "user": "U62V7G8J1",
        "text": "J'ai ajouté quelques catégories rappidement",
        "ts": "1502881317.000286"
    },
    {
        "type": "message",
        "user": "U62V7G8J1",
        "text": "rapidement",
        "ts": "1502881319.000323",
        "reactions": [
            {
                "name": "ok_hand",
                "users": [
                    "U546L44SJ"
                ],
                "count": 1
            }
        ]
    },
    {
        "type": "message",
        "user": "U62V7G8J1",
        "text": "Je regarde ça plus en détail cette après midi",
        "ts": "1502881326.000049"
    },
    {
        "type": "message",
        "user": "U54PABTGW",
        "text": "Je suis en cours de migration d'un blog et j'ai pas le temps de le dev, donc question connaissez-vous un tool en ligne ou un script qui permet de me lister l'ensemble des urls d'un site ? car l'ensemble des urls ne sont pas présentes dans le sitemap",
        "ts": "1502888473.000217"
    },
    {
        "type": "message",
        "user": "U5635E9JN",
        "text": "screaming frog :slightly_smiling_face:",
        "ts": "1502888780.000267"
    },
    {
        "type": "message",
        "user": "U5635E9JN",
        "text": "gratuit jusqu’a 500urls <http:\/\/screamingfrog.co.uk\/>",
        "attachments": [
            {
                "title": "SEO, Search Engine Marketing &amp; Optimisation Agency - Screaming Frog",
                "title_link": "http:\/\/screamingfrog.co.uk\/",
                "text": "We're a unique search engine marketing agency with an expert team that run remarkably successful SEO &amp; PPC campaigns, &amp; build industry leading software.",
                "fallback": "SEO, Search Engine Marketing &amp; Optimisation Agency - Screaming Frog",
                "image_url": "https:\/\/www.screamingfrog.co.uk\/wp-content\/themes\/screamingfrog\/public\/images\/twitter-card.png",
                "from_url": "http:\/\/screamingfrog.co.uk\/",
                "image_width": 335,
                "image_height": 250,
                "image_bytes": 6492,
                "service_icon": "https:\/\/www.screamingfrog.co.uk\/wp-content\/themes\/screamingfrog\/public\/images\/apple-touch-icon-144x144.png",
                "service_name": "screamingfrog.co.uk",
                "id": 1
            }
        ],
        "ts": "1502888812.000149"
    },
    {
        "type": "message",
        "user": "U54PABTGW",
        "text": "Je vais jeter un oeil je te remercie",
        "ts": "1502888827.000374"
    },
    {
        "type": "message",
        "user": "U5635E9JN",
        "text": "c’est le SEO spiderd’ailleurs =&gt; <https:\/\/www.screamingfrog.co.uk\/seo-spider\/>",
        "attachments": [
            {
                "title": "Screaming Frog SEO Spider Tool &amp; Crawler Software",
                "title_link": "https:\/\/www.screamingfrog.co.uk\/seo-spider\/",
                "text": "The Screaming Frog SEO Spider is a desktop program (PC or Mac) which crawls websites’ links, images, CSS, script and apps from an SEO perspective.",
                "fallback": "Screaming Frog SEO Spider Tool &amp; Crawler Software",
                "image_url": "https:\/\/www.screamingfrog.co.uk\/wp-content\/uploads\/2012\/02\/screaming-frog-seo-spider-8.jpg",
                "from_url": "https:\/\/www.screamingfrog.co.uk\/seo-spider\/",
                "image_width": 463,
                "image_height": 250,
                "image_bytes": 207884,
                "service_icon": "https:\/\/www.screamingfrog.co.uk\/wp-content\/themes\/screamingfrog\/public\/images\/apple-touch-icon-144x144.png",
                "service_name": "screamingfrog.co.uk",
                "id": 1
            }
        ],
        "ts": "1502888843.000492"
    },
    {
        "type": "message",
        "user": "U5635E9JN",
        "text": "je t’en prie :slightly_smiling_face:",
        "ts": "1502888849.000290"
    },
    {
        "type": "message",
        "user": "U54PQ74HF",
        "text": "en gratos mais moins complet tu as aussi Xenu (si la limite des urls et\/ou de payer est un soucis pour toi)",
        "edited": {
            "user": "U54PQ74HF",
            "ts": "1502890382.000000"
        },
        "ts": "1502890360.000350"
    },
    {
        "type": "message",
        "user": "U541S59L4",
        "text": "Hello les GH, quelqu’un a testé <https:\/\/www.syllabs.com\/fr\/> pour rédiger du contenu quali de manière automatisé ?",
        "thread_ts": "1502895914.000507",
        "reply_count": 6,
        "replies": [
            {
                "user": "U61LBKVEF",
                "ts": "1503295529.000145"
            },
            {
                "user": "U541S59L4",
                "ts": "1503302709.000300"
            },
            {
                "user": "U61LBKVEF",
                "ts": "1503303925.000130"
            },
            {
                "user": "U61LBKVEF",
                "ts": "1503303958.000410"
            },
            {
                "user": "U541S59L4",
                "ts": "1503328535.000608"
            },
            {
                "user": "U61LBKVEF",
                "ts": "1503331746.000700"
            }
        ],
        "unread_count": 6,
        "ts": "1502895914.000507"
    },
    {
        "type": "message",
        "user": "U54PABTGW",
        "text": "<@U54PQ74HF> le soft en qt-python ?",
        "thread_ts": "1502904010.000246",
        "reply_count": 1,
        "replies": [
            {
                "user": "U54PQ74HF",
                "ts": "1502965315.000143"
            }
        ],
        "unread_count": 1,
        "ts": "1502904010.000246"
    }
]