[
    {
        "type": "message",
        "user": "U5C86111D",
        "text": "Tu payes majestic ? faut faire une campagne pour voir l'évolution",
        "ts": "1507102136.000229"
    },
    {
        "type": "message",
        "user": "U61LBKVEF",
        "text": "Merci <@U5C86111D>. Je squatte un compte :slightly_smiling_face:. Merci pour l'astuce. je viens de trouver la feature",
        "ts": "1507102578.000318"
    },
    {
        "type": "message",
        "user": "U61LBKVEF",
        "text": "(Quelle UX :cry: )",
        "edited": {
            "user": "U61LBKVEF",
            "ts": "1507102588.000000"
        },
        "ts": "1507102583.000050"
    },
    {
        "type": "message",
        "user": "U61LBKVEF",
        "text": "Est-ce qu'il y a des outils qui font ça avec historique direct? J'ai l'impression que Majestic se met à collecter qu'à partir du moment où tu crées le rapport.",
        "ts": "1507102758.000152"
    },
    {
        "type": "message",
        "user": "U5C86111D",
        "text": "pas à ma connaissance, je regarde vite sur sem",
        "ts": "1507102785.000377"
    },
    {
        "type": "message",
        "user": "U61LBKVEF",
        "text": "Merci <@U5C86111D>!!",
        "ts": "1507102911.000355"
    },
    {
        "type": "message",
        "user": "U5C86111D",
        "text": "<https:\/\/fr.semrush.com\/analytics\/backlinks\/overview\/bizzabo.com:root_domain>",
        "attachments": [
            {
                "title": "bizzabo.com – Backlinks | SEMrush",
                "title_link": "https:\/\/fr.semrush.com\/analytics\/backlinks\/overview\/bizzabo.com:root_domain",
                "text": "Backlinks | SEMrush",
                "fallback": "bizzabo.com – Backlinks | SEMrush",
                "from_url": "https:\/\/fr.semrush.com\/analytics\/backlinks\/overview\/bizzabo.com:root_domain",
                "service_icon": "https:\/\/fr.semrush.com\/m\/images\/favicon.ico?r=v1019",
                "service_name": "fr.semrush.com",
                "id": 1
            }
        ],
        "ts": "1507102935.000029"
    },
    {
        "type": "message",
        "user": "U5C86111D",
        "text": "y a moyen de voir des choses",
        "ts": "1507102939.000431"
    },
    {
        "type": "message",
        "user": "U5C86111D",
        "text": "Semrush a toujours eu moins de BL que MJ",
        "ts": "1507102951.000061"
    },
    {
        "type": "message",
        "user": "U61LBKVEF",
        "text": "Bien vu Robin, merci!",
        "ts": "1507103004.000003"
    },
    {
        "type": "message",
        "user": "U5635E9JN",
        "text": "Hello ! on a une startup de cours en ligne pour prépa et lycée, je pense que ca peut correspondre :slightly_smiling_face: MP?",
        "thread_ts": "1507046249.000358",
        "parent_user_id": "U54NAL317",
        "ts": "1507106351.000087"
    },
    {
        "type": "message",
        "user": "U54NAL317",
        "text": "J'avais déjà vu votre site. Vous êtes axés post-bac et je recherche avant bac.\nMais je le garde quelque part.",
        "thread_ts": "1507046249.000358",
        "parent_user_id": "U54NAL317",
        "ts": "1507106717.000595"
    },
    {
        "type": "message",
        "user": "U5635E9JN",
        "text": "Ok, on va bientôt lancer l'offre lycée, je te redirais ça !",
        "thread_ts": "1507046249.000358",
        "parent_user_id": "U54NAL317",
        "ts": "1507106814.000205"
    },
    {
        "type": "message",
        "user": "U76PR0J2J",
        "text": "Bonjour! Qqn interressé en échange des articles et backlinking? Nous somme GuestReady, société de conciergerie avec un blog bien repertoiré sur Google. Les articles autour de sujets de voyages, experiences locales, trucs à faire pour touristes, airbnb, ou tout simplement un discours sur l'histoire de votre boite pourront nous convenir!",
        "ts": "1507111837.000441"
    },
    {
        "user": "U57C4ENH2",
        "text": "<@U57C4ENH2> has joined the channel",
        "type": "message",
        "subtype": "channel_join",
        "ts": "1507125116.000406"
    },
    {
        "type": "message",
        "user": "U57C4ENH2",
        "text": "Demat à toutes et à tous, je me demandais si certains avaient déjà travaillé avec des agences du types Médiaveille pour le référencement et le netlinking ?\n\nDeuxième question, une autre agence est venue me démarcher pour me ventre sa presta + l'outil hubspot afin de faire grimper notre taux de conversion à 1,2% à +12 mois. Aujourd'hui on est sur 0,17% avec 195k visites mensuelles dont 55% en naturel. Le fait d'investir dans l'outil me tente absolument pas. Vous avez des avis là-dessus ? Ou d'autres tools pour faire grimper le taux de conversion ? Merci beaucoup :kissing_heart:",
        "thread_ts": "1507125776.000429",
        "reply_count": 6,
        "replies": [
            {
                "user": "U61LBKVEF",
                "ts": "1507126418.000023"
            },
            {
                "user": "U6RJVH5BP",
                "ts": "1507126535.000495"
            },
            {
                "user": "U55AEG97A",
                "ts": "1507128530.000568"
            },
            {
                "user": "U57C4ENH2",
                "ts": "1507138474.000491"
            },
            {
                "user": "U55AEG97A",
                "ts": "1507138853.000091"
            },
            {
                "user": "U61LBKVEF",
                "ts": "1507142373.000258"
            }
        ],
        "unread_count": 6,
        "ts": "1507125776.000429"
    },
    {
        "type": "message",
        "user": "U61LBKVEF",
        "text": "<@U70EQLJ0Z> \/ <@U6RJVH5BP> vous avez fait un test non?",
        "thread_ts": "1507125776.000429",
        "parent_user_id": "U57C4ENH2",
        "ts": "1507126418.000023"
    },
    {
        "type": "message",
        "user": "U6RJVH5BP",
        "text": "C'est plutôt côté <@U70EQLJ0Z> :slightly_smiling_face:",
        "thread_ts": "1507125776.000429",
        "parent_user_id": "U57C4ENH2",
        "ts": "1507126535.000495"
    },
    {
        "type": "message",
        "user": "U55AEG97A",
        "text": "Hubspot est super même s’il coute cher ça vaut le coup même d’un point de vue ROI, mais ce qui en fait la force c’est d’appliquer une stratégie inbound en entier sinon ça ne sert à rien juste pour la partie SEO de payer tout ça.",
        "thread_ts": "1507125776.000429",
        "parent_user_id": "U57C4ENH2",
        "ts": "1507128530.000568"
    },
    {
        "type": "message",
        "user": "U54PABTGW",
        "text": "<@U5C86111D> tu as un retour concret sur <http:\/\/soumettre.fr|soumettre.fr> ?",
        "thread_ts": "1506602987.000283",
        "parent_user_id": "U5C86111D",
        "ts": "1507135817.000730"
    },
    {
        "type": "message",
        "user": "U5C86111D",
        "text": "j'ai passé 3 commandes, toujours un peu de retard mais ils arrivaient pas à suivre. Il faut faire attention après la livraison que l'article est bien linké à l'index ou à un menu",
        "thread_ts": "1506602987.000283",
        "parent_user_id": "U5C86111D",
        "ts": "1507135877.000537"
    },
    {
        "type": "message",
        "user": "U5C86111D",
        "text": "les sites allaient de 20 à 50 en TF",
        "thread_ts": "1506602987.000283",
        "parent_user_id": "U5C86111D",
        "ts": "1507135890.000045"
    },
    {
        "type": "message",
        "user": "U5C86111D",
        "text": "SEMJuice doit être plus quali",
        "thread_ts": "1506602987.000283",
        "parent_user_id": "U5C86111D",
        "ts": "1507135910.000127"
    },
    {
        "type": "message",
        "user": "U54PABTGW",
        "text": "c'est de la rédaction de contenu avec un backlinks sur du site distant ?",
        "thread_ts": "1506602987.000283",
        "parent_user_id": "U5C86111D",
        "ts": "1507135934.000182"
    },
    {
        "type": "message",
        "user": "U54PABTGW",
        "text": "avec un coût par mot de combien ? 60€ pour 1000 mots ?",
        "thread_ts": "1506602987.000283",
        "parent_user_id": "U5C86111D",
        "ts": "1507135947.000384"
    },
    {
        "type": "message",
        "user": "U5C86111D",
        "text": "oui",
        "thread_ts": "1506602987.000283",
        "parent_user_id": "U5C86111D",
        "ts": "1507135949.000499"
    },
    {
        "type": "message",
        "user": "U5C86111D",
        "text": "c'est 40€ pour 300 mots il me semble",
        "thread_ts": "1506602987.000283",
        "parent_user_id": "U5C86111D",
        "ts": "1507135961.000651"
    },
    {
        "type": "message",
        "user": "U5C86111D",
        "text": "sur site bon",
        "thread_ts": "1506602987.000283",
        "parent_user_id": "U5C86111D",
        "ts": "1507135964.000480"
    },
    {
        "type": "message",
        "user": "U54PABTGW",
        "text": "ok l'intérêt c'est uniquement de faire monter le page rank sur grâce à une foret de sites ou ils apportent du trafic direct ?",
        "thread_ts": "1506602987.000283",
        "parent_user_id": "U5C86111D",
        "ts": "1507135999.000164"
    },
    {
        "type": "message",
        "user": "U5C86111D",
        "text": "nan tu aura pas trop de traffic",
        "thread_ts": "1506602987.000283",
        "parent_user_id": "U5C86111D",
        "ts": "1507136028.000160"
    },
    {
        "type": "message",
        "user": "U57C4ENH2",
        "text": "Merci ! :slightly_smiling_face: Bien sûr, mais l'inbound, on l'a depuis le premier jour et l'entreprise a déjà 10 ans. Donc, vous êtes plutôt à suggérer d'être ouvert à son utilisation ?",
        "edited": {
            "user": "U57C4ENH2",
            "ts": "1507138487.000000"
        },
        "thread_ts": "1507125776.000429",
        "parent_user_id": "U57C4ENH2",
        "ts": "1507138474.000491"
    },
    {
        "type": "message",
        "user": "U55AEG97A",
        "text": "Si tu as la panoplie Content marketing\/LP\/CTA\/Emailing\/automation alors oui clairement ça vaut le coup ! C’est un des outils les plus performants du marché",
        "thread_ts": "1507125776.000429",
        "parent_user_id": "U57C4ENH2",
        "ts": "1507138853.000091"
    },
    {
        "type": "message",
        "user": "U61LBKVEF",
        "text": "<@U6RJVH5BP> tu peux lui demander à l'oral? J'ai l'impression qu'il suit pas le slack...",
        "thread_ts": "1507125776.000429",
        "parent_user_id": "U57C4ENH2",
        "ts": "1507142373.000258"
    }
]