[
    {
        "type": "message",
        "user": "U546L44SJ",
        "text": "<@U57DAHPE1> est ce que tu sais si le fait d'avoir son app traduit en plein de langues dans l'appstore optimise le referencement ? ",
        "ts": "1507286570.000197"
    },
    {
        "type": "message",
        "user": "U57DAHPE1",
        "text": "<@U546L44SJ> Celui de ton site ou de ton app ?\nPour ce qui est de ton app, tu dois faire une traduction spécifique pour chaque langue, mais le fait que le traduise en portugais n’influence normalement pas la version française",
        "ts": "1507291257.000066"
    },
    {
        "type": "message",
        "user": "U57DAHPE1",
        "text": "Un pote m’avait parlé d’un léger boost de départ sur Google play store lorsqu’il était passé de la version Française à anglaise. Impossible a vérifier.",
        "ts": "1507291310.000249"
    },
    {
        "type": "message",
        "user": "U546L44SJ",
        "text": "mon client me dit : “apparement si on traduit dans des plusieurs langues (plus que FR + EN) l’app store favoriserait le ranking de l’app",
        "ts": "1507291336.000427"
    },
    {
        "type": "message",
        "user": "U546L44SJ",
        "text": "\"",
        "ts": "1507291340.000220"
    },
    {
        "type": "message",
        "user": "U57DAHPE1",
        "text": "En gros tu as une position sur une catégorie globale et sur un mot clé, les 2 sont liés.",
        "ts": "1507291350.000378"
    },
    {
        "type": "message",
        "user": "U57DAHPE1",
        "text": "Apple app store ou google play store ?",
        "ts": "1507291365.000205"
    },
    {
        "type": "message",
        "user": "U546L44SJ",
        "text": "appstore",
        "ts": "1507291373.000233"
    },
    {
        "type": "message",
        "user": "U57DAHPE1",
        "text": "Je ne saurais pas te répondre, j’ai pas la donnée. Pourquoi pas, mais ça m’étonnerait énormément que ce soit vraiment important en termes de ranking, surtout si t’as pas de téléchargement du côté de la version anglaise. La logique voudrait que ce soit bénéfique si ça marche déjà d’un côté. Pas une prio en tout cas si vous avez pas déjà des téléchargements.",
        "edited": {
            "user": "U57DAHPE1",
            "ts": "1507291504.000000"
        },
        "ts": "1507291473.000210"
    },
    {
        "type": "message",
        "user": "U546L44SJ",
        "text": "ok thanks",
        "ts": "1507291502.000190"
    },
    {
        "type": "message",
        "user": "U57DAHPE1",
        "text": "Je demande à un pote encore + spécialisé que moi.",
        "ts": "1507291595.000067"
    },
    {
        "type": "message",
        "user": "U546L44SJ",
        "text": "thanks :slightly_smiling_face:",
        "ts": "1507291723.000272"
    },
    {
        "type": "message",
        "user": "U57DAHPE1",
        "text": "<@U546L44SJ> Okay donc mon pote en question dis qu’en effet y’a un impact sur l’apple app store. Tout simplement parce que tu rankes sur plus de mots clés, même si ce ne sont pas des mots clés fr, cela te fera remonter sur ton classement catégorie et donc par ricochet sur le classement des mots clés fr. Et vu que le champ mot clé sur l’app store est très puissant c’est valable. Mais c’est encore mieux si y’a du téléchargement des 2 côtés, ça se renforce mutuellement ; )",
        "ts": "1507295468.000088"
    },
    {
        "type": "message",
        "user": "U57DAHPE1",
        "text": "Après selon lui c’est clairement pas une prio.",
        "ts": "1507295501.000533"
    },
    {
        "type": "message",
        "user": "U546L44SJ",
        "text": "ok",
        "ts": "1507295627.000032"
    },
    {
        "type": "message",
        "user": "U57DAHPE1",
        "text": "Surtout si tu comptes vraiment te lancer sur un marché étranger après. Tu vas utiliser le boost organique de ta M.A.J ASO dans une autre langue pour renforcer ta version française, mais ça va s’effondrer au fur et à mesure et tu devras refaire un gros boost (en payant ou autre) pour relancer ton app dans l’autre langue. A voir donc",
        "edited": {
            "user": "U57DAHPE1",
            "ts": "1507295654.000000"
        },
        "ts": "1507295629.000440"
    },
    {
        "type": "message",
        "user": "U546L44SJ",
        "text": "en gros tu lances une version après une autre pour maintenir en haut l’app ?",
        "ts": "1507295670.000357"
    },
    {
        "type": "message",
        "user": "U57DAHPE1",
        "text": "Yep",
        "ts": "1507295681.000034"
    },
    {
        "type": "message",
        "user": "U57DAHPE1",
        "text": "Mais ça signifie que faut communiquer un peu à l’étranger aussi. Si y’a personne qui télécharge sur les mots clés non-FR sur lesquels tu t’es positionné, ça va pas servir à grand chose, parce que la position de ces mots clés dépends aussi du nombre de téléchargements de l’app par rapport à une recherche sur ces mêmes mots clés. En gros + ton utilisateur télécharge l’app après t’avoir trouvé sur ce même mot clé, plus tu vas remonter dessus.",
        "edited": {
            "user": "U57DAHPE1",
            "ts": "1507295826.000000"
        },
        "ts": "1507295733.000300",
        "reactions": [
            {
                "name": "white_check_mark",
                "users": [
                    "U546L44SJ"
                ],
                "count": 1
            }
        ]
    },
    {
        "type": "message",
        "user": "U546L44SJ",
        "text": "merci hugo !!",
        "ts": "1507296294.000075"
    },
    {
        "type": "message",
        "user": "U5C86111D",
        "text": "et n’oublions pas qu’on peut acheter des mots clé sur Apple Store USA :slightly_smiling_face:",
        "ts": "1507297004.000233"
    },
    {
        "type": "message",
        "user": "U5C86111D",
        "text": "permet d’avoir également les tendances de recherche sur un mots",
        "ts": "1507297014.000710"
    },
    {
        "type": "message",
        "user": "U546L44SJ",
        "text": "yes",
        "ts": "1507297279.000037"
    },
    {
        "type": "message",
        "user": "U57DAHPE1",
        "text": "<@U5C86111D> yep, mais que sur le marché USA ; )",
        "ts": "1507300437.000141"
    },
    {
        "type": "message",
        "user": "U57HABR37",
        "text": "Hello à tous ! J'aimerais connaitre l'impact d'intervenir sur des forums, Q&amp;R type Quora sur le SEO. Merci pour vos réponses :slightly_smiling_face:",
        "ts": "1507309307.000344"
    },
    {
        "type": "message",
        "user": "U5C86111D",
        "text": "0 c’est du no-follow le plus souvent.",
        "ts": "1507309373.000127"
    },
    {
        "type": "message",
        "user": "U5C86111D",
        "text": "mais ça augmentera toujours ton brand awareness &amp; co",
        "ts": "1507309408.000587"
    },
    {
        "type": "message",
        "user": "U5C86111D",
        "text": "à la limite se faire connaitre pour gagner un BL derrière",
        "ts": "1507309424.000282",
        "reactions": [
            {
                "name": "+1",
                "users": [
                    "U54E8FNL9"
                ],
                "count": 1
            }
        ]
    },
    {
        "type": "message",
        "user": "U57DAHPE1",
        "text": "Down with Robin, par contre certains forums et boards comme reddit deviennent dofollow quand tes posts ont beaucoup de commentaires et d’upvote.\nQuora sert vraiment pour du lead quali quali. Penses ta stratégie en termes de conversion et pas SEO dessus ; )",
        "edited": {
            "user": "U57DAHPE1",
            "ts": "1507312013.000000"
        },
        "ts": "1507311830.000012"
    },
    {
        "type": "message",
        "user": "U57DAHPE1",
        "text": "Tapes “forums liens dofollow” et trouves des listes de forums. Ensuite tapes “google footprint” et essayes de retrouver d’autres forum dans le même genre ; )",
        "ts": "1507311990.000179"
    }
]