[
    {
        "type": "message",
        "subtype": "file_share",
        "text": "<@U54NAL317> uploaded a file: <https:\/\/growthhackingfrance.slack.com\/files\/U54NAL317\/F7XUKGGQ7\/20171108_115617.jpg|20171108_115617.jpg> and commented: Coucou Rand Fishkin :-)",
        "file": {
            "id": "F7XUKGGQ7",
            "created": 1510143895,
            "timestamp": 1510143895,
            "name": "20171108_115617.jpg",
            "title": "20171108_115617.jpg",
            "mimetype": "image\/jpeg",
            "filetype": "jpg",
            "pretty_type": "JPEG",
            "user": "U54NAL317",
            "editable": false,
            "size": 2998876,
            "mode": "hosted",
            "is_external": false,
            "external_type": "",
            "is_public": true,
            "public_url_shared": false,
            "display_as_bot": false,
            "username": "",
            "url_private": "https:\/\/files.slack.com\/files-pri\/T53A65FDZ-F7XUKGGQ7\/20171108_115617.jpg?t=xoxe-173346185475-301971345667-302189523445-be5392310f98480a534c383e5d92ddc3",
            "url_private_download": "https:\/\/files.slack.com\/files-pri\/T53A65FDZ-F7XUKGGQ7\/download\/20171108_115617.jpg?t=xoxe-173346185475-301971345667-302189523445-be5392310f98480a534c383e5d92ddc3",
            "thumb_64": "https:\/\/files.slack.com\/files-tmb\/T53A65FDZ-F7XUKGGQ7-55075e0624\/20171108_115617_64.jpg?t=xoxe-173346185475-301971345667-302189523445-be5392310f98480a534c383e5d92ddc3",
            "thumb_80": "https:\/\/files.slack.com\/files-tmb\/T53A65FDZ-F7XUKGGQ7-55075e0624\/20171108_115617_80.jpg?t=xoxe-173346185475-301971345667-302189523445-be5392310f98480a534c383e5d92ddc3",
            "thumb_360": "https:\/\/files.slack.com\/files-tmb\/T53A65FDZ-F7XUKGGQ7-55075e0624\/20171108_115617_360.jpg?t=xoxe-173346185475-301971345667-302189523445-be5392310f98480a534c383e5d92ddc3",
            "thumb_360_w": 360,
            "thumb_360_h": 270,
            "thumb_480": "https:\/\/files.slack.com\/files-tmb\/T53A65FDZ-F7XUKGGQ7-55075e0624\/20171108_115617_480.jpg?t=xoxe-173346185475-301971345667-302189523445-be5392310f98480a534c383e5d92ddc3",
            "thumb_480_w": 480,
            "thumb_480_h": 360,
            "thumb_160": "https:\/\/files.slack.com\/files-tmb\/T53A65FDZ-F7XUKGGQ7-55075e0624\/20171108_115617_160.jpg?t=xoxe-173346185475-301971345667-302189523445-be5392310f98480a534c383e5d92ddc3",
            "thumb_720": "https:\/\/files.slack.com\/files-tmb\/T53A65FDZ-F7XUKGGQ7-55075e0624\/20171108_115617_720.jpg?t=xoxe-173346185475-301971345667-302189523445-be5392310f98480a534c383e5d92ddc3",
            "thumb_720_w": 720,
            "thumb_720_h": 540,
            "thumb_800": "https:\/\/files.slack.com\/files-tmb\/T53A65FDZ-F7XUKGGQ7-55075e0624\/20171108_115617_800.jpg?t=xoxe-173346185475-301971345667-302189523445-be5392310f98480a534c383e5d92ddc3",
            "thumb_800_w": 800,
            "thumb_800_h": 600,
            "thumb_960": "https:\/\/files.slack.com\/files-tmb\/T53A65FDZ-F7XUKGGQ7-55075e0624\/20171108_115617_960.jpg?t=xoxe-173346185475-301971345667-302189523445-be5392310f98480a534c383e5d92ddc3",
            "thumb_960_w": 960,
            "thumb_960_h": 720,
            "thumb_1024": "https:\/\/files.slack.com\/files-tmb\/T53A65FDZ-F7XUKGGQ7-55075e0624\/20171108_115617_1024.jpg?t=xoxe-173346185475-301971345667-302189523445-be5392310f98480a534c383e5d92ddc3",
            "thumb_1024_w": 1024,
            "thumb_1024_h": 768,
            "image_exif_rotation": 1,
            "original_w": 4128,
            "original_h": 3096,
            "permalink": "https:\/\/growthhackingfrance.slack.com\/files\/U54NAL317\/F7XUKGGQ7\/20171108_115617.jpg",
            "permalink_public": "https:\/\/slack-files.com\/T53A65FDZ-F7XUKGGQ7-d1d23b3a0e",
            "channels": [],
            "groups": [],
            "ims": [],
            "comments_count": 2,
            "initial_comment": {
                "id": "Fc7WAYF11P",
                "created": 1510143895,
                "timestamp": 1510143895,
                "user": "U54NAL317",
                "is_intro": true,
                "comment": "Coucou Rand Fishkin :-)"
            },
            "reactions": [
                {
                    "name": "+1",
                    "users": [
                        "U54PQ74HF",
                        "U54SF0U1Y",
                        "U5519FU87",
                        "U5830GL6A"
                    ],
                    "count": 4
                }
            ]
        },
        "user": "U54NAL317",
        "upload": true,
        "display_as_bot": false,
        "username": "melanie_almeida",
        "bot_id": null,
        "ts": "1510143900.000213"
    },
    {
        "type": "message",
        "subtype": "file_comment",
        "text": "<@U54E8FNL9> commented on <@U54NAL317>’s file <https:\/\/growthhackingfrance.slack.com\/files\/U54NAL317\/F7XUKGGQ7\/20171108_115617.jpg|20171108_115617.jpg>: où es-tu ?",
        "file": {
            "id": "F7XUKGGQ7",
            "created": 1510143895,
            "timestamp": 1510143895,
            "name": "20171108_115617.jpg",
            "title": "20171108_115617.jpg",
            "mimetype": "image\/jpeg",
            "filetype": "jpg",
            "pretty_type": "JPEG",
            "user": "U54NAL317",
            "editable": false,
            "size": 2998876,
            "mode": "hosted",
            "is_external": false,
            "external_type": "",
            "is_public": true,
            "public_url_shared": false,
            "display_as_bot": false,
            "username": "",
            "url_private": "https:\/\/files.slack.com\/files-pri\/T53A65FDZ-F7XUKGGQ7\/20171108_115617.jpg?t=xoxe-173346185475-301971345667-302189523445-be5392310f98480a534c383e5d92ddc3",
            "url_private_download": "https:\/\/files.slack.com\/files-pri\/T53A65FDZ-F7XUKGGQ7\/download\/20171108_115617.jpg?t=xoxe-173346185475-301971345667-302189523445-be5392310f98480a534c383e5d92ddc3",
            "thumb_64": "https:\/\/files.slack.com\/files-tmb\/T53A65FDZ-F7XUKGGQ7-55075e0624\/20171108_115617_64.jpg?t=xoxe-173346185475-301971345667-302189523445-be5392310f98480a534c383e5d92ddc3",
            "thumb_80": "https:\/\/files.slack.com\/files-tmb\/T53A65FDZ-F7XUKGGQ7-55075e0624\/20171108_115617_80.jpg?t=xoxe-173346185475-301971345667-302189523445-be5392310f98480a534c383e5d92ddc3",
            "thumb_360": "https:\/\/files.slack.com\/files-tmb\/T53A65FDZ-F7XUKGGQ7-55075e0624\/20171108_115617_360.jpg?t=xoxe-173346185475-301971345667-302189523445-be5392310f98480a534c383e5d92ddc3",
            "thumb_360_w": 360,
            "thumb_360_h": 270,
            "thumb_480": "https:\/\/files.slack.com\/files-tmb\/T53A65FDZ-F7XUKGGQ7-55075e0624\/20171108_115617_480.jpg?t=xoxe-173346185475-301971345667-302189523445-be5392310f98480a534c383e5d92ddc3",
            "thumb_480_w": 480,
            "thumb_480_h": 360,
            "thumb_160": "https:\/\/files.slack.com\/files-tmb\/T53A65FDZ-F7XUKGGQ7-55075e0624\/20171108_115617_160.jpg?t=xoxe-173346185475-301971345667-302189523445-be5392310f98480a534c383e5d92ddc3",
            "thumb_720": "https:\/\/files.slack.com\/files-tmb\/T53A65FDZ-F7XUKGGQ7-55075e0624\/20171108_115617_720.jpg?t=xoxe-173346185475-301971345667-302189523445-be5392310f98480a534c383e5d92ddc3",
            "thumb_720_w": 720,
            "thumb_720_h": 540,
            "thumb_800": "https:\/\/files.slack.com\/files-tmb\/T53A65FDZ-F7XUKGGQ7-55075e0624\/20171108_115617_800.jpg?t=xoxe-173346185475-301971345667-302189523445-be5392310f98480a534c383e5d92ddc3",
            "thumb_800_w": 800,
            "thumb_800_h": 600,
            "thumb_960": "https:\/\/files.slack.com\/files-tmb\/T53A65FDZ-F7XUKGGQ7-55075e0624\/20171108_115617_960.jpg?t=xoxe-173346185475-301971345667-302189523445-be5392310f98480a534c383e5d92ddc3",
            "thumb_960_w": 960,
            "thumb_960_h": 720,
            "thumb_1024": "https:\/\/files.slack.com\/files-tmb\/T53A65FDZ-F7XUKGGQ7-55075e0624\/20171108_115617_1024.jpg?t=xoxe-173346185475-301971345667-302189523445-be5392310f98480a534c383e5d92ddc3",
            "thumb_1024_w": 1024,
            "thumb_1024_h": 768,
            "image_exif_rotation": 1,
            "original_w": 4128,
            "original_h": 3096,
            "permalink": "https:\/\/growthhackingfrance.slack.com\/files\/U54NAL317\/F7XUKGGQ7\/20171108_115617.jpg",
            "permalink_public": "https:\/\/slack-files.com\/T53A65FDZ-F7XUKGGQ7-d1d23b3a0e",
            "channels": [],
            "groups": [],
            "ims": [],
            "comments_count": 2,
            "initial_comment": {
                "id": "Fc7WAYF11P",
                "created": 1510143895,
                "timestamp": 1510143895,
                "user": "U54NAL317",
                "is_intro": true,
                "comment": "Coucou Rand Fishkin :-)"
            },
            "reactions": [
                {
                    "name": "+1",
                    "users": [
                        "U54PQ74HF",
                        "U54SF0U1Y",
                        "U5519FU87",
                        "U5830GL6A"
                    ],
                    "count": 4
                }
            ]
        },
        "comment": {
            "id": "Fc7WBAMAU9",
            "created": 1510145585,
            "timestamp": 1510145585,
            "user": "U54E8FNL9",
            "is_intro": false,
            "comment": "où es-tu ?"
        },
        "is_intro": false,
        "ts": "1510145585.000330"
    },
    {
        "type": "message",
        "user": "U54NAL317",
        "text": "Web summit ",
        "ts": "1510145705.000359",
        "reactions": [
            {
                "name": "+1",
                "users": [
                    "U541S59L4",
                    "U54PQ74HF",
                    "U5519FU87",
                    "U57DKJR5F",
                    "U61LBKVEF"
                ],
                "count": 5
            },
            {
                "name": "flag-pt",
                "users": [
                    "U541S59L4",
                    "U54E8FNL9",
                    "U5519FU87"
                ],
                "count": 3
            }
        ]
    },
    {
        "type": "message",
        "user": "U57DAHPE1",
        "text": "<@U54NAL317> Onde se fica o respecto ? Il raconte quoi de beau ?",
        "ts": "1510148928.000318"
    },
    {
        "type": "message",
        "user": "U54NAL317",
        "text": "C'était super intéressant. La meilleure conf que j'ai vu jusqu'à maintenant. Il en refait une cette aprem",
        "ts": "1510150776.000043"
    },
    {
        "type": "message",
        "user": "U54NAL317",
        "text": "il a donné un lien pour ses slides",
        "ts": "1510150786.000017",
        "reactions": [
            {
                "name": "bananadance",
                "users": [
                    "U54E8FNL9",
                    "U54PQ74HF",
                    "U5519FU87",
                    "U57DKJR5F",
                    "U57U6TBDH",
                    "U5AV671TK",
                    "U61LBKVEF"
                ],
                "count": 7
            }
        ]
    },
    {
        "type": "message",
        "user": "U54NAL317",
        "text": "j'essaie de retrouver le lien",
        "edited": {
            "user": "U54NAL317",
            "ts": "1510151935.000000"
        },
        "ts": "1510150925.000617",
        "reactions": [
            {
                "name": "+1",
                "users": [
                    "U542GFW85"
                ],
                "count": 1
            }
        ]
    },
    {
        "type": "message",
        "user": "U54NAL317",
        "text": "<https:\/\/www.slideshare.net\/mobile\/randfish\/the-seo-world-in-2018>",
        "attachments": [
            {
                "title": "The SEO World in 2018",
                "title_link": "https:\/\/www.slideshare.net\/mobile\/randfish\/the-seo-world-in-2018",
                "text": "Rand's presentation from Web Summit Lisbon 2018 covering how the SEO world has evolved and what's needed to rank and succeed in Google.",
                "fallback": "The SEO World in 2018",
                "thumb_url": "https:\/\/cdn.slidesharecdn.com\/ss_thumbnails\/seo-in-2018-171108092816-thumbnail-4.jpg?cb=1510133345",
                "from_url": "https:\/\/www.slideshare.net\/mobile\/randfish\/the-seo-world-in-2018",
                "thumb_width": 768,
                "thumb_height": 432,
                "service_icon": "https:\/\/public.slidesharecdn.com\/favicon.ico?d8e2a4ed15",
                "service_name": "slideshare.net",
                "id": 1
            }
        ],
        "thread_ts": "1510154982.000075",
        "reply_count": 2,
        "replies": [
            {
                "user": "U5830GL6A",
                "ts": "1510160368.000078"
            },
            {
                "user": "U543MU39P",
                "ts": "1510161579.000274"
            }
        ],
        "unread_count": 2,
        "ts": "1510154982.000075",
        "reactions": [
            {
                "name": "+1",
                "users": [
                    "U53GAFF8R",
                    "U541S59L4",
                    "U542GFW85",
                    "U54E8FNL9",
                    "U54KSDKCY",
                    "U54PQ74HF",
                    "U54UCL8EM",
                    "U5519FU87",
                    "U55EAMFQ9",
                    "U57C4ENH2",
                    "U5830GL6A",
                    "U5CQPG96J",
                    "U5V7ATHF1"
                ],
                "count": 13
            },
            {
                "name": "rocket",
                "users": [
                    "U543MU39P",
                    "U57C4ENH2",
                    "U57DAHPE1"
                ],
                "count": 3
            }
        ]
    },
    {
        "type": "message",
        "user": "U57DKJR5F",
        "text": "merci beaucoup <@U54NAL317> ! :raised_hands:",
        "ts": "1510155078.000103",
        "reactions": [
            {
                "name": "slightly_smiling_face",
                "users": [
                    "U54NAL317"
                ],
                "count": 1
            }
        ]
    },
    {
        "type": "message",
        "user": "U5519FU87",
        "text": "Merci :wink:",
        "ts": "1510157845.000249",
        "reactions": [
            {
                "name": "slightly_smiling_face",
                "users": [
                    "U54NAL317"
                ],
                "count": 1
            }
        ]
    },
    {
        "type": "message",
        "user": "U5AV671TK",
        "text": "tellement ouf ce mec, merci <@U54NAL317>",
        "ts": "1510157893.000045",
        "reactions": [
            {
                "name": "slightly_smiling_face",
                "users": [
                    "U54NAL317"
                ],
                "count": 1
            }
        ]
    },
    {
        "type": "message",
        "user": "U5830GL6A",
        "text": "Thanks :slightly_smiling_face:",
        "thread_ts": "1510154982.000075",
        "parent_user_id": "U54NAL317",
        "ts": "1510160368.000078",
        "reactions": [
            {
                "name": "slightly_smiling_face",
                "users": [
                    "U54NAL317"
                ],
                "count": 1
            }
        ]
    },
    {
        "type": "message",
        "user": "U54PQ74HF",
        "text": "Merci !!",
        "ts": "1510160416.000136",
        "reactions": [
            {
                "name": "slightly_smiling_face",
                "users": [
                    "U54NAL317"
                ],
                "count": 1
            }
        ]
    },
    {
        "type": "message",
        "user": "U543MU39P",
        "text": "Merci Mélanie",
        "thread_ts": "1510154982.000075",
        "parent_user_id": "U54NAL317",
        "ts": "1510161579.000274",
        "reactions": [
            {
                "name": "slightly_smiling_face",
                "users": [
                    "U54NAL317"
                ],
                "count": 1
            }
        ]
    },
    {
        "type": "message",
        "user": "U54E8FNL9",
        "text": "il prend combien pour la présentation au web submit à votre avis ?",
        "thread_ts": "1510163680.000351",
        "reply_count": 1,
        "replies": [
            {
                "user": "U54NAL317",
                "ts": "1510164252.000420"
            }
        ],
        "unread_count": 1,
        "ts": "1510163680.000351"
    },
    {
        "type": "message",
        "user": "U54NAL317",
        "text": "sachant que les confs durent max 20 min\nMais c'est lui qui a fait la meilleure conf selon moi",
        "thread_ts": "1510163680.000351",
        "parent_user_id": "U54E8FNL9",
        "ts": "1510164252.000420"
    },
    {
        "type": "message",
        "user": "U546L44SJ",
        "text": "Merciiiiii",
        "ts": "1510167071.000126"
    }
]