[
    {
        "type": "message",
        "user": "U80MTJ93N",
        "text": "<@U54PABTGW> c’est quoi ta question derrière ?",
        "ts": "1512488248.000599"
    },
    {
        "type": "message",
        "user": "U62V7G8J1",
        "text": "L'automation du spinning avec l'intégration ?",
        "ts": "1512488290.000594"
    },
    {
        "type": "message",
        "user": "U62V7G8J1",
        "text": "ou le soft de spinning ?",
        "ts": "1512488301.000095"
    },
    {
        "type": "message",
        "user": "U54PABTGW",
        "text": "fournir une url --&gt; récupérer le texte --&gt; proposer une version spinné",
        "ts": "1512491932.000464"
    },
    {
        "type": "message",
        "user": "U54PABTGW",
        "text": "En gros ce serait cela le process",
        "ts": "1512491939.000302"
    },
    {
        "type": "message",
        "user": "U54PABTGW",
        "text": "si vous avez un bon outil de spinning surtout pas trop cher ca m'intéresse.",
        "ts": "1512491949.000247"
    },
    {
        "type": "message",
        "user": "U54PABTGW",
        "text": "Et également j'ai vu qu'il fallait un spinning de 25% du texte pour être efficace, vous avez une stat là dessus ? un retour d'expérience ?",
        "ts": "1512491978.000536"
    },
    {
        "type": "message",
        "user": "U57DAHPE1",
        "text": "Beacoup plus que 25% du texte. Aux dernieres nouvelles, si google comprenait que + de 15% de ton text était spinné. Tu te faisais chopper facile. Après comment ils calcule les 15% .... Mais faut faire du vrai spinning surtout avec le NLP de google qui s’améliore de jour en jour",
        "ts": "1512492302.001002"
    },
    {
        "type": "message",
        "user": "U62V7G8J1",
        "text": "Non c'est maximum 25% d'identique",
        "ts": "1512492647.000423"
    },
    {
        "type": "message",
        "user": "U62V7G8J1",
        "text": "donc minimum 75% spinné",
        "ts": "1512492663.000079"
    },
    {
        "type": "message",
        "user": "U62V7G8J1",
        "text": "SEO Quartz ?",
        "ts": "1512492667.000125"
    },
    {
        "type": "message",
        "user": "U57DAHPE1",
        "text": "Merde je voulais dire 15% d’identique",
        "ts": "1512492926.000024"
    },
    {
        "type": "message",
        "user": "U54PABTGW",
        "text": "<@U62V7G8J1> tu utilises seo quartz ?",
        "ts": "1512492967.000091"
    },
    {
        "type": "message",
        "user": "U62V7G8J1",
        "text": "<@U57DAHPE1> 15% plutôt que 25% oui il me semble",
        "ts": "1512493008.000144"
    },
    {
        "type": "message",
        "user": "U62V7G8J1",
        "text": "Je l'eu fait il y a fort fort fort longtemps",
        "ts": "1512493015.000301"
    },
    {
        "type": "message",
        "user": "U62V7G8J1",
        "text": "très peu",
        "ts": "1512493018.000325"
    },
    {
        "type": "message",
        "user": "U62V7G8J1",
        "text": "Mais de mémoire c'est le moins cher",
        "ts": "1512493022.000439"
    },
    {
        "type": "message",
        "user": "U62V7G8J1",
        "text": "du moins ça l'était il y a 2 ans",
        "ts": "1512493028.000161"
    }
]