[
    {
        "user": "U5S5VE94L",
        "text": "<@U5S5VE94L> has joined the channel",
        "type": "message",
        "subtype": "channel_join",
        "ts": "1501248501.359221"
    },
    {
        "type": "message",
        "user": "U53T94L7N",
        "text": "Nope, ask <@U5C86111D>? ",
        "thread_ts": "1501168442.324946",
        "parent_user_id": "U54PABTGW",
        "ts": "1501249812.037888"
    },
    {
        "type": "message",
        "user": "U5C86111D",
        "text": "il y en un dont j’avais parlé mais il est réservé au bootcampseo de laurent bourrelly",
        "edited": {
            "user": "U5C86111D",
            "ts": "1501249847.000000"
        },
        "thread_ts": "1501168442.324946",
        "parent_user_id": "U54PABTGW",
        "ts": "1501249838.052070"
    },
    {
        "type": "message",
        "user": "U546L44SJ",
        "text": "Et bien je ne le savais pas : “Google is no longer treating subdomains (<http:\/\/blog.widgets.com|blog.widgets.com> versus <http:\/\/widgets.com|widgets.com>) independently, instead attaching some association between them. The ranking algorithms have been tweaked so that pages from multiple subdomains have a much higher relevance bar to clear in order to be shown.”",
        "ts": "1501257808.766699"
    },
    {
        "type": "message",
        "user": "U546L44SJ",
        "text": "<@U57DAHPE1> cf notre discussion d’hier",
        "ts": "1501257856.793907"
    },
    {
        "type": "message",
        "user": "U5C86111D",
        "text": "C'est quoi la source ",
        "ts": "1501264924.510898"
    },
    {
        "type": "message",
        "user": "U5C86111D",
        "text": "<@U546L44SJ> ",
        "ts": "1501264952.526298"
    }
]