[
    {
        "type": "message",
        "user": "U57HABR37",
        "text": "Hello à tous, on vient de passer notre site de Squarespace à Prestashop. Comment est-ce que je peux faire pour migrer mes pages SEO de Squarespace à Prestashop ? Je ne sais pas si c'est vraiment possible sachant que l'URL n'est pas la même. Merci pour vos idées !",
        "thread_ts": "1508249133.000614",
        "reply_count": 2,
        "replies": [
            {
                "user": "U53GAFF8R",
                "ts": "1508264145.000519"
            },
            {
                "user": "U57HABR37",
                "ts": "1508310514.000272"
            }
        ],
        "unread_count": 2,
        "ts": "1508249133.000614"
    },
    {
        "type": "message",
        "user": "U5C86111D",
        "text": "301 mais fait le avec grand soin",
        "ts": "1508254419.000502",
        "reactions": [
            {
                "name": "+1",
                "users": [
                    "U57DKJR5F"
                ],
                "count": 1
            }
        ]
    },
    {
        "type": "message",
        "user": "U53GAFF8R",
        "text": "Les 2 sites sont sur des urls différentes tu dis ?\nSi oui, effectivement comme l'indique Robin tu peux faire des 301 pour chaque url Squarespace vers new url PrestaShop.",
        "thread_ts": "1508249133.000614",
        "parent_user_id": "U57HABR37",
        "ts": "1508264145.000519"
    }
]