[
    {
        "user": "U5SCXER6V",
        "inviter": "U61LBKVEF",
        "text": "<@U5SCXER6V> has joined the channel",
        "type": "message",
        "subtype": "channel_join",
        "ts": "1503558807.000267"
    },
    {
        "type": "message",
        "user": "U54C5S7V2",
        "text": "<https:\/\/moz.com\/blog\/the-broken-link-building-bible>",
        "attachments": [
            {
                "service_name": "Moz",
                "title": "The Broken Link Building Bible",
                "title_link": "https:\/\/moz.com\/blog\/the-broken-link-building-bible",
                "text": "The broken link building strategy may be one of the most effective, white-hat link building strategies in years. In today's post, Russ Jones outlines everything you need to know (really, everything) about how to effectively use this strategy in your next link building campaign.",
                "fallback": "Moz: The Broken Link Building Bible",
                "thumb_url": "https:\/\/d1avok0lzls2w.cloudfront.net\/img_users\/41463.jpg?1441720683",
                "from_url": "https:\/\/moz.com\/blog\/the-broken-link-building-bible",
                "thumb_width": 80,
                "thumb_height": 80,
                "service_icon": "https:\/\/dc8hdnsmzapvm.cloudfront.net\/assets\/images\/favicon\/moz-favicon-57.png?7345a55",
                "id": 1
            }
        ],
        "thread_ts": "1503560385.000356",
        "reply_count": 1,
        "replies": [
            {
                "user": "U61LBKVEF",
                "ts": "1503562313.000352"
            }
        ],
        "unread_count": 1,
        "ts": "1503560385.000356",
        "reactions": [
            {
                "name": "+1",
                "users": [
                    "U57JNRABE"
                ],
                "count": 1
            }
        ]
    },
    {
        "type": "message",
        "user": "U54C5S7V2",
        "text": "tu as tout ici",
        "ts": "1503560388.000032"
    },
    {
        "type": "message",
        "user": "U54C5S7V2",
        "text": "et ici: <http:\/\/backlinko.com\/high-quality-backlinks>",
        "attachments": [
            {
                "service_name": "Backlinko",
                "title": "How to Get High Quality Backlinks (Without Guest Posting)",
                "title_link": "http:\/\/backlinko.com\/high-quality-backlinks",
                "text": "You already know that the only way to move your site to the top of Google is to build high quality backlinks (and lots of them). That much is clear. But how do you find authoritative sites that might want to link to you? And how do you get them to actually add your link…without …",
                "fallback": "Backlinko: How to Get High Quality Backlinks (Without Guest Posting)",
                "image_url": "http:\/\/backlinko.com\/wp-content\/uploads\/2014\/08\/moving_man_method_image.jpg",
                "image_width": 220,
                "image_height": 220,
                "ts": 1382355397,
                "from_url": "http:\/\/backlinko.com\/high-quality-backlinks",
                "image_bytes": 7632,
                "service_icon": "http:\/\/backlinko.com\/wp-content\/uploads\/2016\/07\/favicon-180x180.png",
                "id": 1
            }
        ],
        "ts": "1503560451.000391",
        "reactions": [
            {
                "name": "+1",
                "users": [
                    "U5V7ATHF1"
                ],
                "count": 1
            }
        ]
    },
    {
        "type": "message",
        "user": "U61LBKVEF",
        "text": "Merci <@U54C5S7V2>!!",
        "thread_ts": "1503560385.000356",
        "parent_user_id": "U54C5S7V2",
        "ts": "1503562313.000352",
        "reactions": [
            {
                "name": "pray",
                "users": [
                    "U54C5S7V2"
                ],
                "count": 1
            }
        ]
    },
    {
        "type": "message",
        "user": "U57HABR37",
        "text": "Hello à tous ! \nJe me forme sur le SEO, qui dit SEO dit bon outil. Je suis en train d'en comparer 3\/4, est-ce que vous avez déjà des avis sur les outils suivants:\n- SEMrush\n- Moz\n- Botify\n- <http:\/\/Webpage.ly|Webpage.ly>",
        "thread_ts": "1503570529.000199",
        "reply_count": 8,
        "replies": [
            {
                "user": "U5635E9JN",
                "ts": "1503570989.000114"
            },
            {
                "user": "U5635E9JN",
                "ts": "1503571004.000143"
            },
            {
                "user": "U57HABR37",
                "ts": "1503572016.000258"
            },
            {
                "user": "U5635E9JN",
                "ts": "1503573794.000005"
            },
            {
                "user": "U5SCXER6V",
                "ts": "1503586457.000824"
            },
            {
                "user": "U57HABR37",
                "ts": "1503588365.000680"
            },
            {
                "user": "U5SCXER6V",
                "ts": "1503942670.000254"
            },
            {
                "user": "U5479AJQH",
                "ts": "1504741733.000186"
            }
        ],
        "unread_count": 8,
        "ts": "1503570529.000199"
    },
    {
        "type": "message",
        "user": "U5635E9JN",
        "text": "hello, je n’ai jamais testé webpage, ceci dit j’avais ete décu par botify. SEMrush est top, mais Moz a une longueur d’avance si tu ne veux que du SEO",
        "thread_ts": "1503570529.000199",
        "parent_user_id": "U57HABR37",
        "ts": "1503570989.000114"
    },
    {
        "type": "message",
        "user": "U5635E9JN",
        "text": "(ce n’est que mon avis d’utilisateur...)",
        "thread_ts": "1503570529.000199",
        "parent_user_id": "U57HABR37",
        "ts": "1503571004.000143"
    },
    {
        "type": "message",
        "user": "U57HABR37",
        "text": "Merci pour ton retour ! Est ce que tu sais si avec Moz tu peux avoir accés à la liste des concurrents positionnés sur des mots clés commun par exemple ?",
        "thread_ts": "1503570529.000199",
        "parent_user_id": "U57HABR37",
        "ts": "1503572016.000258"
    },
    {
        "type": "message",
        "user": "U5635E9JN",
        "text": "pour le coup je sais que SEMRush le fait, mais pas sur pour MOZ...",
        "thread_ts": "1503570529.000199",
        "parent_user_id": "U57HABR37",
        "ts": "1503573794.000005"
    },
    {
        "type": "message",
        "user": "U5C86111D",
        "text": "Prends SEMRush + group buy seo",
        "thread_ts": "1503574624.000096",
        "reply_count": 14,
        "replies": [
            {
                "user": "U57HABR37",
                "ts": "1503588457.000145"
            },
            {
                "user": "U5C86111D",
                "ts": "1503588502.000175"
            },
            {
                "user": "U5C86111D",
                "ts": "1503588518.000166"
            },
            {
                "user": "U57HABR37",
                "ts": "1503588831.000100"
            },
            {
                "user": "U57HABR37",
                "ts": "1503588835.000383"
            },
            {
                "user": "U5C86111D",
                "ts": "1503588846.000148"
            },
            {
                "user": "U5C86111D",
                "ts": "1503588856.000044"
            },
            {
                "user": "U57HABR37",
                "ts": "1503589773.000287"
            },
            {
                "user": "U5C86111D",
                "ts": "1503589791.000190"
            },
            {
                "user": "U5C86111D",
                "ts": "1503589816.000074"
            },
            {
                "user": "U5C86111D",
                "ts": "1503589835.000327"
            },
            {
                "user": "U57HABR37",
                "ts": "1503589862.000282"
            },
            {
                "user": "U57HABR37",
                "ts": "1503589868.000566"
            },
            {
                "user": "U5C86111D",
                "ts": "1503589909.000022"
            }
        ],
        "unread_count": 14,
        "ts": "1503574624.000096",
        "reactions": [
            {
                "name": "+1",
                "users": [
                    "U5479AJQH",
                    "U57HABR37",
                    "U5AV671TK"
                ],
                "count": 3
            }
        ]
    },
    {
        "type": "message",
        "user": "U5C86111D",
        "text": "Botify c'est quelque chose comme 500€ \/ mois",
        "ts": "1503574637.000256"
    },
    {
        "type": "message",
        "user": "U5C86111D",
        "text": "Oncrawl et moins cher mais faut savoir analyser les logs Nginx",
        "ts": "1503574651.000097"
    },
    {
        "type": "message",
        "user": "U5C86111D",
        "text": "pour voir les pages mortes SEO etc..",
        "ts": "1503574656.000090"
    },
    {
        "type": "message",
        "user": "U5SCXER6V",
        "text": "Je te recommande chaudement SEMrush, toujours en train d'améliorer son outil. Le top pour la recherche de mot clé, et suivi positions + celles des concurrents, beaucoup moins bien pour le suivi de backlinks",
        "thread_ts": "1503570529.000199",
        "parent_user_id": "U57HABR37",
        "ts": "1503586457.000824"
    },
    {
        "type": "message",
        "user": "U57HABR37",
        "text": "Top, merci pour ton retour <@U5SCXER6V> ! Est-ce que tu sais si SEMrush te guide pour l'écriture de tes articles ? (un peu comme le fait <http:\/\/Optimize.me|Optimize.me>)",
        "thread_ts": "1503570529.000199",
        "parent_user_id": "U57HABR37",
        "ts": "1503588365.000680"
    },
    {
        "type": "message",
        "user": "U57HABR37",
        "text": "Merci pour ton conseil <@U5C86111D> ! Tu utilises group buy seo ? Tu en es satisfait ?",
        "thread_ts": "1503574624.000096",
        "parent_user_id": "U5C86111D",
        "ts": "1503588457.000145"
    },
    {
        "type": "message",
        "user": "U5C86111D",
        "text": "<http:\/\/www.toolsgb.com\/>",
        "attachments": [
            {
                "title": "SEO Tools Group Buy",
                "title_link": "http:\/\/www.toolsgb.com\/",
                "text": "Buy SEO tools here",
                "fallback": "SEO Tools Group Buy",
                "from_url": "http:\/\/www.toolsgb.com\/",
                "service_icon": "http:\/\/www.toolsgb.com\/wp-content\/themes\/focus-pro\/images\/favicon.ico",
                "service_name": "toolsgb.com",
                "id": 1
            }
        ],
        "thread_ts": "1503574624.000096",
        "parent_user_id": "U5C86111D",
        "ts": "1503588502.000175"
    },
    {
        "type": "message",
        "user": "U5C86111D",
        "text": "Il est super car tu n'as pas besoin de VPS ou de Mozilla modifié",
        "thread_ts": "1503574624.000096",
        "parent_user_id": "U5C86111D",
        "ts": "1503588518.000166"
    },
    {
        "type": "message",
        "user": "U5C86111D",
        "text": "Il te faut un compte à toi pour créer des projets et le reste en group buy pour faire du one shot",
        "ts": "1503588631.000509"
    },
    {
        "type": "message",
        "user": "U5C86111D",
        "text": "une alternative c'est myposeo pour le ranking et le reste en group mais semrush a tellement de feature :smile: ils release presque une feature par semaine",
        "ts": "1503588679.000444"
    },
    {
        "type": "message",
        "user": "U57HABR37",
        "text": "Hmm je viens de lire la page que tu m'as envoyé. Avec les packages tu as accès à toutes les fonctionnalités de tous les outils ?",
        "thread_ts": "1503574624.000096",
        "parent_user_id": "U5C86111D",
        "ts": "1503588831.000100"
    },
    {
        "type": "message",
        "user": "U57HABR37",
        "text": "Je pense à SEMrush par ex",
        "thread_ts": "1503574624.000096",
        "parent_user_id": "U5C86111D",
        "ts": "1503588835.000383"
    },
    {
        "type": "message",
        "user": "U5C86111D",
        "text": "non justement",
        "thread_ts": "1503574624.000096",
        "parent_user_id": "U5C86111D",
        "ts": "1503588846.000148"
    },
    {
        "type": "message",
        "user": "U5C86111D",
        "text": "comme c'est partagé tu peux pas faire de projet",
        "thread_ts": "1503574624.000096",
        "parent_user_id": "U5C86111D",
        "ts": "1503588856.000044"
    },
    {
        "type": "message",
        "user": "U57HABR37",
        "text": "Et tu me conseilles quand même de le prendre pour avoir accès d'autres outils ?",
        "thread_ts": "1503574624.000096",
        "parent_user_id": "U5C86111D",
        "ts": "1503589773.000287"
    },
    {
        "type": "message",
        "user": "U5C86111D",
        "text": "SEMRush tu le payes normal et le reste en group buy",
        "thread_ts": "1503574624.000096",
        "parent_user_id": "U5C86111D",
        "ts": "1503589791.000190"
    },
    {
        "type": "message",
        "user": "U5C86111D",
        "text": "sinon, commence par prendre uniquement group buy pour tous les tester",
        "thread_ts": "1503574624.000096",
        "parent_user_id": "U5C86111D",
        "ts": "1503589816.000074"
    },
    {
        "type": "message",
        "user": "U5C86111D",
        "text": "tu peux te créer des projets mais tu sais pas combien de temps ils vont rester comme tu partages le compte",
        "thread_ts": "1503574624.000096",
        "parent_user_id": "U5C86111D",
        "ts": "1503589835.000327"
    },
    {
        "type": "message",
        "user": "U57HABR37",
        "text": "Oui je vois, group buy seo c'est surtout pour tester des outils",
        "thread_ts": "1503574624.000096",
        "parent_user_id": "U5C86111D",
        "ts": "1503589862.000282"
    },
    {
        "type": "message",
        "user": "U57HABR37",
        "text": "Pas sur le long terme",
        "thread_ts": "1503574624.000096",
        "parent_user_id": "U5C86111D",
        "ts": "1503589868.000566"
    },
    {
        "type": "message",
        "user": "U5C86111D",
        "text": "tester et utiliser. Par exemple sur majestic tu regardes les BL de tes concurrents, tu exports et voilà",
        "thread_ts": "1503574624.000096",
        "parent_user_id": "U5C86111D",
        "ts": "1503589909.000022"
    }
]