[
    {
        "type": "message",
        "user": "U53T94L7N",
        "text": "Petite note méthodologique :slightly_smiling_face: <https:\/\/medium.com\/@Pinterest_Engineering\/demystifying-seo-with-experiments-a183b325cf4c>",
        "attachments": [
            {
                "service_name": "Medium",
                "title": "Demystifying SEO with experiments – Pinterest Engineering – Medium",
                "title_link": "https:\/\/medium.com\/@Pinterest_Engineering\/demystifying-seo-with-experiments-a183b325cf4c",
                "text": "Search engine optimization (SEO) has been one of the biggest drivers of growth for Pinterest. However, it wasn’t always easy to find winning strategies at our scale. Traditionally, SEO tactics…",
                "fallback": "Medium: Demystifying SEO with experiments – Pinterest Engineering – Medium",
                "image_url": "https:\/\/cdn-images-1.medium.com\/max\/1200\/0*NjbBapo-4RIGWKyz.png",
                "fields": [
                    {
                        "title": "Reading time",
                        "value": "6 min read",
                        "short": true
                    }
                ],
                "ts": 1422345600,
                "from_url": "https:\/\/medium.com\/@Pinterest_Engineering\/demystifying-seo-with-experiments-a183b325cf4c",
                "image_width": 486,
                "image_height": 250,
                "image_bytes": 88918,
                "service_icon": "https:\/\/cdn-images-1.medium.com\/fit\/c\/304\/304\/1*W0nmth_X8nFKjn6BZ388UQ.png",
                "id": 1
            }
        ],
        "thread_ts": "1501852899.660217",
        "reply_count": 1,
        "replies": [
            {
                "user": "U53T94L7N",
                "ts": "1501852958.689515"
            }
        ],
        "unread_count": 1,
        "ts": "1501852899.660217"
    },
    {
        "type": "message",
        "user": "U53T94L7N",
        "text": "et celui-ci complète bien : <https:\/\/medium.com\/@Pinterest_Engineering\/driving-user-growth-with-performance-improvements-cfc50dafadd7>",
        "attachments": [
            {
                "service_name": "Medium",
                "title": "Driving user growth with performance improvements – Pinterest Engineering – Medium",
                "title_link": "https:\/\/medium.com\/@Pinterest_Engineering\/driving-user-growth-with-performance-improvements-cfc50dafadd7",
                "text": "Sam Meder, Vadim Antonov &amp; Jeff Chang | Pinterest engineers, Growth",
                "fallback": "Medium: Driving user growth with performance improvements – Pinterest Engineering – Medium",
                "image_url": "https:\/\/cdn-images-1.medium.com\/max\/1200\/0*3zRQo-xzr5RkGJz1.",
                "fields": [
                    {
                        "title": "Reading time",
                        "value": "8 min read",
                        "short": true
                    }
                ],
                "ts": 1488568266,
                "from_url": "https:\/\/medium.com\/@Pinterest_Engineering\/driving-user-growth-with-performance-improvements-cfc50dafadd7",
                "image_width": 419,
                "image_height": 250,
                "image_bytes": 155781,
                "service_icon": "https:\/\/cdn-images-1.medium.com\/fit\/c\/304\/304\/1*W0nmth_X8nFKjn6BZ388UQ.png",
                "id": 1
            }
        ],
        "thread_ts": "1501852899.660217",
        "parent_user_id": "U53T94L7N",
        "ts": "1501852958.689515"
    }
]