[
    {
        "type": "message",
        "user": "U704DHU58",
        "text": "je crois que je suis déjà sur la nouvelle",
        "ts": "1513162164.000230"
    },
    {
        "type": "message",
        "subtype": "file_share",
        "text": "<@U704DHU58> uploaded a file: <https:\/\/growthhackingfrance.slack.com\/files\/U704DHU58\/F8DSZCC9Z\/image.png|image.png>",
        "file": {
            "id": "F8DSZCC9Z",
            "created": 1513162170,
            "timestamp": 1513162170,
            "name": "image.png",
            "title": "image.png",
            "mimetype": "image\/png",
            "filetype": "png",
            "pretty_type": "PNG",
            "user": "U704DHU58",
            "editable": false,
            "size": 25268,
            "mode": "hosted",
            "is_external": false,
            "external_type": "",
            "is_public": true,
            "public_url_shared": false,
            "display_as_bot": false,
            "username": "",
            "url_private": "https:\/\/files.slack.com\/files-pri\/T53A65FDZ-F8DSZCC9Z\/image.png?t=xoxe-173346185475-301971345667-302189523445-be5392310f98480a534c383e5d92ddc3",
            "url_private_download": "https:\/\/files.slack.com\/files-pri\/T53A65FDZ-F8DSZCC9Z\/download\/image.png?t=xoxe-173346185475-301971345667-302189523445-be5392310f98480a534c383e5d92ddc3",
            "thumb_64": "https:\/\/files.slack.com\/files-tmb\/T53A65FDZ-F8DSZCC9Z-52ae9c0256\/image_64.png?t=xoxe-173346185475-301971345667-302189523445-be5392310f98480a534c383e5d92ddc3",
            "thumb_80": "https:\/\/files.slack.com\/files-tmb\/T53A65FDZ-F8DSZCC9Z-52ae9c0256\/image_80.png?t=xoxe-173346185475-301971345667-302189523445-be5392310f98480a534c383e5d92ddc3",
            "thumb_360": "https:\/\/files.slack.com\/files-tmb\/T53A65FDZ-F8DSZCC9Z-52ae9c0256\/image_360.png?t=xoxe-173346185475-301971345667-302189523445-be5392310f98480a534c383e5d92ddc3",
            "thumb_360_w": 360,
            "thumb_360_h": 41,
            "thumb_480": "https:\/\/files.slack.com\/files-tmb\/T53A65FDZ-F8DSZCC9Z-52ae9c0256\/image_480.png?t=xoxe-173346185475-301971345667-302189523445-be5392310f98480a534c383e5d92ddc3",
            "thumb_480_w": 480,
            "thumb_480_h": 55,
            "thumb_160": "https:\/\/files.slack.com\/files-tmb\/T53A65FDZ-F8DSZCC9Z-52ae9c0256\/image_160.png?t=xoxe-173346185475-301971345667-302189523445-be5392310f98480a534c383e5d92ddc3",
            "thumb_720": "https:\/\/files.slack.com\/files-tmb\/T53A65FDZ-F8DSZCC9Z-52ae9c0256\/image_720.png?t=xoxe-173346185475-301971345667-302189523445-be5392310f98480a534c383e5d92ddc3",
            "thumb_720_w": 720,
            "thumb_720_h": 82,
            "thumb_800": "https:\/\/files.slack.com\/files-tmb\/T53A65FDZ-F8DSZCC9Z-52ae9c0256\/image_800.png?t=xoxe-173346185475-301971345667-302189523445-be5392310f98480a534c383e5d92ddc3",
            "thumb_800_w": 800,
            "thumb_800_h": 91,
            "thumb_960": "https:\/\/files.slack.com\/files-tmb\/T53A65FDZ-F8DSZCC9Z-52ae9c0256\/image_960.png?t=xoxe-173346185475-301971345667-302189523445-be5392310f98480a534c383e5d92ddc3",
            "thumb_960_w": 960,
            "thumb_960_h": 109,
            "thumb_1024": "https:\/\/files.slack.com\/files-tmb\/T53A65FDZ-F8DSZCC9Z-52ae9c0256\/image_1024.png?t=xoxe-173346185475-301971345667-302189523445-be5392310f98480a534c383e5d92ddc3",
            "thumb_1024_w": 1024,
            "thumb_1024_h": 116,
            "image_exif_rotation": 1,
            "original_w": 1691,
            "original_h": 192,
            "permalink": "https:\/\/growthhackingfrance.slack.com\/files\/U704DHU58\/F8DSZCC9Z\/image.png",
            "permalink_public": "https:\/\/slack-files.com\/T53A65FDZ-F8DSZCC9Z-3ab9092eed",
            "channels": [],
            "groups": [],
            "ims": [],
            "comments_count": 0
        },
        "user": "U704DHU58",
        "upload": true,
        "display_as_bot": false,
        "username": "benperrotin",
        "bot_id": null,
        "ts": "1513162172.000112"
    },
    {
        "type": "message",
        "user": "U54PABTGW",
        "text": "oui yourtext.guru j'ai pas mal de résultats étranges d'ou ma question ..",
        "ts": "1513162230.000046"
    },
    {
        "type": "message",
        "user": "U54PABTGW",
        "text": "je ne connais pas seo quantum",
        "ts": "1513162249.000456"
    },
    {
        "type": "message",
        "user": "U54PABTGW",
        "text": "D'ailleurs si l'un de vous a un guide carrer pour cadrer vos rédacteurs offshore je suis curieux.",
        "ts": "1513162273.000262"
    },
    {
        "type": "message",
        "user": "U54PABTGW",
        "text": "perso je fourni les keywords et je revalide derrière avec copyscape + densité de mots clés.",
        "ts": "1513162293.000306"
    },
    {
        "type": "message",
        "user": "U62V7G8J1",
        "text": "Je suis entrain de voir avec les frères Peyronnet (YourTextGuru) pour un petit webinaire de formation et d'explicaiton",
        "ts": "1513162336.000135"
    },
    {
        "type": "message",
        "user": "U62V7G8J1",
        "text": "car c'est le plus quali",
        "ts": "1513162338.000341"
    },
    {
        "type": "message",
        "user": "U62V7G8J1",
        "text": "des outils",
        "ts": "1513162342.000365",
        "reactions": [
            {
                "name": "+1",
                "users": [
                    "U61LBKVEF"
                ],
                "count": 1
            }
        ]
    },
    {
        "type": "message",
        "user": "U61LBKVEF",
        "text": "Vous avez des équivalents anglophones à recommander?",
        "ts": "1513162640.000194"
    },
    {
        "type": "message",
        "user": "U7Q1TP0NT",
        "text": "Bonjour à tous,\nPetite question sur le content spinning, quel est le taux de similitude idéal pour un text spinné ? Quel est le maximum à ne pas dépasser ?",
        "ts": "1513163637.000017"
    },
    {
        "type": "message",
        "user": "U62V7G8J1",
        "text": "15\/25% max de similitude",
        "ts": "1513164410.000332"
    },
    {
        "type": "message",
        "user": "U7Q1TP0NT",
        "text": "<@U62V7G8J1> et pour du contenu dupliqué en interne dans mon site ?",
        "ts": "1513168755.000025"
    },
    {
        "type": "message",
        "user": "U704DHU58",
        "text": "yourtext.guru fait l'anglais apparemment, sinon à voir avec <https:\/\/www.syllabs.com\/> (ils sont tres smart dans la génération de contenu quali)",
        "attachments": [
            {
                "fallback": "[December 13th, 2017 11:57 AM] gregdabo: Vous avez des équivalents anglophones à recommander?",
                "ts": "1513162640.000194",
                "author_id": "U61LBKVEF",
                "author_subname": "Greg d'Aboville",
                "channel_id": "C54JX6R62",
                "channel_name": "seo",
                "is_msg_unfurl": true,
                "text": "Vous avez des équivalents anglophones à recommander?",
                "author_name": "Greg d'Aboville",
                "author_link": "https:\/\/growthhackingfrance.slack.com\/team\/U61LBKVEF",
                "author_icon": "https:\/\/avatars.slack-edge.com\/2017-06-30\/207086871991_0f6e2b67c1da6f13eb1e_48.jpg",
                "mrkdwn_in": [
                    "text"
                ],
                "color": "D0D0D0",
                "from_url": "https:\/\/growthhackingfrance.slack.com\/archives\/C54JX6R62\/p1513162640000194",
                "is_share": true,
                "footer": "Posted in #seo"
            }
        ],
        "thread_ts": "1513169845.000250",
        "reply_count": 2,
        "replies": [
            {
                "user": "U61LBKVEF",
                "ts": "1513171570.000446"
            },
            {
                "user": "U61LBKVEF",
                "ts": "1513197847.000699"
            }
        ],
        "unread_count": 2,
        "ts": "1513169845.000250"
    },
    {
        "type": "message",
        "user": "U62V7G8J1",
        "text": "<@U7Q1TP0NT> Pourquoi dupliquer du contenu en interne? Cannibalisation de keywords?",
        "attachments": [
            {
                "fallback": "[December 13th, 2017 1:39 PM] lucas297: <@U62V7G8J1> et pour du contenu dupliqué en interne dans mon site ?",
                "ts": "1513168755.000025",
                "author_id": "U7Q1TP0NT",
                "author_subname": "Lucas F",
                "channel_id": "C54JX6R62",
                "channel_name": "seo",
                "is_msg_unfurl": true,
                "text": "<@U62V7G8J1> et pour du contenu dupliqué en interne dans mon site ?",
                "author_name": "Lucas F",
                "author_link": "https:\/\/growthhackingfrance.slack.com\/team\/U7Q1TP0NT",
                "author_icon": "https:\/\/avatars.slack-edge.com\/2017-10-31\/263892547424_4327f04b3381a4871141_48.jpg",
                "mrkdwn_in": [
                    "text"
                ],
                "color": "D0D0D0",
                "from_url": "https:\/\/growthhackingfrance.slack.com\/archives\/C54JX6R62\/p1513168755000025",
                "is_share": true,
                "footer": "Posted in #seo"
            }
        ],
        "thread_ts": "1513170382.000230",
        "reply_count": 14,
        "replies": [
            {
                "user": "U7Q1TP0NT",
                "ts": "1513172275.000218"
            },
            {
                "user": "U62V7G8J1",
                "ts": "1513173229.000331"
            },
            {
                "user": "U62V7G8J1",
                "ts": "1513173243.000045"
            },
            {
                "user": "U7Q1TP0NT",
                "ts": "1513173439.000332"
            },
            {
                "user": "U7Q1TP0NT",
                "ts": "1513173508.000501"
            },
            {
                "user": "U62V7G8J1",
                "ts": "1513175095.000424"
            },
            {
                "user": "U62V7G8J1",
                "ts": "1513175102.000649"
            },
            {
                "user": "U7Q1TP0NT",
                "ts": "1513175141.000121"
            },
            {
                "user": "U7Q1TP0NT",
                "ts": "1513175170.000501"
            },
            {
                "user": "U54PABTGW",
                "ts": "1513179934.000212"
            },
            {
                "user": "U7Q1TP0NT",
                "ts": "1513180375.000633"
            },
            {
                "user": "U8CGUSR8D",
                "ts": "1513181707.000865"
            },
            {
                "user": "U62V7G8J1",
                "ts": "1513186459.000498"
            },
            {
                "user": "U7Q1TP0NT",
                "ts": "1513186865.000668"
            }
        ],
        "unread_count": 14,
        "ts": "1513170382.000230"
    },
    {
        "type": "message",
        "user": "U54NAL317",
        "text": "Dans GA, 98% des mots clés en organic search sont en not provided. Vous auriez une solution pour trouver quels sont ces mots clés ?",
        "thread_ts": "1513170864.000371",
        "reply_count": 1,
        "replies": [
            {
                "user": "U5479AJQH",
                "ts": "1515503122.000376"
            }
        ],
        "unread_count": 1,
        "ts": "1513170864.000371"
    },
    {
        "type": "message",
        "user": "U62V7G8J1",
        "text": "Keyword Hero si tu veux payer",
        "ts": "1513171178.000564"
    },
    {
        "type": "message",
        "user": "U62V7G8J1",
        "text": "sinon tu fais un suivi de tes SERPs",
        "ts": "1513171184.000371"
    },
    {
        "type": "message",
        "user": "U62V7G8J1",
        "text": "et avec ton positionnement et le volume de recherche associé tu te fais une idée :slightly_smiling_face:",
        "ts": "1513171195.000153"
    },
    {
        "type": "message",
        "user": "U54PABTGW",
        "text": "<@U62V7G8J1> tu sais comment keyword hero fonctionne ?",
        "ts": "1513171441.000282"
    },
    {
        "type": "message",
        "user": "U62V7G8J1",
        "text": "Je dirai avec un synchro sur ta GSC donc en gros comme je l'ai expliqué ci-dessus. Corrélation entre SERP, keywords, et volumes de recherche.\n\n<@U80MTJ93N> toi qui l'a intégré, tu te souviens comment ça fonctionne ?\n\nSinon le founder d'OnCrawl s'est mis en tête de supprimer les not provided, donc à voir la solution avec laquelle ils vont arriver d'ici quelques mois",
        "thread_ts": "1513171538.000146",
        "reply_count": 1,
        "replies": [
            {
                "user": "U54NAL317",
                "ts": "1513176292.000496"
            }
        ],
        "unread_count": 1,
        "ts": "1513171538.000146"
    },
    {
        "type": "message",
        "user": "U61LBKVEF",
        "text": "Merci <@U704DHU58>",
        "thread_ts": "1513169845.000250",
        "parent_user_id": "U704DHU58",
        "ts": "1513171570.000446"
    },
    {
        "type": "message",
        "user": "U7Q1TP0NT",
        "text": "Nous proposons des services dans 350 villes, nous mettons un contenu similaire sur 350 pages du coup représentant les 350 villes. Le contenu est le même sur ces différentes pages seul le nom de la ville change, d’où mon attrait vers le spinning content afin de varié sensiblement leurs contenus. Qu’en penses tu ?",
        "thread_ts": "1513170382.000230",
        "parent_user_id": "U62V7G8J1",
        "ts": "1513172275.000218"
    },
    {
        "type": "message",
        "user": "U80MTJ93N",
        "text": "<@U54PABTGW> <https:\/\/keyword-hero.com\/how-its-done>\n\nJe ne pourrais pas mieux expliquer qu’eux même. Ca reste obscure, mais ils sont Google analytics Technology Partner, donc il doit bien y avoir quelque chose.\nPour avoir discuter avec eux, leur démarche fonctionne, mais comme toute solution avec du Machine Learning il y a une marge d’erreur. De souvenir c’était 10% chez Keyword Hero. Ca reste raisonnable quand on pense que sans cette solution le “not provided” reste 100% opaque.",
        "edited": {
            "user": "U80MTJ93N",
            "ts": "1513172692.000000"
        },
        "ts": "1513172665.000174"
    },
    {
        "type": "message",
        "user": "U62V7G8J1",
        "text": "Go pour le spinning alors. Jamais de contenu dupliqué entre les pages d'un même site, ou entre différents sites",
        "thread_ts": "1513170382.000230",
        "parent_user_id": "U62V7G8J1",
        "ts": "1513173229.000331"
    },
    {
        "type": "message",
        "user": "U62V7G8J1",
        "text": "Quel service si ce 'est pas indiscret ?",
        "thread_ts": "1513170382.000230",
        "parent_user_id": "U62V7G8J1",
        "ts": "1513173243.000045"
    },
    {
        "type": "message",
        "user": "U7Q1TP0NT",
        "text": "En gros, on est une app d’entraide entre voisins et on veux montrer que dans tel ou tel villes est disponible notre app avec tout les services dont ils pourraient bénéficier. Le contenu est donc identique pour toutes les pages villes.",
        "thread_ts": "1513170382.000230",
        "parent_user_id": "U62V7G8J1",
        "ts": "1513173439.000332"
    },
    {
        "type": "message",
        "user": "U7Q1TP0NT",
        "text": "D’où l’intérêt de spinner, mais j’ai du mal a descendre en dessous de la barre des 80% en terme de tx de similitude ...",
        "thread_ts": "1513170382.000230",
        "parent_user_id": "U62V7G8J1",
        "ts": "1513173508.000501"
    },
    {
        "type": "message",
        "user": "U62V7G8J1",
        "text": "Tu spin à partir de quoi ?",
        "thread_ts": "1513170382.000230",
        "parent_user_id": "U62V7G8J1",
        "ts": "1513175095.000424"
    },
    {
        "type": "message",
        "user": "U62V7G8J1",
        "text": "Prends les pages wikipedia puis dilues ton content",
        "thread_ts": "1513170382.000230",
        "parent_user_id": "U62V7G8J1",
        "ts": "1513175102.000649"
    },
    {
        "type": "message",
        "user": "U7Q1TP0NT",
        "text": "Outils online de spinning content, avec la méthode du masterspin",
        "thread_ts": "1513170382.000230",
        "parent_user_id": "U62V7G8J1",
        "ts": "1513175141.000121"
    },
    {
        "type": "message",
        "user": "U7Q1TP0NT",
        "text": "Wikipedia ?",
        "thread_ts": "1513170382.000230",
        "parent_user_id": "U62V7G8J1",
        "ts": "1513175170.000501"
    },
    {
        "type": "message",
        "user": "U54NAL317",
        "text": "j'ai déjà fait la synchronisation avec la search console",
        "thread_ts": "1513171538.000146",
        "parent_user_id": "U62V7G8J1",
        "ts": "1513176292.000496"
    },
    {
        "type": "message",
        "user": "U54PABTGW",
        "text": "<@U7Q1TP0NT> c'est lequel ton outil online ?",
        "thread_ts": "1513170382.000230",
        "parent_user_id": "U62V7G8J1",
        "ts": "1513179934.000212"
    },
    {
        "type": "message",
        "user": "U7Q1TP0NT",
        "text": "<https:\/\/tools.deux.io\/content-spinning>\n<http:\/\/www.infowebmaster.fr\/outils\/content-spinning.php>\nj’ai aussi essayé effispin",
        "attachments": [
            {
                "title": "Outil Content Spinning Gratuit",
                "title_link": "https:\/\/tools.deux.io\/content-spinning",
                "text": "Génerez des milliers de textes en 1 clic, c'est possible en 'spinnant' vos textes. Gratuit. Simple. Efficace. Essayez ;)",
                "fallback": "Outil Content Spinning Gratuit",
                "from_url": "https:\/\/tools.deux.io\/content-spinning",
                "service_name": "tools.deux.io",
                "id": 1
            }
        ],
        "thread_ts": "1513170382.000230",
        "parent_user_id": "U62V7G8J1",
        "ts": "1513180375.000633"
    },
    {
        "type": "message",
        "user": "U8CGUSR8D",
        "text": "Vous avez testé xSpin It! ? Il est réputé pour être le meilleur.",
        "thread_ts": "1513170382.000230",
        "parent_user_id": "U62V7G8J1",
        "ts": "1513181707.000865"
    },
    {
        "type": "message",
        "user": "U62V7G8J1",
        "text": "SEOQuartz",
        "thread_ts": "1513170382.000230",
        "parent_user_id": "U62V7G8J1",
        "ts": "1513186459.000498"
    },
    {
        "type": "message",
        "user": "U7Q1TP0NT",
        "text": "merci à vous !",
        "thread_ts": "1513170382.000230",
        "parent_user_id": "U62V7G8J1",
        "ts": "1513186865.000668"
    },
    {
        "type": "message",
        "user": "U61LBKVEF",
        "text": "Je te confirme qu'ils supportent bien l'anglais :slightly_smiling_face:",
        "thread_ts": "1513169845.000250",
        "parent_user_id": "U704DHU58",
        "ts": "1513197847.000699"
    },
    {
        "user": "U8DDJSMH7",
        "text": "<@U8DDJSMH7> has joined the channel",
        "type": "message",
        "subtype": "channel_join",
        "ts": "1513215384.000275"
    }
]