[
    {
        "type": "message",
        "user": "U54NAL317",
        "text": "Acceptée à la conf de Google vendredi 1er\nY'en a d'autres parmi vous ?",
        "edited": {
            "user": "U54NAL317",
            "ts": "1511867799.000000"
        },
        "ts": "1511867751.000235",
        "reactions": [
            {
                "name": "wave",
                "users": [
                    "U55EAMFQ9",
                    "U55FFTX6J",
                    "U57DAHPE1",
                    "U7Q1TP0NT"
                ],
                "count": 4
            }
        ]
    },
    {
        "type": "message",
        "user": "U60DUGA9X",
        "text": "yep",
        "ts": "1511873453.000155"
    },
    {
        "type": "message",
        "user": "U57DAHPE1",
        "text": "Yup yup. J’espère qu’ils vont balancer du lourd, pas comme la conf de mardi dernier",
        "ts": "1511873498.000126"
    },
    {
        "type": "message",
        "user": "U5C86111D",
        "text": "prenez des notes :raised_hand_with_fingers_splayed:",
        "ts": "1511874866.000378"
    },
    {
        "type": "message",
        "user": "U54PQ74HF",
        "text": "sur bordeaux donc pas possible pour moi, mais je suis preneur de retours si possible :slightly_smiling_face:",
        "ts": "1511876711.000385"
    },
    {
        "type": "message",
        "user": "U62V7G8J1",
        "text": "Yes, j'y suis aussi Vendredi",
        "ts": "1511877465.000692"
    },
    {
        "user": "U5H9QQS4X",
        "text": "<@U5H9QQS4X> has joined the channel",
        "type": "message",
        "subtype": "channel_join",
        "ts": "1511878165.000429"
    },
    {
        "type": "message",
        "user": "U54NAL317",
        "text": ":slightly_smiling_face:",
        "ts": "1511878286.000447"
    },
    {
        "type": "message",
        "user": "U54NAL317",
        "text": "ma boss m'a donné le go pour que j'y aille",
        "ts": "1511878566.000209"
    },
    {
        "type": "message",
        "user": "U54NAL317",
        "text": "je vous partagerai mes notes",
        "ts": "1511878571.000137",
        "reactions": [
            {
                "name": "+1",
                "users": [
                    "U541S59L4"
                ],
                "count": 1
            }
        ]
    },
    {
        "type": "message",
        "user": "U54NAL317",
        "text": "question bête : c'est grave les accents dans les méta-descriptions ? Google lit-il les accents ?\nvu qu'il transforme les accents en code \"G&amp;eacute;ographie en Premi&amp;egrave;re : Tout savoir sur les potentialit&amp;eacute;s e\"",
        "ts": "1511879189.000118"
    },
    {
        "type": "message",
        "user": "U5C86111D",
        "text": "Pas un problème",
        "ts": "1511879472.000543"
    },
    {
        "type": "message",
        "user": "U54NAL317",
        "text": ":+1:",
        "ts": "1511879534.000514"
    },
    {
        "type": "message",
        "user": "U54NAL317",
        "text": "autre question, je n'ai pas accès au code du site, le site est homemade \nDes plugins ou des outils à plugger pour pouvoir modifier les balises sans demander aux devs ? \nje cherche un peu l'équivalent de YoastSEO pour Wordpress mais pas pour un site CMS\nJ'ai des centaines de méta-descriptions en doubles :cry:",
        "ts": "1511880113.000453"
    },
    {
        "type": "message",
        "user": "U5C86111D",
        "text": "nicht possible sorry",
        "ts": "1511880354.000825",
        "reactions": [
            {
                "name": "joy",
                "users": [
                    "U62V7G8J1"
                ],
                "count": 1
            }
        ]
    },
    {
        "type": "message",
        "user": "U54NAL317",
        "text": "bon c'est partie pour toutes les corriger dans un excel que mon dev ne reprendra pas :disappointed:",
        "ts": "1511880601.000262"
    }
]