[
    {
        "type": "message",
        "user": "U55FFTX6J",
        "text": "Hello a tous, j'ai deux questions pour vous :slightly_smiling_face:. La première est que nous sommes actuellement en recherche d'un stagiaire (plutôt dernière année d’étude) spécialisé en SEO, est-ce que vous avez des idées d’écoles\/formations etc... ou je pourrais trouver la bonne personne?\n\nLa deuxième est pour la recherche de backlinks, maintenant, Google n'accepte plus les échanges de liens, ce que je ne comprend pas c'est comment Google peut détecter un échange de lien si il est bien fait et pourquoi il ne l'accepte pas? \nExemple : J'ai un site sur le fromage, j’écris un article \"Les meilleurs jambons avec le Gouda\", dans cet article j’insère un lien qui redirige vers un site qui a pour thématique le jambon. Et ce même site écrit un article  \"Quel fromage associé au jambon de Bayonne?\", il y insère un lien qui redirige vers mon site de fromage.\nIci, les thématiques sont respectées, les liens sont insérés dans des articles de qualités et ont l'air totalement naturel, pourtant ce sont des échanges de lien. \nComment Google peut détecter que c'est un échange de lien? et pourquoi il devrait considérer cet échange comme néfaste? Et si ce n'est pas\/plus une bonne façon d’acquérir des backlinks alors comment obtenir des backlinks de qualités sans débourser 1000000 dollars américains :moneybag: ?",
        "thread_ts": "1505291214.000016",
        "reply_count": 7,
        "replies": [
            {
                "user": "U61LBKVEF",
                "ts": "1505292516.000290"
            },
            {
                "user": "U55FFTX6J",
                "ts": "1505293005.000232"
            },
            {
                "user": "U541S59L4",
                "ts": "1505296297.000286"
            },
            {
                "user": "U5635E9JN",
                "ts": "1505296867.000082"
            },
            {
                "user": "U54C5S7V2",
                "ts": "1505309042.000223"
            },
            {
                "user": "U54C5S7V2",
                "ts": "1505309066.000440"
            },
            {
                "user": "U55FFTX6J",
                "ts": "1505358639.000024"
            }
        ],
        "unread_count": 7,
        "ts": "1505291214.000016"
    },
    {
        "type": "message",
        "user": "U61LBKVEF",
        "text": "Si possible je te recommande les anciens d'iProspect (je ne suis pas sûr qu'ils emploient des stagiaires ceci étant). Ca reste une grosse réf",
        "thread_ts": "1505291214.000016",
        "parent_user_id": "U55FFTX6J",
        "ts": "1505292516.000290"
    },
    {
        "type": "message",
        "user": "U55FFTX6J",
        "text": "Merci <@U61LBKVEF> je vais y jeter un oeil :wink:",
        "thread_ts": "1505291214.000016",
        "parent_user_id": "U55FFTX6J",
        "ts": "1505293005.000232",
        "reactions": [
            {
                "name": "+1",
                "users": [
                    "U61LBKVEF"
                ],
                "count": 1
            }
        ]
    },
    {
        "type": "message",
        "user": "U541S59L4",
        "text": "Hello <@U55FFTX6J> tu px regarder du côté de l'ESCEN pour des stagiaires et des alternants :slightly_smiling_face:",
        "thread_ts": "1505291214.000016",
        "parent_user_id": "U55FFTX6J",
        "ts": "1505296297.000286"
    },
    {
        "type": "message",
        "user": "U5635E9JN",
        "text": "Pour alternants ou stagiaires en SEO =&gt; <http:\/\/eemi.com|eemi.com>",
        "thread_ts": "1505291214.000016",
        "parent_user_id": "U55FFTX6J",
        "ts": "1505296867.000082"
    },
    {
        "type": "message",
        "user": "U54C5S7V2",
        "text": "<http:\/\/backlinko.com> pour répondre à ta derniere question",
        "attachments": [
            {
                "service_name": "Backlinko",
                "title": "SEO Training and Link Building Strategies – Backlinko",
                "title_link": "http:\/\/backlinko.com",
                "text": "It's time to get backlinks that make a difference. Backlinko is the place for next-level SEO training and link building strategies.",
                "fallback": "Backlinko: SEO Training and Link Building Strategies – Backlinko",
                "image_url": "https:\/\/backlinko.com\/wp-content\/uploads\/2015\/06\/backlinko.png",
                "image_width": 333,
                "image_height": 250,
                "from_url": "http:\/\/backlinko.com",
                "image_bytes": 7843,
                "service_icon": "https:\/\/backlinko.com\/wp-content\/uploads\/2016\/07\/favicon-180x180.png",
                "id": 1
            }
        ],
        "thread_ts": "1505291214.000016",
        "parent_user_id": "U55FFTX6J",
        "ts": "1505309042.000223"
    },
    {
        "type": "message",
        "user": "U54C5S7V2",
        "text": "\"skyscraper technique\"",
        "thread_ts": "1505291214.000016",
        "parent_user_id": "U55FFTX6J",
        "ts": "1505309066.000440"
    },
    {
        "type": "message",
        "user": "U55FFTX6J",
        "text": "Merci pour vos réponses! <@U54C5S7V2> il a vraiment réponse a tout ce Brian haha!",
        "thread_ts": "1505291214.000016",
        "parent_user_id": "U55FFTX6J",
        "ts": "1505358639.000024"
    }
]