[
    {
        "type": "message",
        "subtype": "file_share",
        "text": "<@U54C5S7V2> uploaded a file: <https:\/\/growthhackingfrance.slack.com\/files\/U54C5S7V2\/F7JGE5T0C\/screen_shot_2017-10-15_at_10.36.18.png|Screen Shot 2017-10-15 at 10.36.18.png> and commented: go the moon :rocket:",
        "file": {
            "id": "F7JGE5T0C",
            "created": 1508056611,
            "timestamp": 1508056611,
            "name": "Screen Shot 2017-10-15 at 10.36.18.png",
            "title": "Screen Shot 2017-10-15 at 10.36.18.png",
            "mimetype": "image\/png",
            "filetype": "png",
            "pretty_type": "PNG",
            "user": "U54C5S7V2",
            "editable": false,
            "size": 57821,
            "mode": "hosted",
            "is_external": false,
            "external_type": "",
            "is_public": true,
            "public_url_shared": false,
            "display_as_bot": false,
            "username": "",
            "url_private": "https:\/\/files.slack.com\/files-pri\/T53A65FDZ-F7JGE5T0C\/screen_shot_2017-10-15_at_10.36.18.png?t=xoxe-173346185475-301971345667-302189523445-be5392310f98480a534c383e5d92ddc3",
            "url_private_download": "https:\/\/files.slack.com\/files-pri\/T53A65FDZ-F7JGE5T0C\/download\/screen_shot_2017-10-15_at_10.36.18.png?t=xoxe-173346185475-301971345667-302189523445-be5392310f98480a534c383e5d92ddc3",
            "thumb_64": "https:\/\/files.slack.com\/files-tmb\/T53A65FDZ-F7JGE5T0C-f2a369c64a\/screen_shot_2017-10-15_at_10.36.18_64.png?t=xoxe-173346185475-301971345667-302189523445-be5392310f98480a534c383e5d92ddc3",
            "thumb_80": "https:\/\/files.slack.com\/files-tmb\/T53A65FDZ-F7JGE5T0C-f2a369c64a\/screen_shot_2017-10-15_at_10.36.18_80.png?t=xoxe-173346185475-301971345667-302189523445-be5392310f98480a534c383e5d92ddc3",
            "thumb_360": "https:\/\/files.slack.com\/files-tmb\/T53A65FDZ-F7JGE5T0C-f2a369c64a\/screen_shot_2017-10-15_at_10.36.18_360.png?t=xoxe-173346185475-301971345667-302189523445-be5392310f98480a534c383e5d92ddc3",
            "thumb_360_w": 360,
            "thumb_360_h": 287,
            "thumb_480": "https:\/\/files.slack.com\/files-tmb\/T53A65FDZ-F7JGE5T0C-f2a369c64a\/screen_shot_2017-10-15_at_10.36.18_480.png?t=xoxe-173346185475-301971345667-302189523445-be5392310f98480a534c383e5d92ddc3",
            "thumb_480_w": 480,
            "thumb_480_h": 383,
            "thumb_160": "https:\/\/files.slack.com\/files-tmb\/T53A65FDZ-F7JGE5T0C-f2a369c64a\/screen_shot_2017-10-15_at_10.36.18_160.png?t=xoxe-173346185475-301971345667-302189523445-be5392310f98480a534c383e5d92ddc3",
            "image_exif_rotation": 1,
            "original_w": 682,
            "original_h": 544,
            "permalink": "https:\/\/growthhackingfrance.slack.com\/files\/U54C5S7V2\/F7JGE5T0C\/screen_shot_2017-10-15_at_10.36.18.png",
            "permalink_public": "https:\/\/slack-files.com\/T53A65FDZ-F7JGE5T0C-a2264b3343",
            "channels": [],
            "groups": [],
            "ims": [],
            "comments_count": 2,
            "initial_comment": {
                "id": "Fc7JEU5JTU",
                "created": 1508056611,
                "timestamp": 1508056611,
                "user": "U54C5S7V2",
                "is_intro": true,
                "comment": "go the moon :rocket:"
            },
            "reactions": [
                {
                    "name": "+1",
                    "users": [
                        "U541S59L4",
                        "U55FFTX6J"
                    ],
                    "count": 2
                },
                {
                    "name": "ok_hand",
                    "users": [
                        "U541S59L4",
                        "U546L44SJ",
                        "U54KSDKCY",
                        "U57DKJR5F",
                        "U61LBKVEF"
                    ],
                    "count": 5
                }
            ]
        },
        "user": "U54C5S7V2",
        "upload": true,
        "display_as_bot": false,
        "username": "julian",
        "bot_id": null,
        "ts": "1508056614.000013"
    },
    {
        "type": "message",
        "user": "U54SF0U1Y",
        "text": "<@U5C86111D> Tu peux m’expliquer l’étape Monkeylearn ? Je ne connaissais pas le service et j’arrive pas à comprendre l’utilité dans ce cas précis",
        "thread_ts": "1507814310.000411",
        "parent_user_id": "U5C86111D",
        "ts": "1508061365.000009"
    },
    {
        "type": "message",
        "user": "U5C86111D",
        "text": "C’est de la classification de texte selon ton modèle entrainé. Permet de qualifier un linkedin selon le poste car une personne a plusieurs mot pour décrire une meme activité",
        "thread_ts": "1507814310.000411",
        "parent_user_id": "U5C86111D",
        "ts": "1508061452.000034"
    },
    {
        "type": "message",
        "user": "U57DAHPE1",
        "text": "<@U5C86111D> Ils font tout pour toi je suppose, pas besoin de t’y connaitre en Théorie des graphes ou en ML pour l’utiliser ?",
        "thread_ts": "1507814310.000411",
        "parent_user_id": "U5C86111D",
        "ts": "1508063599.000047"
    },
    {
        "type": "message",
        "user": "U5C86111D",
        "text": "c’est très facile mais faut quand même avoir des petites notion pour comprendre quoi donner à la machine pour train",
        "thread_ts": "1507814310.000411",
        "parent_user_id": "U5C86111D",
        "ts": "1508065893.000059"
    },
    {
        "type": "message",
        "user": "U54SF0U1Y",
        "text": "Ok c'est bon ça ! Faut que je teste",
        "thread_ts": "1507814310.000411",
        "parent_user_id": "U5C86111D",
        "ts": "1508067322.000048"
    },
    {
        "type": "message",
        "subtype": "file_comment",
        "text": "<@U5V7ATHF1> commented on <@U54C5S7V2>’s file <https:\/\/growthhackingfrance.slack.com\/files\/U54C5S7V2\/F7JGE5T0C\/screen_shot_2017-10-15_at_10.36.18.png|Screen Shot 2017-10-15 at 10.36.18.png>: et niveau taux ça reste croissant ? :stuck_out_tongue:",
        "file": {
            "id": "F7JGE5T0C",
            "created": 1508056611,
            "timestamp": 1508056611,
            "name": "Screen Shot 2017-10-15 at 10.36.18.png",
            "title": "Screen Shot 2017-10-15 at 10.36.18.png",
            "mimetype": "image\/png",
            "filetype": "png",
            "pretty_type": "PNG",
            "user": "U54C5S7V2",
            "editable": false,
            "size": 57821,
            "mode": "hosted",
            "is_external": false,
            "external_type": "",
            "is_public": true,
            "public_url_shared": false,
            "display_as_bot": false,
            "username": "",
            "url_private": "https:\/\/files.slack.com\/files-pri\/T53A65FDZ-F7JGE5T0C\/screen_shot_2017-10-15_at_10.36.18.png?t=xoxe-173346185475-301971345667-302189523445-be5392310f98480a534c383e5d92ddc3",
            "url_private_download": "https:\/\/files.slack.com\/files-pri\/T53A65FDZ-F7JGE5T0C\/download\/screen_shot_2017-10-15_at_10.36.18.png?t=xoxe-173346185475-301971345667-302189523445-be5392310f98480a534c383e5d92ddc3",
            "thumb_64": "https:\/\/files.slack.com\/files-tmb\/T53A65FDZ-F7JGE5T0C-f2a369c64a\/screen_shot_2017-10-15_at_10.36.18_64.png?t=xoxe-173346185475-301971345667-302189523445-be5392310f98480a534c383e5d92ddc3",
            "thumb_80": "https:\/\/files.slack.com\/files-tmb\/T53A65FDZ-F7JGE5T0C-f2a369c64a\/screen_shot_2017-10-15_at_10.36.18_80.png?t=xoxe-173346185475-301971345667-302189523445-be5392310f98480a534c383e5d92ddc3",
            "thumb_360": "https:\/\/files.slack.com\/files-tmb\/T53A65FDZ-F7JGE5T0C-f2a369c64a\/screen_shot_2017-10-15_at_10.36.18_360.png?t=xoxe-173346185475-301971345667-302189523445-be5392310f98480a534c383e5d92ddc3",
            "thumb_360_w": 360,
            "thumb_360_h": 287,
            "thumb_480": "https:\/\/files.slack.com\/files-tmb\/T53A65FDZ-F7JGE5T0C-f2a369c64a\/screen_shot_2017-10-15_at_10.36.18_480.png?t=xoxe-173346185475-301971345667-302189523445-be5392310f98480a534c383e5d92ddc3",
            "thumb_480_w": 480,
            "thumb_480_h": 383,
            "thumb_160": "https:\/\/files.slack.com\/files-tmb\/T53A65FDZ-F7JGE5T0C-f2a369c64a\/screen_shot_2017-10-15_at_10.36.18_160.png?t=xoxe-173346185475-301971345667-302189523445-be5392310f98480a534c383e5d92ddc3",
            "image_exif_rotation": 1,
            "original_w": 682,
            "original_h": 544,
            "permalink": "https:\/\/growthhackingfrance.slack.com\/files\/U54C5S7V2\/F7JGE5T0C\/screen_shot_2017-10-15_at_10.36.18.png",
            "permalink_public": "https:\/\/slack-files.com\/T53A65FDZ-F7JGE5T0C-a2264b3343",
            "channels": [],
            "groups": [],
            "ims": [],
            "comments_count": 2,
            "initial_comment": {
                "id": "Fc7JEU5JTU",
                "created": 1508056611,
                "timestamp": 1508056611,
                "user": "U54C5S7V2",
                "is_intro": true,
                "comment": "go the moon :rocket:"
            },
            "reactions": [
                {
                    "name": "+1",
                    "users": [
                        "U541S59L4",
                        "U55FFTX6J"
                    ],
                    "count": 2
                },
                {
                    "name": "ok_hand",
                    "users": [
                        "U541S59L4",
                        "U546L44SJ",
                        "U54KSDKCY",
                        "U57DKJR5F",
                        "U61LBKVEF"
                    ],
                    "count": 5
                }
            ]
        },
        "comment": {
            "id": "Fc7HTW2URW",
            "created": 1508096597,
            "timestamp": 1508096597,
            "user": "U5V7ATHF1",
            "is_intro": false,
            "comment": "et niveau taux ça reste croissant ? :stuck_out_tongue:"
        },
        "is_intro": false,
        "ts": "1508096597.000009"
    },
    {
        "type": "message",
        "user": "U54C5S7V2",
        "text": "CTR tu veux dire?",
        "ts": "1508135683.000144"
    }
]