[
    {
        "user": "U7G04SPAL",
        "text": "<@U7G04SPAL> has joined the channel",
        "type": "message",
        "subtype": "channel_join",
        "ts": "1512564895.000118"
    },
    {
        "user": "U704DHU58",
        "text": "<@U704DHU58> has joined the channel",
        "type": "message",
        "subtype": "channel_join",
        "ts": "1512574041.000803"
    },
    {
        "type": "message",
        "user": "U704DHU58",
        "text": "bonjour",
        "ts": "1512574127.000372"
    },
    {
        "type": "message",
        "user": "U5C86111D",
        "text": "Bonjour!",
        "ts": "1512574151.000284"
    },
    {
        "type": "message",
        "user": "U704DHU58",
        "text": "clair, le marquage instock ou non est suicidaire",
        "thread_ts": "1512234599.000134",
        "parent_user_id": "U54PABTGW",
        "ts": "1512574212.000852"
    },
    {
        "type": "message",
        "user": "U704DHU58",
        "text": "garder avis + prix",
        "thread_ts": "1512234599.000134",
        "parent_user_id": "U54PABTGW",
        "ts": "1512574218.000672"
    },
    {
        "type": "message",
        "user": "U54NAL317",
        "text": "Benoit est un super expert seo ! :slightly_smiling_face:",
        "ts": "1512574220.001012"
    },
    {
        "type": "message",
        "user": "U541S59L4",
        "text": "le plus grand :wink:",
        "ts": "1512574229.000125"
    },
    {
        "type": "message",
        "user": "U704DHU58",
        "text": "si plus de stock, proposer direct des produits complémentaires pour baisser le taux de rebond",
        "thread_ts": "1512234599.000134",
        "parent_user_id": "U54PABTGW",
        "ts": "1512574240.000766"
    },
    {
        "type": "message",
        "user": "U54PABTGW",
        "text": "tu utilises quelle plateforme ?",
        "edited": {
            "user": "U54PABTGW",
            "ts": "1512574255.000000"
        },
        "thread_ts": "1512234599.000134",
        "parent_user_id": "U54PABTGW",
        "ts": "1512574241.000072"
    },
    {
        "type": "message",
        "user": "U546L44SJ",
        "text": "enchanté <@U704DHU58> n’oublie pas de te présenter dans intro :slightly_smiling_face:",
        "ts": "1512574250.000813"
    },
    {
        "type": "message",
        "user": "U704DHU58",
        "text": "c'est la bonne pratique générale",
        "thread_ts": "1512234599.000134",
        "parent_user_id": "U54PABTGW",
        "ts": "1512574254.000640"
    },
    {
        "type": "message",
        "user": "U704DHU58",
        "text": "je suis sur du dotnet framework maison",
        "thread_ts": "1512234599.000134",
        "parent_user_id": "U54PABTGW",
        "ts": "1512574265.000235"
    },
    {
        "type": "message",
        "user": "U704DHU58",
        "text": "merci <@U54NAL317>;)",
        "ts": "1512574343.000221",
        "reactions": [
            {
                "name": "slightly_smiling_face",
                "users": [
                    "U546L44SJ",
                    "U54NAL317"
                ],
                "count": 2
            }
        ]
    }
]