[
    {
        "type": "message",
        "user": "U57DAHPE1",
        "text": "Bon la présentation de ce matin",
        "ts": "1512132360.000053"
    },
    {
        "type": "message",
        "subtype": "file_share",
        "text": "<@U57DAHPE1> shared a file: <https:\/\/growthhackingfrance.slack.com\/files\/U57DAHPE1\/F889KGCKU\/Google_conf_Decembre_2017|Google conf Decembre 2017>",
        "file": {
            "id": "F889KGCKU",
            "created": 1512132368,
            "timestamp": 1512139911,
            "name": "Google_conf_Decembre_2017",
            "title": "Google conf Decembre 2017",
            "mimetype": "text\/plain",
            "filetype": "space",
            "pretty_type": "Post",
            "user": "U57DAHPE1",
            "editable": true,
            "size": 4249,
            "mode": "space",
            "is_external": false,
            "external_type": "",
            "is_public": true,
            "public_url_shared": false,
            "display_as_bot": false,
            "username": "",
            "url_private": "https:\/\/files.slack.com\/files-pri\/T53A65FDZ-F889KGCKU\/Google_conf_Decembre_2017?t=xoxe-173346185475-301971345667-302189523445-be5392310f98480a534c383e5d92ddc3",
            "url_private_download": "https:\/\/files.slack.com\/files-pri\/T53A65FDZ-F889KGCKU\/download\/Google_conf_Decembre_2017?t=xoxe-173346185475-301971345667-302189523445-be5392310f98480a534c383e5d92ddc3",
            "permalink": "https:\/\/growthhackingfrance.slack.com\/files\/U57DAHPE1\/F889KGCKU\/Google_conf_Decembre_2017",
            "permalink_public": "https:\/\/slack-files.com\/T53A65FDZ-F889KGCKU-8cdc6a544b",
            "preview": "<document><p><b>Voici ce qu&#39;à officielement prévu Google sur les prochains mois.<\/b><\/p><p><\/p><p><b>A ) Transition vers du Mobile first indexing<\/b><\/p><p>Google bot mobile est privilégié, tout cela sera primordial dans moins d’un 1 an. La transition sera lente.<\/p><p><\/p><ul><li>Si les urls site mobile \/ desktop sont séparées. Il faut que le contenu du site soit le même, mais la structure peut changer (cloaking... un peu)<\/li><\/ul><\/document>",
            "updated": 1512139911,
            "editor": "U57DAHPE1",
            "last_editor": "U57DAHPE1",
            "state": "locked",
            "channels": [],
            "groups": [],
            "ims": [],
            "comments_count": 6,
            "reactions": [
                {
                    "name": "ok_hand",
                    "users": [
                        "U54KSDKCY",
                        "U57U6TBDH"
                    ],
                    "count": 2
                },
                {
                    "name": "innocent",
                    "users": [
                        "U7TQ5FHT4"
                    ],
                    "count": 1
                }
            ]
        },
        "user": "U57DAHPE1",
        "upload": false,
        "display_as_bot": false,
        "username": "hugoperan",
        "bot_id": null,
        "ts": "1512132412.000354"
    },
    {
        "type": "message",
        "subtype": "file_comment",
        "text": "<@U57DAHPE1> commented on <@U57DAHPE1>’s file <https:\/\/growthhackingfrance.slack.com\/files\/U57DAHPE1\/F889KGCKU\/Google_conf_Decembre_2017|Google conf Decembre 2017>: Google conf 2018",
        "file": {
            "id": "F889KGCKU",
            "created": 1512132368,
            "timestamp": 1512139911,
            "name": "Google_conf_Decembre_2017",
            "title": "Google conf Decembre 2017",
            "mimetype": "text\/plain",
            "filetype": "space",
            "pretty_type": "Post",
            "user": "U57DAHPE1",
            "editable": true,
            "size": 4249,
            "mode": "space",
            "is_external": false,
            "external_type": "",
            "is_public": true,
            "public_url_shared": false,
            "display_as_bot": false,
            "username": "",
            "url_private": "https:\/\/files.slack.com\/files-pri\/T53A65FDZ-F889KGCKU\/Google_conf_Decembre_2017?t=xoxe-173346185475-301971345667-302189523445-be5392310f98480a534c383e5d92ddc3",
            "url_private_download": "https:\/\/files.slack.com\/files-pri\/T53A65FDZ-F889KGCKU\/download\/Google_conf_Decembre_2017?t=xoxe-173346185475-301971345667-302189523445-be5392310f98480a534c383e5d92ddc3",
            "permalink": "https:\/\/growthhackingfrance.slack.com\/files\/U57DAHPE1\/F889KGCKU\/Google_conf_Decembre_2017",
            "permalink_public": "https:\/\/slack-files.com\/T53A65FDZ-F889KGCKU-8cdc6a544b",
            "preview": "<document><p><b>Voici ce qu&#39;à officielement prévu Google sur les prochains mois.<\/b><\/p><p><\/p><p><b>A ) Transition vers du Mobile first indexing<\/b><\/p><p>Google bot mobile est privilégié, tout cela sera primordial dans moins d’un 1 an. La transition sera lente.<\/p><p><\/p><ul><li>Si les urls site mobile \/ desktop sont séparées. Il faut que le contenu du site soit le même, mais la structure peut changer (cloaking... un peu)<\/li><\/ul><\/document>",
            "updated": 1512139911,
            "editor": "U57DAHPE1",
            "last_editor": "U57DAHPE1",
            "state": "locked",
            "channels": [],
            "groups": [],
            "ims": [],
            "comments_count": 6,
            "reactions": [
                {
                    "name": "ok_hand",
                    "users": [
                        "U54KSDKCY",
                        "U57U6TBDH"
                    ],
                    "count": 2
                },
                {
                    "name": "innocent",
                    "users": [
                        "U7TQ5FHT4"
                    ],
                    "count": 1
                }
            ]
        },
        "comment": {
            "id": "Fc89BSDTEK",
            "created": 1512132413,
            "timestamp": 1512132413,
            "user": "U57DAHPE1",
            "is_intro": false,
            "comment": "Google conf 2018"
        },
        "is_intro": false,
        "ts": "1512132412.000396"
    },
    {
        "type": "message",
        "user": "U57DAHPE1",
        "text": "<@U54E8FNL9> <@U5C86111D> <@U5AV671TK>",
        "ts": "1512132480.000019",
        "reactions": [
            {
                "name": "kiss",
                "users": [
                    "U54E8FNL9"
                ],
                "count": 1
            }
        ]
    },
    {
        "type": "message",
        "user": "U5AV671TK",
        "text": "Thanks! ",
        "ts": "1512132516.000133"
    },
    {
        "type": "message",
        "user": "U5CQPG96J",
        "text": "Merci ! ",
        "ts": "1512132533.000126"
    },
    {
        "type": "message",
        "user": "U5852MULX",
        "text": "Thanks !",
        "ts": "1512132790.000184"
    },
    {
        "type": "message",
        "user": "U57DAHPE1",
        "text": "<@U54NAL317> <@U60DUGA9X> <@U62V7G8J1> Yo qui se souvient du nom du mec, je veux retrouver son twitter il a fait des réponses",
        "ts": "1512132877.000191"
    },
    {
        "type": "message",
        "user": "U5C86111D",
        "text": "Gg",
        "ts": "1512132949.000312"
    },
    {
        "type": "message",
        "user": "U54NAL317",
        "text": "Vincent Courson",
        "ts": "1512132953.000464",
        "reactions": [
            {
                "name": "+1",
                "users": [
                    "U57DAHPE1",
                    "U60DUGA9X"
                ],
                "count": 2
            }
        ]
    },
    {
        "type": "message",
        "user": "U54KSDKCY",
        "text": "Merci Hugo",
        "ts": "1512132967.000389"
    },
    {
        "type": "message",
        "user": "U542GFW85",
        "text": "Merci",
        "ts": "1512133106.000040"
    },
    {
        "type": "message",
        "user": "U57DAHPE1",
        "text": "Et le twitter du mec, qui devrait poser des réponses dans pas longtemps sur pas mal de questions qu’ont lui a posé.",
        "ts": "1512133225.000222"
    },
    {
        "type": "message",
        "user": "U54NAL317",
        "text": "Je sais pas de qui tu parles",
        "ts": "1512133437.000341"
    },
    {
        "type": "message",
        "user": "U57DAHPE1",
        "text": "Pardon",
        "ts": "1512133461.000131"
    },
    {
        "type": "message",
        "user": "U57DAHPE1",
        "text": "<https:\/\/twitter.com\/VincentCourson?lang=fr>",
        "attachments": [
            {
                "title": "Vincent Courson (@VincentCourson) | Twitter",
                "title_link": "https:\/\/twitter.com\/VincentCourson?lang=fr",
                "text": "Les tout derniers Tweets de Vincent Courson (@VincentCourson). SEO et visibilité web à @Google - @googlewmc - Organizer at @GDGDublin - @googledevs. Dublin, Ireland",
                "fallback": "Vincent Courson (@VincentCourson) | Twitter",
                "from_url": "https:\/\/twitter.com\/VincentCourson?lang=fr",
                "service_icon": "https:\/\/abs.twimg.com\/icons\/apple-touch-icon-192x192.png",
                "service_name": "twitter.com",
                "id": 1
            }
        ],
        "ts": "1512133462.000026"
    },
    {
        "type": "message",
        "user": "U54NAL317",
        "text": "Mais parmi les personnes auquel Vincent Courson est abonné sur Twitter y'a des profils intéressants à suivre",
        "ts": "1512133462.000171"
    },
    {
        "type": "message",
        "user": "U57DAHPE1",
        "text": "En fait tous les gros pontes de tous les gros blogs SEO de France étaient là (mais pas Bourrely hehe). C’est une communauté de vieux maintenant le SEO, pas aussi relax et prêt à partager que nous.",
        "ts": "1512133488.000188"
    },
    {
        "type": "message",
        "user": "U54NAL317",
        "text": "#larelève",
        "ts": "1512133512.000231"
    },
    {
        "type": "message",
        "user": "U57DAHPE1",
        "text": "Enfin ils ont pas l’air de kiffer autant la life que les gens du growth hacking. Tu leur pose une question ils se méfient.",
        "ts": "1512133535.000034"
    },
    {
        "type": "message",
        "user": "U57DAHPE1",
        "text": "Genre “on a pas gardé les cochons ensemble”. Pas cool",
        "ts": "1512133569.000125"
    },
    {
        "type": "message",
        "user": "U54NAL317",
        "text": "Ta question \"Si je me met dans la tête d'un black hat....\" leur a fait peur.",
        "edited": {
            "user": "U54NAL317",
            "ts": "1512133666.000000"
        },
        "ts": "1512133617.000268",
        "reactions": [
            {
                "name": "joy",
                "users": [
                    "U54E8FNL9",
                    "U5830GL6A",
                    "U61LBKVEF"
                ],
                "count": 3
            }
        ]
    },
    {
        "type": "message",
        "user": "U57DAHPE1",
        "text": "Haha, je parle même pas de ça",
        "ts": "1512133683.000163"
    },
    {
        "type": "message",
        "user": "U54NAL317",
        "text": "I know what you mean :slightly_smiling_face:",
        "ts": "1512133694.000148"
    },
    {
        "type": "message",
        "user": "U5CQPG96J",
        "text": "La culture de la méfiance et du secret y a de ça dans tous les corps de métiers même dans le growth",
        "ts": "1512133696.000284",
        "reactions": [
            {
                "name": "+1",
                "users": [
                    "U54NAL317"
                ],
                "count": 1
            }
        ]
    },
    {
        "type": "message",
        "user": "U57DAHPE1",
        "text": "Je trouve moins dans le growth, on est beaucoup plus prompt à échanger sur nos expériences que les autres corps de métiers",
        "ts": "1512133988.000254"
    },
    {
        "type": "message",
        "user": "U57DAHPE1",
        "text": "Pay it Forward comme ils disent",
        "ts": "1512134001.000423"
    },
    {
        "type": "message",
        "user": "U54NAL317",
        "text": "La différence c'est qu'en Growth, comme dit <@U6Y4F4P0T> quand tu partages une tactique c'est qu''elle est déjà obsolète.",
        "ts": "1512134034.000046",
        "reactions": [
            {
                "name": "+1",
                "users": [
                    "U5CQPG96J",
                    "U6Y4F4P0T"
                ],
                "count": 2
            }
        ]
    },
    {
        "type": "message",
        "user": "U57DAHPE1",
        "text": "Oui, mais ça te permet de vendre des ebooks. Et c’est important. :joy:",
        "ts": "1512134071.000372"
    },
    {
        "type": "message",
        "user": "U5AV671TK",
        "text": "déjà connue mais pas forcément obsolète, ça dépend de ta situation",
        "ts": "1512134079.000191"
    },
    {
        "type": "message",
        "user": "U54NAL317",
        "text": "oui",
        "ts": "1512134083.000422"
    },
    {
        "type": "message",
        "user": "U57DAHPE1",
        "text": "Ouais y’a des hacks qui durent beaucoup plus longtemps que d’autres",
        "ts": "1512134094.000053"
    },
    {
        "type": "message",
        "user": "U5CQPG96J",
        "text": "Après le partage vient aussi de l'expérimentation on partage car \"on sait pas si ça va win ou pas\" pour gagner du temps si une personne à déjà test, dans quelles conditions \/ on partage pour créer de nouveaux combos",
        "edited": {
            "user": "U5CQPG96J",
            "ts": "1512134241.000000"
        },
        "ts": "1512134212.000355"
    },
    {
        "type": "message",
        "user": "U5AV671TK",
        "text": "haha moi j'aurais été plus terre à terre, on partage pour créer sa marque perso, améliorer son SEO, générer du lead avec du content :smile:",
        "ts": "1512134305.000131"
    },
    {
        "type": "message",
        "user": "U5AV671TK",
        "text": "et parce qu'on s'aime aussi :heart:",
        "ts": "1512134312.000122",
        "reactions": [
            {
                "name": "heart",
                "users": [
                    "U54E8FNL9",
                    "U5CQPG96J",
                    "U7Q1TP0NT"
                ],
                "count": 3
            }
        ]
    },
    {
        "type": "message",
        "user": "U5CQPG96J",
        "text": "Très très important le last point ",
        "ts": "1512134342.000156"
    },
    {
        "type": "message",
        "user": "U54NAL317",
        "text": "<https:\/\/gph.is\/2e6rcOF>",
        "attachments": [
            {
                "service_name": "Giphy",
                "service_url": "http:\/\/giphy.com\/",
                "image_url": "https:\/\/media0.giphy.com\/media\/NSTDsI6yeF3JS\/giphy.gif",
                "image_width": 320,
                "image_height": 180,
                "image_bytes": 1002320,
                "fallback": "giphy: https:\/\/giphy.com\/gifs\/jrmy-ferrari-NSTDsI6yeF3JS",
                "service_icon": "https:\/\/a.slack-edge.com\/bfaba\/img\/unfurl_icons\/giphy.png",
                "id": 1
            }
        ],
        "ts": "1512134350.000075"
    },
    {
        "type": "message",
        "user": "U5CQPG96J",
        "text": "Blague à part on est beaucoup dans l'inconnu, le grand large un peu comme un navire face à l'océan au final si on partage pas \/ entraide pas, l'océan win et tous les navires perdent en 1 vs 1",
        "edited": {
            "user": "U5CQPG96J",
            "ts": "1512134479.000000"
        },
        "ts": "1512134459.000106"
    },
    {
        "type": "message",
        "user": "U5CQPG96J",
        "text": "Haha je continue sur ta lancée poétique <@U5AV671TK>  :heart: ",
        "ts": "1512134526.000374"
    },
    {
        "type": "message",
        "user": "U5AV671TK",
        "text": "Je chiale",
        "ts": "1512134587.000029"
    },
    {
        "type": "message",
        "user": "U5AV671TK",
        "text": "tellement c bo",
        "ts": "1512134592.000121"
    },
    {
        "type": "message",
        "user": "U54PABTGW",
        "text": "Après il ya aussi une ancienne garde qui voit arriver beaucoup de jeune avec une philosphie de pensée différente. Difficile de se remettre en cause lorsque l'on a un business qui tourne depuis 15 ans.",
        "ts": "1512134680.000265"
    },
    {
        "type": "message",
        "user": "U54PABTGW",
        "text": "C'est le cas dans le SEO, les agences web et les hébergeurs.",
        "ts": "1512134713.000231"
    },
    {
        "type": "message",
        "subtype": "file_comment",
        "text": "<@U54E8FNL9> commented on <@U57DAHPE1>’s file <https:\/\/growthhackingfrance.slack.com\/files\/U57DAHPE1\/F889KGCKU\/Google_conf_Decembre_2017|Google conf Decembre 2017>: les conversions dans la Search Console ?",
        "file": {
            "id": "F889KGCKU",
            "created": 1512132368,
            "timestamp": 1512139911,
            "name": "Google_conf_Decembre_2017",
            "title": "Google conf Decembre 2017",
            "mimetype": "text\/plain",
            "filetype": "space",
            "pretty_type": "Post",
            "user": "U57DAHPE1",
            "editable": true,
            "size": 4249,
            "mode": "space",
            "is_external": false,
            "external_type": "",
            "is_public": true,
            "public_url_shared": false,
            "display_as_bot": false,
            "username": "",
            "url_private": "https:\/\/files.slack.com\/files-pri\/T53A65FDZ-F889KGCKU\/Google_conf_Decembre_2017?t=xoxe-173346185475-301971345667-302189523445-be5392310f98480a534c383e5d92ddc3",
            "url_private_download": "https:\/\/files.slack.com\/files-pri\/T53A65FDZ-F889KGCKU\/download\/Google_conf_Decembre_2017?t=xoxe-173346185475-301971345667-302189523445-be5392310f98480a534c383e5d92ddc3",
            "permalink": "https:\/\/growthhackingfrance.slack.com\/files\/U57DAHPE1\/F889KGCKU\/Google_conf_Decembre_2017",
            "permalink_public": "https:\/\/slack-files.com\/T53A65FDZ-F889KGCKU-8cdc6a544b",
            "preview": "<document><p><b>Voici ce qu&#39;à officielement prévu Google sur les prochains mois.<\/b><\/p><p><\/p><p><b>A ) Transition vers du Mobile first indexing<\/b><\/p><p>Google bot mobile est privilégié, tout cela sera primordial dans moins d’un 1 an. La transition sera lente.<\/p><p><\/p><ul><li>Si les urls site mobile \/ desktop sont séparées. Il faut que le contenu du site soit le même, mais la structure peut changer (cloaking... un peu)<\/li><\/ul><\/document>",
            "updated": 1512139911,
            "editor": "U57DAHPE1",
            "last_editor": "U57DAHPE1",
            "state": "locked",
            "channels": [],
            "groups": [],
            "ims": [],
            "comments_count": 6,
            "reactions": [
                {
                    "name": "ok_hand",
                    "users": [
                        "U54KSDKCY",
                        "U57U6TBDH"
                    ],
                    "count": 2
                },
                {
                    "name": "innocent",
                    "users": [
                        "U7TQ5FHT4"
                    ],
                    "count": 1
                }
            ]
        },
        "comment": {
            "id": "Fc87QBHWQZ",
            "created": 1512134955,
            "timestamp": 1512134955,
            "user": "U54E8FNL9",
            "is_intro": false,
            "comment": "les conversions dans la Search Console ?"
        },
        "is_intro": false,
        "ts": "1512134955.000352"
    },
    {
        "type": "message",
        "subtype": "file_comment",
        "text": "<@U57DAHPE1> commented on <@U57DAHPE1>’s file <https:\/\/growthhackingfrance.slack.com\/files\/U57DAHPE1\/F889KGCKU\/Google_conf_Decembre_2017|Google conf Decembre 2017>: <@U54E8FNL9> Pas les conversion par objectif mais les CTR &amp; co",
        "file": {
            "id": "F889KGCKU",
            "created": 1512132368,
            "timestamp": 1512139911,
            "name": "Google_conf_Decembre_2017",
            "title": "Google conf Decembre 2017",
            "mimetype": "text\/plain",
            "filetype": "space",
            "pretty_type": "Post",
            "user": "U57DAHPE1",
            "editable": true,
            "size": 4249,
            "mode": "space",
            "is_external": false,
            "external_type": "",
            "is_public": true,
            "public_url_shared": false,
            "display_as_bot": false,
            "username": "",
            "url_private": "https:\/\/files.slack.com\/files-pri\/T53A65FDZ-F889KGCKU\/Google_conf_Decembre_2017?t=xoxe-173346185475-301971345667-302189523445-be5392310f98480a534c383e5d92ddc3",
            "url_private_download": "https:\/\/files.slack.com\/files-pri\/T53A65FDZ-F889KGCKU\/download\/Google_conf_Decembre_2017?t=xoxe-173346185475-301971345667-302189523445-be5392310f98480a534c383e5d92ddc3",
            "permalink": "https:\/\/growthhackingfrance.slack.com\/files\/U57DAHPE1\/F889KGCKU\/Google_conf_Decembre_2017",
            "permalink_public": "https:\/\/slack-files.com\/T53A65FDZ-F889KGCKU-8cdc6a544b",
            "preview": "<document><p><b>Voici ce qu&#39;à officielement prévu Google sur les prochains mois.<\/b><\/p><p><\/p><p><b>A ) Transition vers du Mobile first indexing<\/b><\/p><p>Google bot mobile est privilégié, tout cela sera primordial dans moins d’un 1 an. La transition sera lente.<\/p><p><\/p><ul><li>Si les urls site mobile \/ desktop sont séparées. Il faut que le contenu du site soit le même, mais la structure peut changer (cloaking... un peu)<\/li><\/ul><\/document>",
            "updated": 1512139911,
            "editor": "U57DAHPE1",
            "last_editor": "U57DAHPE1",
            "state": "locked",
            "channels": [],
            "groups": [],
            "ims": [],
            "comments_count": 6,
            "reactions": [
                {
                    "name": "ok_hand",
                    "users": [
                        "U54KSDKCY",
                        "U57U6TBDH"
                    ],
                    "count": 2
                },
                {
                    "name": "innocent",
                    "users": [
                        "U7TQ5FHT4"
                    ],
                    "count": 1
                }
            ]
        },
        "comment": {
            "id": "Fc88BS1KCL",
            "created": 1512136482,
            "timestamp": 1512136482,
            "user": "U57DAHPE1",
            "is_intro": false,
            "comment": "<@U54E8FNL9> Pas les conversion par objectif mais les CTR &amp; co"
        },
        "is_intro": false,
        "ts": "1512136482.000393"
    },
    {
        "type": "message",
        "subtype": "file_comment",
        "text": "<@U57DAHPE1> commented on <@U57DAHPE1>’s file <https:\/\/growthhackingfrance.slack.com\/files\/U57DAHPE1\/F889KGCKU\/Google_conf_Decembre_2017|Google conf Decembre 2017>: par mot clé",
        "file": {
            "id": "F889KGCKU",
            "created": 1512132368,
            "timestamp": 1512139911,
            "name": "Google_conf_Decembre_2017",
            "title": "Google conf Decembre 2017",
            "mimetype": "text\/plain",
            "filetype": "space",
            "pretty_type": "Post",
            "user": "U57DAHPE1",
            "editable": true,
            "size": 4249,
            "mode": "space",
            "is_external": false,
            "external_type": "",
            "is_public": true,
            "public_url_shared": false,
            "display_as_bot": false,
            "username": "",
            "url_private": "https:\/\/files.slack.com\/files-pri\/T53A65FDZ-F889KGCKU\/Google_conf_Decembre_2017?t=xoxe-173346185475-301971345667-302189523445-be5392310f98480a534c383e5d92ddc3",
            "url_private_download": "https:\/\/files.slack.com\/files-pri\/T53A65FDZ-F889KGCKU\/download\/Google_conf_Decembre_2017?t=xoxe-173346185475-301971345667-302189523445-be5392310f98480a534c383e5d92ddc3",
            "permalink": "https:\/\/growthhackingfrance.slack.com\/files\/U57DAHPE1\/F889KGCKU\/Google_conf_Decembre_2017",
            "permalink_public": "https:\/\/slack-files.com\/T53A65FDZ-F889KGCKU-8cdc6a544b",
            "preview": "<document><p><b>Voici ce qu&#39;à officielement prévu Google sur les prochains mois.<\/b><\/p><p><\/p><p><b>A ) Transition vers du Mobile first indexing<\/b><\/p><p>Google bot mobile est privilégié, tout cela sera primordial dans moins d’un 1 an. La transition sera lente.<\/p><p><\/p><ul><li>Si les urls site mobile \/ desktop sont séparées. Il faut que le contenu du site soit le même, mais la structure peut changer (cloaking... un peu)<\/li><\/ul><\/document>",
            "updated": 1512139911,
            "editor": "U57DAHPE1",
            "last_editor": "U57DAHPE1",
            "state": "locked",
            "channels": [],
            "groups": [],
            "ims": [],
            "comments_count": 6,
            "reactions": [
                {
                    "name": "ok_hand",
                    "users": [
                        "U54KSDKCY",
                        "U57U6TBDH"
                    ],
                    "count": 2
                },
                {
                    "name": "innocent",
                    "users": [
                        "U7TQ5FHT4"
                    ],
                    "count": 1
                }
            ]
        },
        "comment": {
            "id": "Fc88BS7GTE",
            "created": 1512136511,
            "timestamp": 1512136511,
            "user": "U57DAHPE1",
            "is_intro": false,
            "comment": "par mot clé"
        },
        "is_intro": false,
        "ts": "1512136511.000211"
    },
    {
        "type": "message",
        "user": "U54E8FNL9",
        "text": "… comprends pas",
        "ts": "1512136521.000100"
    },
    {
        "type": "message",
        "subtype": "file_comment",
        "text": "<@U57DAHPE1> commented on <@U57DAHPE1>’s file <https:\/\/growthhackingfrance.slack.com\/files\/U57DAHPE1\/F889KGCKU\/Google_conf_Decembre_2017|Google conf Decembre 2017>: Tout le monde était ouf devant ça, mais j’ai pas pigé. Search console le fait déjà",
        "file": {
            "id": "F889KGCKU",
            "created": 1512132368,
            "timestamp": 1512139911,
            "name": "Google_conf_Decembre_2017",
            "title": "Google conf Decembre 2017",
            "mimetype": "text\/plain",
            "filetype": "space",
            "pretty_type": "Post",
            "user": "U57DAHPE1",
            "editable": true,
            "size": 4249,
            "mode": "space",
            "is_external": false,
            "external_type": "",
            "is_public": true,
            "public_url_shared": false,
            "display_as_bot": false,
            "username": "",
            "url_private": "https:\/\/files.slack.com\/files-pri\/T53A65FDZ-F889KGCKU\/Google_conf_Decembre_2017?t=xoxe-173346185475-301971345667-302189523445-be5392310f98480a534c383e5d92ddc3",
            "url_private_download": "https:\/\/files.slack.com\/files-pri\/T53A65FDZ-F889KGCKU\/download\/Google_conf_Decembre_2017?t=xoxe-173346185475-301971345667-302189523445-be5392310f98480a534c383e5d92ddc3",
            "permalink": "https:\/\/growthhackingfrance.slack.com\/files\/U57DAHPE1\/F889KGCKU\/Google_conf_Decembre_2017",
            "permalink_public": "https:\/\/slack-files.com\/T53A65FDZ-F889KGCKU-8cdc6a544b",
            "preview": "<document><p><b>Voici ce qu&#39;à officielement prévu Google sur les prochains mois.<\/b><\/p><p><\/p><p><b>A ) Transition vers du Mobile first indexing<\/b><\/p><p>Google bot mobile est privilégié, tout cela sera primordial dans moins d’un 1 an. La transition sera lente.<\/p><p><\/p><ul><li>Si les urls site mobile \/ desktop sont séparées. Il faut que le contenu du site soit le même, mais la structure peut changer (cloaking... un peu)<\/li><\/ul><\/document>",
            "updated": 1512139911,
            "editor": "U57DAHPE1",
            "last_editor": "U57DAHPE1",
            "state": "locked",
            "channels": [],
            "groups": [],
            "ims": [],
            "comments_count": 6,
            "reactions": [
                {
                    "name": "ok_hand",
                    "users": [
                        "U54KSDKCY",
                        "U57U6TBDH"
                    ],
                    "count": 2
                },
                {
                    "name": "innocent",
                    "users": [
                        "U7TQ5FHT4"
                    ],
                    "count": 1
                }
            ]
        },
        "comment": {
            "id": "Fc88AGBP0A",
            "created": 1512136525,
            "timestamp": 1512136525,
            "user": "U57DAHPE1",
            "is_intro": false,
            "comment": "Tout le monde était ouf devant ça, mais j’ai pas pigé. Search console le fait déjà"
        },
        "is_intro": false,
        "ts": "1512136525.000287"
    },
    {
        "type": "message",
        "user": "U54E8FNL9",
        "text": "on a déjà ca auj",
        "ts": "1512136527.000118"
    },
    {
        "type": "message",
        "user": "U54E8FNL9",
        "text": "avoir les conversion par mot-clé, oui ce serait ouf",
        "ts": "1512136545.000346"
    },
    {
        "type": "message",
        "subtype": "file_comment",
        "text": "<@U57DAHPE1> commented on <@U57DAHPE1>’s file <https:\/\/growthhackingfrance.slack.com\/files\/U57DAHPE1\/F889KGCKU\/Google_conf_Decembre_2017|Google conf Decembre 2017>: <@U54NAL317> <@U60DUGA9X> <@U62V7G8J1> Vous aviez compris pourquoi c’était ouf et tout le monde dans la salle était genre “aaaahhhh”“”",
        "file": {
            "id": "F889KGCKU",
            "created": 1512132368,
            "timestamp": 1512139911,
            "name": "Google_conf_Decembre_2017",
            "title": "Google conf Decembre 2017",
            "mimetype": "text\/plain",
            "filetype": "space",
            "pretty_type": "Post",
            "user": "U57DAHPE1",
            "editable": true,
            "size": 4249,
            "mode": "space",
            "is_external": false,
            "external_type": "",
            "is_public": true,
            "public_url_shared": false,
            "display_as_bot": false,
            "username": "",
            "url_private": "https:\/\/files.slack.com\/files-pri\/T53A65FDZ-F889KGCKU\/Google_conf_Decembre_2017?t=xoxe-173346185475-301971345667-302189523445-be5392310f98480a534c383e5d92ddc3",
            "url_private_download": "https:\/\/files.slack.com\/files-pri\/T53A65FDZ-F889KGCKU\/download\/Google_conf_Decembre_2017?t=xoxe-173346185475-301971345667-302189523445-be5392310f98480a534c383e5d92ddc3",
            "permalink": "https:\/\/growthhackingfrance.slack.com\/files\/U57DAHPE1\/F889KGCKU\/Google_conf_Decembre_2017",
            "permalink_public": "https:\/\/slack-files.com\/T53A65FDZ-F889KGCKU-8cdc6a544b",
            "preview": "<document><p><b>Voici ce qu&#39;à officielement prévu Google sur les prochains mois.<\/b><\/p><p><\/p><p><b>A ) Transition vers du Mobile first indexing<\/b><\/p><p>Google bot mobile est privilégié, tout cela sera primordial dans moins d’un 1 an. La transition sera lente.<\/p><p><\/p><ul><li>Si les urls site mobile \/ desktop sont séparées. Il faut que le contenu du site soit le même, mais la structure peut changer (cloaking... un peu)<\/li><\/ul><\/document>",
            "updated": 1512139911,
            "editor": "U57DAHPE1",
            "last_editor": "U57DAHPE1",
            "state": "locked",
            "channels": [],
            "groups": [],
            "ims": [],
            "comments_count": 6,
            "reactions": [
                {
                    "name": "ok_hand",
                    "users": [
                        "U54KSDKCY",
                        "U57U6TBDH"
                    ],
                    "count": 2
                },
                {
                    "name": "innocent",
                    "users": [
                        "U7TQ5FHT4"
                    ],
                    "count": 1
                }
            ]
        },
        "comment": {
            "id": "Fc88EQCVL5",
            "created": 1512136561,
            "timestamp": 1512136561,
            "user": "U57DAHPE1",
            "is_intro": false,
            "comment": "<@U54NAL317> <@U60DUGA9X> <@U62V7G8J1> Vous aviez compris pourquoi c’était ouf et tout le monde dans la salle était genre “aaaahhhh”“”"
        },
        "is_intro": false,
        "ts": "1512136561.000176"
    },
    {
        "type": "message",
        "user": "U54E8FNL9",
        "text": "(bien que difficile à indiquer avec les histoires d’attribution\/contribution… mais c un autre débat)",
        "ts": "1512136577.000151"
    },
    {
        "type": "message",
        "user": "U54E8FNL9",
        "text": "On aurait dû se faire une grosse bouffe après, je suis métro Peletier donc pas loin. A faire la prochaine fois.",
        "ts": "1512136626.000093"
    },
    {
        "type": "message",
        "user": "U54NAL317",
        "text": "Non ils étaient comme des oufs quand il a montré qu'on pouvait changer la timeline",
        "ts": "1512136635.000276"
    },
    {
        "type": "message",
        "user": "U60DUGA9X",
        "text": "yes c'était de pouvoir choisir une plus large période et visiblement un période personnalisé pour les rapport impressions, clic, CTR",
        "ts": "1512136726.000318",
        "reactions": [
            {
                "name": "face_with_rolling_eyes",
                "users": [
                    "U54E8FNL9"
                ],
                "count": 1
            }
        ]
    },
    {
        "type": "message",
        "user": "U57DAHPE1",
        "text": "AAAAHHHHH",
        "ts": "1512136755.000368"
    },
    {
        "type": "message",
        "subtype": "file_share",
        "text": "<@U5AV671TK> uploaded a file: <https:\/\/growthhackingfrance.slack.com\/files\/U5AV671TK\/F888D0V99\/ah.png|ah.png>",
        "file": {
            "id": "F888D0V99",
            "created": 1512136810,
            "timestamp": 1512136810,
            "name": "ah.png",
            "title": "ah.png",
            "mimetype": "image\/png",
            "filetype": "png",
            "pretty_type": "PNG",
            "user": "U5AV671TK",
            "editable": false,
            "size": 74371,
            "mode": "hosted",
            "is_external": false,
            "external_type": "",
            "is_public": true,
            "public_url_shared": false,
            "display_as_bot": false,
            "username": "",
            "url_private": "https:\/\/files.slack.com\/files-pri\/T53A65FDZ-F888D0V99\/ah.png?t=xoxe-173346185475-301971345667-302189523445-be5392310f98480a534c383e5d92ddc3",
            "url_private_download": "https:\/\/files.slack.com\/files-pri\/T53A65FDZ-F888D0V99\/download\/ah.png?t=xoxe-173346185475-301971345667-302189523445-be5392310f98480a534c383e5d92ddc3",
            "thumb_64": "https:\/\/files.slack.com\/files-tmb\/T53A65FDZ-F888D0V99-72cc6ec618\/ah_64.png?t=xoxe-173346185475-301971345667-302189523445-be5392310f98480a534c383e5d92ddc3",
            "thumb_80": "https:\/\/files.slack.com\/files-tmb\/T53A65FDZ-F888D0V99-72cc6ec618\/ah_80.png?t=xoxe-173346185475-301971345667-302189523445-be5392310f98480a534c383e5d92ddc3",
            "thumb_360": "https:\/\/files.slack.com\/files-tmb\/T53A65FDZ-F888D0V99-72cc6ec618\/ah_360.png?t=xoxe-173346185475-301971345667-302189523445-be5392310f98480a534c383e5d92ddc3",
            "thumb_360_w": 360,
            "thumb_360_h": 270,
            "thumb_160": "https:\/\/files.slack.com\/files-tmb\/T53A65FDZ-F888D0V99-72cc6ec618\/ah_160.png?t=xoxe-173346185475-301971345667-302189523445-be5392310f98480a534c383e5d92ddc3",
            "image_exif_rotation": 1,
            "original_w": 413,
            "original_h": 310,
            "permalink": "https:\/\/growthhackingfrance.slack.com\/files\/U5AV671TK\/F888D0V99\/ah.png",
            "permalink_public": "https:\/\/slack-files.com\/T53A65FDZ-F888D0V99-114430c77f",
            "channels": [],
            "groups": [],
            "ims": [],
            "comments_count": 1,
            "reactions": [
                {
                    "name": "joy",
                    "users": [
                        "U566P6QCE",
                        "U5CQPG96J"
                    ],
                    "count": 2
                },
                {
                    "name": "smiley",
                    "users": [
                        "U60DUGA9X"
                    ],
                    "count": 1
                }
            ]
        },
        "user": "U5AV671TK",
        "upload": true,
        "display_as_bot": false,
        "username": "quentindty",
        "bot_id": null,
        "ts": "1512136811.000274"
    },
    {
        "type": "message",
        "user": "U60DUGA9X",
        "text": "Mais je viens de checker et c'est déjà le cas. Le menu est pas ouf, mais c'est possible",
        "ts": "1512136814.000046"
    },
    {
        "type": "message",
        "subtype": "file_comment",
        "text": "<@U54NAL317> commented on <@U5AV671TK>’s file <https:\/\/growthhackingfrance.slack.com\/files\/U5AV671TK\/F888D0V99\/ah.png|ah.png>: <@U566P6QCE> XD",
        "file": {
            "id": "F888D0V99",
            "created": 1512136810,
            "timestamp": 1512136810,
            "name": "ah.png",
            "title": "ah.png",
            "mimetype": "image\/png",
            "filetype": "png",
            "pretty_type": "PNG",
            "user": "U5AV671TK",
            "editable": false,
            "size": 74371,
            "mode": "hosted",
            "is_external": false,
            "external_type": "",
            "is_public": true,
            "public_url_shared": false,
            "display_as_bot": false,
            "username": "",
            "url_private": "https:\/\/files.slack.com\/files-pri\/T53A65FDZ-F888D0V99\/ah.png?t=xoxe-173346185475-301971345667-302189523445-be5392310f98480a534c383e5d92ddc3",
            "url_private_download": "https:\/\/files.slack.com\/files-pri\/T53A65FDZ-F888D0V99\/download\/ah.png?t=xoxe-173346185475-301971345667-302189523445-be5392310f98480a534c383e5d92ddc3",
            "thumb_64": "https:\/\/files.slack.com\/files-tmb\/T53A65FDZ-F888D0V99-72cc6ec618\/ah_64.png?t=xoxe-173346185475-301971345667-302189523445-be5392310f98480a534c383e5d92ddc3",
            "thumb_80": "https:\/\/files.slack.com\/files-tmb\/T53A65FDZ-F888D0V99-72cc6ec618\/ah_80.png?t=xoxe-173346185475-301971345667-302189523445-be5392310f98480a534c383e5d92ddc3",
            "thumb_360": "https:\/\/files.slack.com\/files-tmb\/T53A65FDZ-F888D0V99-72cc6ec618\/ah_360.png?t=xoxe-173346185475-301971345667-302189523445-be5392310f98480a534c383e5d92ddc3",
            "thumb_360_w": 360,
            "thumb_360_h": 270,
            "thumb_160": "https:\/\/files.slack.com\/files-tmb\/T53A65FDZ-F888D0V99-72cc6ec618\/ah_160.png?t=xoxe-173346185475-301971345667-302189523445-be5392310f98480a534c383e5d92ddc3",
            "image_exif_rotation": 1,
            "original_w": 413,
            "original_h": 310,
            "permalink": "https:\/\/growthhackingfrance.slack.com\/files\/U5AV671TK\/F888D0V99\/ah.png",
            "permalink_public": "https:\/\/slack-files.com\/T53A65FDZ-F888D0V99-114430c77f",
            "channels": [],
            "groups": [],
            "ims": [],
            "comments_count": 1,
            "reactions": [
                {
                    "name": "joy",
                    "users": [
                        "U566P6QCE",
                        "U5CQPG96J"
                    ],
                    "count": 2
                },
                {
                    "name": "smiley",
                    "users": [
                        "U60DUGA9X"
                    ],
                    "count": 1
                }
            ]
        },
        "comment": {
            "id": "Fc87QTFX89",
            "created": 1512136870,
            "timestamp": 1512136870,
            "user": "U54NAL317",
            "is_intro": false,
            "comment": "<@U566P6QCE> XD"
        },
        "is_intro": false,
        "ts": "1512136870.000357"
    },
    {
        "type": "message",
        "user": "U54NAL317",
        "text": "après ils ont dit que leur bêta était pas encore terminée",
        "ts": "1512136882.000376"
    },
    {
        "type": "message",
        "user": "U62V7G8J1",
        "text": "C'étiat 12 mois plutôt uqe 3",
        "ts": "1512137278.000329"
    },
    {
        "type": "message",
        "user": "U62V7G8J1",
        "text": "\"En gros, si tu fais un article où t’as la version AMP présentée en premier lieu pour l’indexation, puis ensuite tu calles un « lire plus » qui fait une redirection vers ta page non AMP, t'as fait juste ça pour booster ta page en SEO, ben google kiffe pas.\n1er Février 2018, google va virer à la mano ces pages là.\" C'est pas ça",
        "ts": "1512137382.000429"
    },
    {
        "type": "message",
        "user": "U62V7G8J1",
        "text": "La Search Console c'est pas dispo avant la seconde moitié 2018",
        "ts": "1512137441.000501"
    },
    {
        "type": "message",
        "user": "U62V7G8J1",
        "text": "Les PWA il faut y aller",
        "ts": "1512137447.000602"
    },
    {
        "type": "message",
        "user": "U62V7G8J1",
        "text": "bien au contraire",
        "ts": "1512137453.000040"
    },
    {
        "type": "message",
        "user": "U54E8FNL9",
        "text": "?",
        "ts": "1512137749.000122"
    },
    {
        "type": "message",
        "user": "U62V7G8J1",
        "text": "• Une AMP c'est pas une page d'indexation à proprement parler. C'est une surcouche mobile-friendly Lvl 99999 (type facebook instant articles)\n&gt;&gt; En gros tu peux pas avoir ton site <http:\/\/domain.com\/page-1|domain.com\/page-1> pour le desktop\n&gt;&gt; Et ta page <http:\/\/domain.com\/page-1\/amp|domain.com\/page-1\/amp> pour le mobile\nLes boîtes qui calaient un \"lire plus\" sur les versions AMP c'est parce qu'il n'est pas possible d'introduire des espaces pubs sur une page AMP. En cliquant sur \"lire plus\" tu étais redirigé vers le main website sur lequel t'avais ton adsense, outbrain, etc. C'était pour ça.\n&gt;&gt; AMP a perdu de l'importance par rapport à il y a quelques mois déjà, car on a vu les sites de fake news s'en servir à fond pour se placer sur les carousels de news avant des gros médias nationaux comme The Guardian en UK",
        "ts": "1512137774.000606"
    },
    {
        "type": "message",
        "user": "U62V7G8J1",
        "text": "Ta page présente dans les SERPs et qui est indexée ne sera jamais une page AMP (du moins en 2018) mais ce sera ta page mobile-friendly (Responsive, Adaptive, m.)",
        "ts": "1512137819.000414"
    },
    {
        "type": "message",
        "user": "U62V7G8J1",
        "text": "• Search Console il a dit qu'idéalement ils auraient souhaité que ce soit launch première moitié 2018, mais au final ce ne sera sûrement pas avant la seconde moitié. Toute façon ce sera des rollouts progressifs comme la nouvelle interface d'AdWords ou les \"beta-users\" se sont élargis au fil des mois jusqu'à obtenir 100% des users\n• Les grosses News Search Console sont:\n&gt;&gt; De pouvoir retrieve les data sur 12 mois et non plus 90 jours\n&gt;&gt; Partager les pages qui posent problème pour les crawlers\nMais on peut toujours rêver pour:\n&gt;&gt; Inclure les Google Voice Search par exemple",
        "ts": "1512138046.000116"
    },
    {
        "type": "message",
        "user": "U57DAHPE1",
        "text": "Ah ok, mea culpa moi pour AMP, je corrige ça",
        "edited": {
            "user": "U57DAHPE1",
            "ts": "1512138175.000000"
        },
        "ts": "1512138111.000446"
    },
    {
        "type": "message",
        "user": "U57DAHPE1",
        "text": "Par contre les PWA, ça dépend. Ta cible est sur Iphone ou bien :joy: ?",
        "ts": "1512138153.000507"
    },
    {
        "type": "message",
        "user": "U62V7G8J1",
        "text": "• PWA\n&gt;&gt; Bien sûr que Google galère encore à scan le .js. Néanmoins il reconnaît son avantage\n&gt;&gt; PWA = Better UX donc Google &lt;3 \n&gt;&gt; Forbes est en PWA, L'Equipe serait passé en PWA aussi\n&gt;&gt; PWA sous .js, quelle tech? REACT \n&gt;&gt; PWA &amp; SEO ? J'ai un contact qui bosse dans une agence et qui cartonne sur le sujet. Elle peut sûrement vous aider\n&gt;&gt; Apple &amp; PWA? Ce n'est qu'une question de temps mais visiblement - de source interne et sûre - à 70% actuellement Apple va adhérer au PWA",
        "edited": {
            "user": "U62V7G8J1",
            "ts": "1512138327.000000"
        },
        "ts": "1512138284.000357"
    },
    {
        "type": "message",
        "user": "U62V7G8J1",
        "text": "La partie PWA il y a des inputs d'ailleurs. Il n'a pas dit tout ça lors de la conf :slightly_smiling_face:",
        "ts": "1512138368.000017"
    },
    {
        "type": "message",
        "user": "U57DAHPE1",
        "text": "La partie PWA, c’est en partie des questions qu’ont lui a posé après",
        "ts": "1512138389.000157"
    },
    {
        "type": "message",
        "user": "U57DAHPE1",
        "text": "Et j’ai complété pour les néophytes",
        "ts": "1512138405.000132"
    },
    {
        "type": "message",
        "user": "U62V7G8J1",
        "text": "Je voulais dire mes commentaires :slightly_smiling_face: J'avais pris des infos que j'ai eu à d'autres événements ou d'autres conférences",
        "ts": "1512138429.000587"
    },
    {
        "type": "message",
        "user": "U62V7G8J1",
        "text": "Sinon <http:\/\/Schema.org|Schema.org> bah comme d'hab les gars. Facilitez la vie des robots donc intégrez-les (bien sûr on peut détourner l'usage mais bon)",
        "ts": "1512138453.000367"
    },
    {
        "type": "message",
        "user": "U62V7G8J1",
        "text": "AMP, si votre industrie ne semble pas témoigner de son intérêt, on s'en fout",
        "ts": "1512138467.000338"
    },
    {
        "type": "message",
        "user": "U54E8FNL9",
        "text": "<@U57DAHPE1> <@U62V7G8J1> faites-nous un exposé commun devant la classe, svp :slightly_smiling_face:",
        "ts": "1512138481.000106",
        "reactions": [
            {
                "name": "+1",
                "users": [
                    "U61LBKVEF"
                ],
                "count": 1
            }
        ]
    },
    {
        "type": "message",
        "user": "U57DAHPE1",
        "text": "Par contre si tu peux faire rentrer ton contact qui est une experte sur le sujet, grave chaud, ça fait des mois que je cherche quelqu’un de callé",
        "ts": "1512138485.000174"
    },
    {
        "type": "message",
        "user": "U62V7G8J1",
        "text": "l'AMP c'est bien dans des pays avec des mauvaises infrastructures télécom",
        "ts": "1512138487.000511"
    },
    {
        "type": "message",
        "user": "U62V7G8J1",
        "text": "Ouais je vais lui envoyer un message",
        "ts": "1512138501.000334"
    },
    {
        "type": "message",
        "user": "U62V7G8J1",
        "text": "Elle était là ce matin je pense",
        "ts": "1512138507.000197"
    },
    {
        "type": "message",
        "user": "U57DAHPE1",
        "text": "Là je suis pas d’accord",
        "ts": "1512138520.000657"
    },
    {
        "type": "message",
        "user": "U54E8FNL9",
        "text": "AMP = 100% de CTR en ce qui me concerne. Je vois ca, je clique. Je pense que tous les abonnés Free Mobile font comme moi.",
        "ts": "1512138543.000173"
    },
    {
        "type": "message",
        "user": "U57DAHPE1",
        "text": "l’AMP c’est pensé pour l’xp user dans le métro, les zones de transitions, et améliorer l’expérience utilisateur (comme vient de dire Aurel)",
        "ts": "1512138570.000743"
    },
    {
        "type": "message",
        "user": "U62V7G8J1",
        "text": "Pardon je reformule",
        "ts": "1512138594.000456"
    },
    {
        "type": "message",
        "user": "U57DAHPE1",
        "text": "Les pays avec des mauvaises infrasctrucures télécom sont encore hyper loin d’utiliser internet même en edge",
        "ts": "1512138602.000563"
    },
    {
        "type": "message",
        "user": "U62V7G8J1",
        "text": "j'ai oublié la moitié de mon raisonnement",
        "ts": "1512138608.000569"
    },
    {
        "type": "message",
        "user": "U57DAHPE1",
        "text": "en Afrique et en inde ils utilisent des systèmes low-key où ils tapent des numéros de téléphones et envoient des sms",
        "ts": "1512138650.000292"
    },
    {
        "type": "message",
        "user": "U57DAHPE1",
        "text": "pour payer en ligne aussi.",
        "ts": "1512138658.000503"
    },
    {
        "type": "message",
        "user": "U57DAHPE1",
        "text": "(enfin ça dépend de quelle part de l’Inde aussi)",
        "ts": "1512138678.000009"
    },
    {
        "type": "message",
        "user": "U57DAHPE1",
        "text": "le même genre de système que t’as quand tu fais #123 chez Orange pour voir ton crédit. (jsais plus comment ils appellent ça)",
        "ts": "1512138717.000217"
    },
    {
        "type": "message",
        "user": "U62V7G8J1",
        "text": "En gros, la stratégie AMP dépend de plusieurs choses dont:\n1) L'industrie\n2) Votre pays\n\nAMP est un projet open-source à l'initiative de Google (mais pas que). La philosophie de base était de permettre aux zones pas forcément bien couvertes d'avoir accès à des versions plus light (PWA c'est le même délire à la base)\n\nInvestir en AMP ne vous apportera aucun boost en visibilité si vous êtes le seul de toute votre industrie à le faire (à moins de trigger le carrousel ce qui n'arrivera pas si vous êtes solo) sur la page de résultats.",
        "ts": "1512138756.000138",
        "reactions": [
            {
                "name": "+1",
                "users": [
                    "U57DAHPE1"
                ],
                "count": 1
            }
        ]
    },
    {
        "type": "message",
        "user": "U62V7G8J1",
        "text": "Donc, SI vous avez les ressources pour tester, tentez de l'AMP. Sinon, ne vous rendez pas malades à ce sujet",
        "edited": {
            "user": "U62V7G8J1",
            "ts": "1512138829.000000"
        },
        "ts": "1512138806.000728"
    },
    {
        "type": "message",
        "user": "U62V7G8J1",
        "text": "Si vos concurrents ont commencé, et pas vous, bah vous êtes en retard...",
        "ts": "1512138816.000618"
    },
    {
        "type": "message",
        "user": "U62V7G8J1",
        "text": "Chaud pour parler SEO un de ces 4 :heart:",
        "ts": "1512138960.000393",
        "reactions": [
            {
                "name": "+1",
                "users": [
                    "U60DUGA9X"
                ],
                "count": 1
            }
        ]
    },
    {
        "type": "message",
        "user": "U57DAHPE1",
        "text": "Merci de ton input, y’a encore trop de sujets en SEO qui sont vagues.",
        "ts": "1512139091.000606"
    },
    {
        "type": "message",
        "user": "U57DAHPE1",
        "text": "Faut que <@U5C86111D> et toi créiez un cours sur Udemy",
        "ts": "1512139147.000308"
    },
    {
        "type": "message",
        "user": "U62V7G8J1",
        "text": "héhéhé",
        "ts": "1512139336.000464"
    },
    {
        "type": "message",
        "user": "U62V7G8J1",
        "text": "J'y ai pensé",
        "ts": "1512139338.000039"
    },
    {
        "type": "message",
        "user": "U62V7G8J1",
        "text": "Mais flemme",
        "ts": "1512139342.000716"
    },
    {
        "type": "message",
        "user": "U62V7G8J1",
        "text": "<@U5C86111D> Tu te chauffes ?",
        "ts": "1512139384.000228"
    },
    {
        "type": "message",
        "user": "U62V7G8J1",
        "text": "Je pense qu'il faut un module complet sur les meta-keywords :joy:",
        "ts": "1512139399.000478"
    },
    {
        "type": "message",
        "user": "U62V7G8J1",
        "text": "Et comment cacher les mots clefs derrière une image, ou mettre ton texte de la même couleur que ton background :heart:",
        "ts": "1512139422.000769",
        "reactions": [
            {
                "name": "rocket",
                "users": [
                    "U54KSDKCY"
                ],
                "count": 1
            }
        ]
    },
    {
        "type": "message",
        "user": "U5C86111D",
        "text": "J’ai pas suivis",
        "ts": "1512139632.000476"
    },
    {
        "type": "message",
        "user": "U62V7G8J1",
        "text": "T'as tout cassé...",
        "ts": "1512139803.000143"
    },
    {
        "type": "message",
        "user": "U54NAL317",
        "text": "<@U5C86111D>: <@U62V7G8J1> et <@U57DAHPE1> viennent de découvrir qu'ils sont âmes-soeurs du SEO et ils voulaient t'inclure dans leur romance.",
        "ts": "1512139852.000328"
    },
    {
        "type": "message",
        "user": "U5C86111D",
        "text": "c bo :heart:",
        "ts": "1512139868.000497"
    },
    {
        "type": "message",
        "user": "U57DAHPE1",
        "text": "Ah non, moi je suis juste matchmaker.",
        "ts": "1512140176.000129"
    },
    {
        "type": "message",
        "user": "U54E8FNL9",
        "text": "#Op3n",
        "ts": "1512140846.000556"
    },
    {
        "type": "message",
        "user": "U546L44SJ",
        "text": "<@U54E8FNL9> I KNOW WHAT YOU MEAN LITTLE PIG",
        "ts": "1512141402.000018",
        "reactions": [
            {
                "name": "pig_nose",
                "users": [
                    "U54E8FNL9",
                    "U54KSDKCY"
                ],
                "count": 2
            }
        ]
    },
    {
        "type": "message",
        "user": "U60DUGA9X",
        "text": "replay de la conf Sem rush sur le cloacking, avec les slides pour ceux que ca intéresse\n<https:\/\/fr.semrush.com\/webinars\/cloaking-white-hat-comment-ameliorer-son-crawl-budget\/?cm_mmc=Act-On+Software-_-email-_-Cloaking+white+hat+%3A+comment+am%5Cu00E9liorer+son+crawl+budget-_-Replay+de+la+vid%5Cu00E9o+%5Cu2192>",
        "ts": "1512141776.000359",
        "reactions": [
            {
                "name": "rocket",
                "users": [
                    "U542GFW85",
                    "U57DAHPE1"
                ],
                "count": 2
            }
        ]
    }
]