[
    {
        "type": "message",
        "user": "U57DAHPE1",
        "text": "J’ai une question (et <@U5C86111D> tu peux y répondre ou ça va t’intéresser). Quelqu’un sait sur quoi se base Google pour vérifier  qu’un A\/B test n’est pas du cloaking ? Ils calculent un coefficient de variation avec la page originelle ? Ils checkent des éléments en particulier? Optimizely en parle un peu ici, mais c’est vague.\n<https:\/\/help.optimizely.com\/Set_Up_Optimizely\/AB_Testing_and_Search_Engine_Optimization>",
        "edited": {
            "user": "U57DAHPE1",
            "ts": "1499692153.000000"
        },
        "ts": "1499692135.199839"
    },
    {
        "type": "message",
        "user": "U5C86111D",
        "text": "Intéressant <@U57DAHPE1> je ne m’étais jamais posé la question du cloaking en A\/B. Jusqu’à maintenant pour moi Google ne savait pas lire le JS donc il ne pouvait pas voir le A\/B",
        "ts": "1499692275.266113"
    },
    {
        "type": "message",
        "user": "U54PV0R4L",
        "text": "sisi, google voit assez bien le JS.",
        "ts": "1499692303.279995"
    },
    {
        "type": "message",
        "user": "U5C86111D",
        "text": "un A\/B test ne va pas durer sur plusieurs mois, peut être un facteur pour goole ?",
        "ts": "1499692305.280701"
    },
    {
        "type": "message",
        "user": "U5C86111D",
        "text": "ah il arrive maintenant ?",
        "ts": "1499692314.285035"
    },
    {
        "type": "message",
        "user": "U54PV0R4L",
        "text": "\"assez bien\" à définir hein. Des articles sont dispos, j'ai plus les sources",
        "ts": "1499692346.301232"
    },
    {
        "type": "message",
        "user": "U57DAHPE1",
        "text": "Mais ça couille pas mal sur des framework spécifiques, ex : react ou Angular sans server-side rendering.",
        "ts": "1499692388.321622"
    },
    {
        "type": "message",
        "user": "U5C86111D",
        "text": "<https:\/\/goralewicz.com\/blog\/javascript-seo-experiment\/>",
        "attachments": [
            {
                "service_name": "goralewicz.com",
                "title": "Can Google properly crawl and index JavaScript frameworks?",
                "title_link": "https:\/\/goralewicz.com\/blog\/javascript-seo-experiment\/",
                "text": "Our JavaScript SEO experiment uncovers which JavaScript frameworks are SEO-friendly",
                "fallback": "goralewicz.com: Can Google properly crawl and index JavaScript frameworks?",
                "thumb_url": "https:\/\/goralewicz.com\/web\/uploads\/images\/javascript-seo-experiment.jpg",
                "from_url": "https:\/\/goralewicz.com\/blog\/javascript-seo-experiment\/",
                "thumb_width": 1600,
                "thumb_height": 666,
                "service_icon": "https:\/\/goralewicz.com\/favicon.ico",
                "id": 1
            }
        ],
        "ts": "1499692460.356776"
    },
    {
        "type": "message",
        "user": "U57DAHPE1",
        "text": "<@U5C86111D> : la longueur du test ? Ca peut jouer, mais t’as desfois des tests qui peuvent durer plusieurs mois pour des gros changements d’UX par exemple. D’ailleurs je ne sais pas comment se fait le crawling dans ces cas là. Google n’est-il renvoyé que vers une seule version du site, ou les deux en même temps ? Que fait-il de ces deux versions de page dans un rapport search console par exemple. J’ai pas trouvé de réponse satisfaisante.",
        "ts": "1499692623.437234"
    },
    {
        "type": "message",
        "user": "U5C86111D",
        "text": "Je ne suis pas allé aussi loin dans le A\/B, j’ai pas de réponse",
        "ts": "1499692669.459299"
    },
    {
        "type": "message",
        "user": "U544P0TK4",
        "text": "Hello Guys !\nJe souhaiterais améliorer deux choses pour le SEO de mon site:\n1) à la recherche, mon lien apparait une fois en US et une fois en FR, comment faire en sorte de ne l'avoir qu'en US ?",
        "ts": "1499698538.940097"
    },
    {
        "type": "message",
        "subtype": "file_share",
        "text": "<@U544P0TK4> uploaded a file: <https:\/\/growthhackingfrance.slack.com\/files\/U544P0TK4\/F669GNMPD\/image.png|image.png>",
        "file": {
            "id": "F669GNMPD",
            "created": 1499698541,
            "timestamp": 1499698541,
            "name": "image.png",
            "title": "image.png",
            "mimetype": "image\/png",
            "filetype": "png",
            "pretty_type": "PNG",
            "user": "U544P0TK4",
            "editable": false,
            "size": 140292,
            "mode": "hosted",
            "is_external": false,
            "external_type": "",
            "is_public": true,
            "public_url_shared": false,
            "display_as_bot": false,
            "username": "",
            "url_private": "https:\/\/files.slack.com\/files-pri\/T53A65FDZ-F669GNMPD\/image.png?t=xoxe-173346185475-301971345667-302189523445-be5392310f98480a534c383e5d92ddc3",
            "url_private_download": "https:\/\/files.slack.com\/files-pri\/T53A65FDZ-F669GNMPD\/download\/image.png?t=xoxe-173346185475-301971345667-302189523445-be5392310f98480a534c383e5d92ddc3",
            "thumb_64": "https:\/\/files.slack.com\/files-tmb\/T53A65FDZ-F669GNMPD-4782e90cec\/image_64.png?t=xoxe-173346185475-301971345667-302189523445-be5392310f98480a534c383e5d92ddc3",
            "thumb_80": "https:\/\/files.slack.com\/files-tmb\/T53A65FDZ-F669GNMPD-4782e90cec\/image_80.png?t=xoxe-173346185475-301971345667-302189523445-be5392310f98480a534c383e5d92ddc3",
            "thumb_360": "https:\/\/files.slack.com\/files-tmb\/T53A65FDZ-F669GNMPD-4782e90cec\/image_360.png?t=xoxe-173346185475-301971345667-302189523445-be5392310f98480a534c383e5d92ddc3",
            "thumb_360_w": 360,
            "thumb_360_h": 149,
            "thumb_480": "https:\/\/files.slack.com\/files-tmb\/T53A65FDZ-F669GNMPD-4782e90cec\/image_480.png?t=xoxe-173346185475-301971345667-302189523445-be5392310f98480a534c383e5d92ddc3",
            "thumb_480_w": 480,
            "thumb_480_h": 198,
            "thumb_160": "https:\/\/files.slack.com\/files-tmb\/T53A65FDZ-F669GNMPD-4782e90cec\/image_160.png?t=xoxe-173346185475-301971345667-302189523445-be5392310f98480a534c383e5d92ddc3",
            "thumb_720": "https:\/\/files.slack.com\/files-tmb\/T53A65FDZ-F669GNMPD-4782e90cec\/image_720.png?t=xoxe-173346185475-301971345667-302189523445-be5392310f98480a534c383e5d92ddc3",
            "thumb_720_w": 720,
            "thumb_720_h": 297,
            "thumb_800": "https:\/\/files.slack.com\/files-tmb\/T53A65FDZ-F669GNMPD-4782e90cec\/image_800.png?t=xoxe-173346185475-301971345667-302189523445-be5392310f98480a534c383e5d92ddc3",
            "thumb_800_w": 800,
            "thumb_800_h": 330,
            "thumb_960": "https:\/\/files.slack.com\/files-tmb\/T53A65FDZ-F669GNMPD-4782e90cec\/image_960.png?t=xoxe-173346185475-301971345667-302189523445-be5392310f98480a534c383e5d92ddc3",
            "thumb_960_w": 960,
            "thumb_960_h": 396,
            "thumb_1024": "https:\/\/files.slack.com\/files-tmb\/T53A65FDZ-F669GNMPD-4782e90cec\/image_1024.png?t=xoxe-173346185475-301971345667-302189523445-be5392310f98480a534c383e5d92ddc3",
            "thumb_1024_w": 1024,
            "thumb_1024_h": 423,
            "image_exif_rotation": 1,
            "original_w": 1630,
            "original_h": 673,
            "permalink": "https:\/\/growthhackingfrance.slack.com\/files\/U544P0TK4\/F669GNMPD\/image.png",
            "permalink_public": "https:\/\/slack-files.com\/T53A65FDZ-F669GNMPD-569931a588",
            "channels": [],
            "groups": [],
            "ims": [],
            "comments_count": 0
        },
        "user": "U544P0TK4",
        "upload": true,
        "display_as_bot": false,
        "username": "max-seald",
        "bot_id": null,
        "ts": "1499698545.944239"
    },
    {
        "type": "message",
        "user": "U544P0TK4",
        "text": "J'avais réussi à ce que Google me propose les racourcis en dessous du lien aussi, mais je ne les ai plus. Y'a t-il des tips pour augmenter les chances de les avoir ?",
        "ts": "1499698606.986149"
    },
    {
        "type": "message",
        "user": "U54UCL8EM",
        "text": "tu veux parler des rich snippets ?",
        "edited": {
            "user": "U54UCL8EM",
            "ts": "1499700479.000000"
        },
        "ts": "1499699239.408860"
    },
    {
        "type": "message",
        "user": "U54UCL8EM",
        "text": "je te laisse googler rich snippets si besoin comme back here",
        "ts": "1499699292.443225"
    },
    {
        "type": "message",
        "user": "U544P0TK4",
        "text": "Alors à priori ce n'est pas ça, je te dis ce dont je parle",
        "ts": "1499699301.448738"
    },
    {
        "type": "message",
        "user": "U54UCL8EM",
        "text": "ha d'accord explique",
        "ts": "1499699311.455461"
    },
    {
        "type": "message",
        "user": "U5C86111D",
        "text": "j’ai regardé rapidement tes alternate sans aller en détails, t’es sûr ils sont juste ?",
        "ts": "1499699321.462186"
    },
    {
        "type": "message",
        "user": "U544P0TK4",
        "text": "ce sont des sitelinks",
        "ts": "1499699360.486851"
    },
    {
        "type": "message",
        "user": "U544P0TK4",
        "text": "je ne suis pas sur à 100% non, y'a t-il un moyen de les vérifier ?",
        "ts": "1499699398.511804"
    },
    {
        "type": "message",
        "user": "U5C86111D",
        "text": "y a des tools gratuit que tu vas trouver sino semrush",
        "ts": "1499699458.549987"
    },
    {
        "type": "message",
        "user": "U5C86111D",
        "text": "et tu dois ouvrir 2 search console, un part langue",
        "ts": "1499699476.561297",
        "reactions": [
            {
                "name": "+1",
                "users": [
                    "U53GAFF8R"
                ],
                "count": 1
            }
        ]
    }
]