[
    {
        "type": "message",
        "user": "U543MU39P",
        "text": "Si le référencement et l'optimisation de la rapidité d'affichage de vos pages sont vos obsessions, vous pouvez jeter un oeil à ce site qui vous donne des templates et des UI components pour AMP : <https:\/\/ampstart.com>",
        "edited": {
            "user": "U543MU39P",
            "ts": "1508728105.000000"
        },
        "ts": "1508728067.000016",
        "reactions": [
            {
                "name": "+1",
                "users": [
                    "U54KSDKCY"
                ],
                "count": 1
            }
        ]
    }
]