[
    {
        "user": "U555MT77A",
        "text": "<@U555MT77A> has joined the channel",
        "type": "message",
        "subtype": "channel_join",
        "ts": "1493748572.496062"
    },
    {
        "type": "message",
        "user": "U54078XQ8",
        "text": "Si tu fais ca, perso je te fais la guerre derriere :slightly_smiling_face:\nContre.",
        "attachments": [
            {
                "fallback": "[April 28th, 2017 5:20 PM] melanie_almeida: Hello à tous\nCibler la marque d'un de ses concurrents dans adwords. Pour ou contre ?",
                "ts": "1493374836.894466",
                "author_subname": "melanie_almeida",
                "channel_id": "C54JX6R62",
                "channel_name": "seo",
                "is_msg_unfurl": true,
                "text": "Hello à tous\nCibler la marque d'un de ses concurrents dans adwords. Pour ou contre ?",
                "author_name": "Melanie Almeida",
                "author_link": "https:\/\/growthhackingfrance.slack.com\/team\/melanie_almeida",
                "author_icon": "https:\/\/avatars.slack-edge.com\/2017-04-28\/176028043970_6c9a12a9a7993e556fb4_48.jpg",
                "mrkdwn_in": [
                    "text"
                ],
                "color": "D0D0D0",
                "from_url": "https:\/\/growthhackingfrance.slack.com\/archives\/C54JX6R62\/p1493374836894466",
                "is_share": true,
                "footer": "Posted in #seo"
            }
        ],
        "ts": "1493778293.307505",
        "reactions": [
            {
                "name": "+1",
                "users": [
                    "U54NAL317"
                ],
                "count": 1
            }
        ]
    }
]