[
    {
        "type": "message",
        "user": "U5852MULX",
        "text": "Yo la compagnie, pour ceux et celles qui ont déjà bossé sur des sites e-commerce, il y en a qui ont testé d’ajouter le prix du produit sur les balises title des fiches produits ? Pertinent ou nan ?",
        "thread_ts": "1494937796.584646",
        "reply_count": 23,
        "replies": [
            {
                "user": "U5C86111D",
                "ts": "1494938511.861180"
            },
            {
                "user": "U5C86111D",
                "ts": "1494938557.879820"
            },
            {
                "user": "U54PQ74HF",
                "ts": "1494938858.000739"
            },
            {
                "user": "U5852MULX",
                "ts": "1494939433.241592"
            },
            {
                "user": "U54PQ74HF",
                "ts": "1494939559.297582"
            },
            {
                "user": "U5852MULX",
                "ts": "1494942921.035581"
            },
            {
                "user": "U5852MULX",
                "ts": "1494942934.042784"
            },
            {
                "user": "U54KSDKCY",
                "ts": "1494943850.592173"
            },
            {
                "user": "U5852MULX",
                "ts": "1494943962.656970"
            },
            {
                "user": "U54KSDKCY",
                "ts": "1494944057.712844"
            },
            {
                "user": "U5852MULX",
                "ts": "1494944237.821339"
            },
            {
                "user": "U54KSDKCY",
                "ts": "1494944264.837372"
            },
            {
                "user": "U5852MULX",
                "ts": "1494944304.861329"
            },
            {
                "user": "U5852MULX",
                "ts": "1494944317.868820"
            },
            {
                "user": "U5C86111D",
                "ts": "1494944394.916162"
            },
            {
                "user": "U54KSDKCY",
                "ts": "1494944580.031787"
            },
            {
                "user": "U5C86111D",
                "ts": "1494944608.048085"
            },
            {
                "user": "U5C86111D",
                "ts": "1494944618.053675"
            },
            {
                "user": "U5852MULX",
                "ts": "1494945992.906099"
            },
            {
                "user": "U5C86111D",
                "ts": "1494946007.915185"
            },
            {
                "user": "U5C86111D",
                "ts": "1494946034.932767"
            },
            {
                "user": "U5852MULX",
                "ts": "1494946052.944280"
            },
            {
                "user": "U5852MULX",
                "ts": "1494946063.951020"
            }
        ],
        "unread_count": 23,
        "ts": "1494937796.584646"
    },
    {
        "type": "message",
        "user": "U5C86111D",
        "text": "clement-c: ça donne plus de visibilité à ta SERP",
        "thread_ts": "1494937796.584646",
        "parent_user_id": "U5852MULX",
        "ts": "1494938511.861180"
    },
    {
        "type": "message",
        "user": "U5C86111D",
        "text": "donc potentiellement un meilleur CTR",
        "thread_ts": "1494937796.584646",
        "parent_user_id": "U5852MULX",
        "ts": "1494938557.879820"
    },
    {
        "type": "message",
        "user": "U54PQ74HF",
        "text": "gaffe par contre au refresh de Google, si tes prix fluctue. Niveau UX tes users vont pas être content de voir un prix affiché sur google différent par rapport à la page.\n\nBien travailler les microdata sa fait déjà bien le café sur les fiches produits je trouve, je suis pas convaincu par ces techniques.",
        "thread_ts": "1494937796.584646",
        "parent_user_id": "U5852MULX",
        "ts": "1494938858.000739"
    },
    {
        "type": "message",
        "user": "U5852MULX",
        "text": "Ouais c’est ma principale interrogation <@U54PQ74HF> pour gérer (et les prix varient énormément...) les changements, ça peut devenir une horreur (promotions, ventes flash,...), Il faudrait donc trouver un moyen d’automatiser le truc. Possible de mettre le prix de la fiche produit automatiquement dans la balise title ? Le site est sous Presta, ça me semble compliqué....",
        "thread_ts": "1494937796.584646",
        "parent_user_id": "U5852MULX",
        "ts": "1494939433.241592"
    },
    {
        "type": "message",
        "user": "U54PQ74HF",
        "text": "Je t’avoue ne pas savoir, mais dans tous les cas même automatisé de ton côté le temps que les robots rescan ta fiche produit tu vas te retrouver avec une version X affiché sur les résultats Google\/Bing.. et ta version Y sur le site...",
        "edited": {
            "user": "U54PQ74HF",
            "ts": "1494939581.000000"
        },
        "thread_ts": "1494937796.584646",
        "parent_user_id": "U5852MULX",
        "ts": "1494939559.297582"
    },
    {
        "type": "message",
        "user": "U5852MULX",
        "text": "Ouais c’est pas faux, et c’est vrai que les microdata apportent de plus en plus d’infos...;",
        "thread_ts": "1494937796.584646",
        "parent_user_id": "U5852MULX",
        "ts": "1494942921.035581"
    },
    {
        "type": "message",
        "user": "U5852MULX",
        "text": "Merci à tous les deux en tout cas pour vos feedbacks ! :slightly_smiling_face:",
        "thread_ts": "1494937796.584646",
        "parent_user_id": "U5852MULX",
        "ts": "1494942934.042784"
    },
    {
        "type": "message",
        "user": "U54KSDKCY",
        "text": "Mais sinon tu as les prix en rich snippet dessous, c'est visible sur le SERP, c'est mis à jour ? ",
        "thread_ts": "1494937796.584646",
        "parent_user_id": "U5852MULX",
        "ts": "1494943850.592173"
    },
    {
        "type": "message",
        "user": "U5852MULX",
        "text": "Ceux là sont maj ouais et affichés dans les SERP, donc effectivement c’est peut être pas nécessaire si c’est pour créer un sentiment de déception chez l’utilisateur",
        "edited": {
            "user": "U5852MULX",
            "ts": "1494943978.000000"
        },
        "thread_ts": "1494937796.584646",
        "parent_user_id": "U5852MULX",
        "ts": "1494943962.656970"
    },
    {
        "type": "message",
        "user": "U54KSDKCY",
        "text": "Moi je pense que le prix en rich snippet à côté des belles five stars d'avis client, c'est niquel, l'œil part direct dessus :) ",
        "thread_ts": "1494937796.584646",
        "parent_user_id": "U5852MULX",
        "ts": "1494944057.712844"
    },
    {
        "type": "message",
        "user": "U5852MULX",
        "text": "Yes c’est sur. D’ailleurs j’ai une autre question qui me vient <@U54KSDKCY>",
        "thread_ts": "1494937796.584646",
        "parent_user_id": "U5852MULX",
        "ts": "1494944237.821339"
    },
    {
        "type": "message",
        "user": "U54KSDKCY",
        "text": "Si je peux aider ? :) ",
        "thread_ts": "1494937796.584646",
        "parent_user_id": "U5852MULX",
        "ts": "1494944264.837372"
    },
    {
        "type": "message",
        "user": "U5852MULX",
        "text": "Quand tout est bon côté Google Data Product Test (au niveau de la mise en place des ratings), mais que ça ne s’affiche pas dans les SERP, ca peut provenir d’où ?",
        "thread_ts": "1494937796.584646",
        "parent_user_id": "U5852MULX",
        "ts": "1494944304.861329"
    },
    {
        "type": "message",
        "user": "U5852MULX",
        "text": "Sachant que la mise en place n’est pas récente...",
        "thread_ts": "1494937796.584646",
        "parent_user_id": "U5852MULX",
        "ts": "1494944317.868820"
    },
    {
        "type": "message",
        "user": "U5C86111D",
        "text": "je sais pas du tout si c’est ça mais tes pages en question sont dans l’index primaire ?",
        "thread_ts": "1494937796.584646",
        "parent_user_id": "U5852MULX",
        "ts": "1494944394.916162"
    },
    {
        "type": "message",
        "user": "U54KSDKCY",
        "text": "Trop technique je passe la main :p",
        "thread_ts": "1494937796.584646",
        "parent_user_id": "U5852MULX",
        "ts": "1494944580.031787"
    },
    {
        "type": "message",
        "user": "U5C86111D",
        "text": "pour savoir si tu es dans l’index primaire : <http:\/\/sfr.fr\/recherche|sfr.fr\/recherche> avec un site:tonsite",
        "thread_ts": "1494937796.584646",
        "parent_user_id": "U5852MULX",
        "ts": "1494944608.048085"
    },
    {
        "type": "message",
        "user": "U5C86111D",
        "text": "et tu compares avec un site:tonsite sur gogle",
        "thread_ts": "1494937796.584646",
        "parent_user_id": "U5852MULX",
        "ts": "1494944618.053675"
    },
    {
        "type": "message",
        "user": "U5852MULX",
        "text": "Moins sur sfr que sur google, ce qui signifie que je n’ai pas toutes mes pages sur l’index primaire c’est ça ?",
        "thread_ts": "1494937796.584646",
        "parent_user_id": "U5852MULX",
        "ts": "1494945992.906099"
    },
    {
        "type": "message",
        "user": "U5C86111D",
        "text": "oui mais c’est normale",
        "thread_ts": "1494937796.584646",
        "parent_user_id": "U5852MULX",
        "ts": "1494946007.915185"
    },
    {
        "type": "message",
        "user": "U5C86111D",
        "text": "une page pas présente en primaire, sera très difficile à ranker sur mots clés difificle",
        "thread_ts": "1494937796.584646",
        "parent_user_id": "U5852MULX",
        "ts": "1494946034.932767"
    },
    {
        "type": "message",
        "user": "U5852MULX",
        "text": "ok ok, par contre les pages produit concernées y sont",
        "thread_ts": "1494937796.584646",
        "parent_user_id": "U5852MULX",
        "ts": "1494946052.944280"
    },
    {
        "type": "message",
        "user": "U5852MULX",
        "text": "Une autre idée d’où ça pourrait venir ?",
        "thread_ts": "1494937796.584646",
        "parent_user_id": "U5852MULX",
        "ts": "1494946063.951020"
    }
]