[
    {
        "type": "message",
        "user": "U5635E9JN",
        "text": "Bonjour, quelqu'un a déjà utilisé Heroku pour heberger son site? En effet, j'ai un soucis de mon côté, le service ajoute sa propre balise &lt;title&gt; à nos pages. cela nous fait donc deux &lt;title&gt; par page. Savez vous comment je peux gérer ce soucis ?",
        "thread_ts": "1505729033.000229",
        "reply_count": 6,
        "replies": [
            {
                "user": "U5AV671TK",
                "ts": "1505729622.000262"
            },
            {
                "user": "U5AV671TK",
                "ts": "1505729639.000267"
            },
            {
                "user": "U5635E9JN",
                "ts": "1505734840.000041"
            },
            {
                "user": "U5635E9JN",
                "ts": "1505734847.000117"
            },
            {
                "user": "U5635E9JN",
                "ts": "1505734865.000252"
            },
            {
                "user": "U57DAHPE1",
                "ts": "1505739076.000440"
            }
        ],
        "unread_count": 6,
        "ts": "1505729033.000229"
    },
    {
        "type": "message",
        "user": "U5AV671TK",
        "text": "Yes, mais ça m'a jamais fait ça",
        "thread_ts": "1505729033.000229",
        "parent_user_id": "U5635E9JN",
        "ts": "1505729622.000262"
    },
    {
        "type": "message",
        "user": "U5AV671TK",
        "text": "normalement Heroku n'ajoute rien du tout, tu utilises un langage de templating ?",
        "thread_ts": "1505729033.000229",
        "parent_user_id": "U5635E9JN",
        "ts": "1505729639.000267"
    },
    {
        "type": "message",
        "user": "U5635E9JN",
        "text": "étrange... Pourtant je vois bien deux balises title. Je vais mener mon investigation plus en profondeur alors",
        "thread_ts": "1505729033.000229",
        "parent_user_id": "U5635E9JN",
        "ts": "1505734840.000041"
    },
    {
        "type": "message",
        "user": "U5635E9JN",
        "text": "notre dev nous fait ça en rugby",
        "thread_ts": "1505729033.000229",
        "parent_user_id": "U5635E9JN",
        "ts": "1505734847.000117"
    },
    {
        "type": "message",
        "user": "U5635E9JN",
        "text": "*ruby",
        "thread_ts": "1505729033.000229",
        "parent_user_id": "U5635E9JN",
        "ts": "1505734865.000252"
    },
    {
        "type": "message",
        "user": "U57DAHPE1",
        "text": "C’est le fameux Rugby on rails\n<http:\/\/i.f1g.fr\/media\/figaro\/805x453_crop\/2015\/09\/25\/XVM0826a100-62d2-11e5-8e32-36e428168578.jpg>",
        "attachments": [
            {
                "fallback": "784x453px image",
                "image_url": "http:\/\/i.f1g.fr\/media\/figaro\/805x453_crop\/2015\/09\/25\/XVM0826a100-62d2-11e5-8e32-36e428168578.jpg",
                "image_width": 784,
                "image_height": 453,
                "image_bytes": 100118,
                "from_url": "http:\/\/i.f1g.fr\/media\/figaro\/805x453_crop\/2015\/09\/25\/XVM0826a100-62d2-11e5-8e32-36e428168578.jpg",
                "id": 1
            }
        ],
        "thread_ts": "1505729033.000229",
        "parent_user_id": "U5635E9JN",
        "ts": "1505739076.000440",
        "reactions": [
            {
                "name": "joy",
                "users": [
                    "U541S59L4",
                    "U5479AJQH",
                    "U55AEG97A",
                    "U5830GL6A",
                    "U5AHB5SQ3",
                    "U5AV671TK",
                    "U62V7G8J1"
                ],
                "count": 7
            }
        ]
    }
]