[
    {
        "type": "message",
        "user": "U54C5S7V2",
        "text": "Si tu cross les sites oui, si tu fais site A to site B et site B to site A non. \nThematiques: Finance, voyage, generaliste",
        "thread_ts": "1502721279.626085",
        "parent_user_id": "U54C5S7V2",
        "ts": "1502784759.000089"
    },
    {
        "type": "message",
        "user": "U54C5S7V2",
        "text": "Et pour info j'achète des liens thématique finance \/ investissement, si des intéressés PM :slightly_smiling_face:",
        "thread_ts": "1502721279.626085",
        "parent_user_id": "U54C5S7V2",
        "ts": "1502784812.000181"
    },
    {
        "type": "message",
        "user": "U546L44SJ",
        "text": "Julian ! J'aimerais bien faire une spreadsheet avec ",
        "ts": "1502787457.000063"
    },
    {
        "type": "message",
        "user": "U546L44SJ",
        "text": "Avec le NDd de chacun ainsi que le secteur. Et pouvoir faire du net linking. ",
        "ts": "1502787544.000096"
    },
    {
        "type": "message",
        "user": "U546L44SJ",
        "text": "MAIS il faudrait que ce soit bien fait pck des back links pures ca marche plus trop. Il faut les assortir d'article ou contenu ",
        "ts": "1502787607.000222"
    },
    {
        "type": "message",
        "user": "U546L44SJ",
        "text": "<@U54C5S7V2>: ",
        "ts": "1502787621.000131"
    },
    {
        "type": "message",
        "user": "U546L44SJ",
        "text": "Vous en pensez quoi ?",
        "ts": "1502787631.000094"
    },
    {
        "type": "message",
        "user": "U54C5S7V2",
        "text": "quand je parle d'échange de lien, j'entends avec article dédié bien sûr. \nCa peut être cool mais à titre perso je sais pas si je serai prêt à balancer publiquement mes sites de niche. À voir. Certains je pourrai les mettre par contre sans pb",
        "ts": "1502788718.000169"
    },
    {
        "type": "message",
        "user": "U57DAHPE1",
        "text": "Ou dans ce cas on marche par thématique de sites (c’est surtout là le vrai trick) et on montre l’adresse des sites que l’on veut bien montrer avec le DA et on cache l’adresse de ceux que l’on veut cacher mais quand même avec leur DA et autres caractéristiques (en disant qui est l’auteur)",
        "ts": "1502793038.000023"
    },
    {
        "type": "message",
        "user": "U62V7G8J1",
        "text": "Je rejoins <@U57DAHPE1>",
        "ts": "1502799743.000088"
    },
    {
        "type": "message",
        "user": "U62V7G8J1",
        "text": "Tu mets ta thématique, un DA et un CF moyen (ou alors une \"range\") et ton contact sur le Slack",
        "ts": "1502799771.000191"
    },
    {
        "type": "message",
        "user": "U62V7G8J1",
        "text": "Et Éventuellement un tarif :smile:",
        "ts": "1502799785.000122"
    },
    {
        "type": "message",
        "user": "U62V7G8J1",
        "text": "Et une colonne du style \"Rédaction Éditeur OU Annonceur\"",
        "ts": "1502799799.000302"
    },
    {
        "type": "message",
        "user": "U54139CKW",
        "text": "in :slightly_smiling_face:",
        "ts": "1502800617.000161"
    },
    {
        "type": "message",
        "user": "U546L44SJ",
        "text": "Cool !",
        "ts": "1502800647.000062"
    },
    {
        "type": "message",
        "user": "U546L44SJ",
        "text": "je vais créer un spreadsheet mnt",
        "ts": "1502800651.000335"
    },
    {
        "type": "message",
        "user": "U546L44SJ",
        "text": "je fais un draft et vous l’envoie",
        "ts": "1502800658.000006"
    },
    {
        "type": "message",
        "user": "U546L44SJ",
        "text": "ensuite on diffuse le bordel partout et dans la newsletter qui doit sortir",
        "ts": "1502800668.000037"
    },
    {
        "type": "message",
        "user": "U54C5S7V2",
        "text": ":+1:",
        "ts": "1502803128.000440"
    },
    {
        "type": "message",
        "user": "U53GAFF8R",
        "text": "C'est combien le lien <@U54C5S7V2> ?",
        "edited": {
            "user": "U53GAFF8R",
            "ts": "1502806595.000000"
        },
        "thread_ts": "1502721279.626085",
        "parent_user_id": "U54C5S7V2",
        "ts": "1502806583.000029"
    },
    {
        "type": "message",
        "user": "U54C5S7V2",
        "text": "C'est moi qui achète donc tu me le vends combien? :stuck_out_tongue:",
        "thread_ts": "1502721279.626085",
        "parent_user_id": "U54C5S7V2",
        "ts": "1502807030.000013"
    },
    {
        "type": "message",
        "user": "U54C5S7V2",
        "text": "(je suis focus en mode achat pour pusher un site perso)",
        "thread_ts": "1502721279.626085",
        "parent_user_id": "U54C5S7V2",
        "ts": "1502807096.000064"
    },
    {
        "type": "message",
        "user": "U53GAFF8R",
        "text": "C'est quoi ton site ?",
        "thread_ts": "1502721279.626085",
        "parent_user_id": "U54C5S7V2",
        "ts": "1502820130.000139"
    },
    {
        "type": "message",
        "user": "U57DAHPE1",
        "text": "Imposes tes liens : <https:\/\/www.google.com\/maps\/d\/viewer?mid=1x9kBzaQNZmQ0bFCATblKtV0Z5P0&amp;hl=en_US&amp;ll=50.28933929999998%2C4.74609380000004&amp;z=17>",
        "attachments": [
            {
                "title": "INGRID GOES WEST (2017) - Online [1080P-720P Mov'ie Download\/ HQ.DVDRip",
                "title_link": "https:\/\/www.google.com\/maps\/d\/viewer?mid=1x9kBzaQNZmQ0bFCATblKtV0Z5P0&hl=en_US&ll=50.28933929999998%2C4.74609380000004&z=17",
                "text": "INGRID GOES WEST (2017) - Online [1080P-720P Mov'ie Download\/ HQ.DVDRip Link: <http:\/\/torrent-series24.com\/ingrid-goes-west-2017-torrent-720p-movie-yts-ag\/> Tags: INGRID GOES WEST (2017) putlocker INGRID GOES WEST (2017) full movie INGRID GOES WEST (2017) live stream INGRID GOES WEST (2017) YIFY watch Télécharger INGRID GOES WEST (2017) oglądaj INGRID GOES WEST (2017) INGRID GOES WEST (2017) download INGRID GOES WEST (2017) online online INGRID GOES WEST (2017) INGRID GOES WEST (2017) torrent INGRID GOES WEST (2017) stream downloaden, Télécharger, vf, it, pt-bt, strea-ming, moviemoviepicture exclusivelytotallycompletelyspeciallyabsolutely appropriated for itbecause of it along and isit's far now not forecastedenvisionedpredictedpredicted. Shows are ethniccountrywide objects evolved by means of specificuniquesuredistinctprecise ethnicitiesnationsnationalitiesinternational locations that are uniqueuniquesurewonderfulspecific. They replicatereflectreplicatereveal thosethose nationalitiesnationsThese culturesinternational locations are meditated through",
                "fallback": "INGRID GOES WEST (2017) - Online [1080P-720P Mov'ie Download\/ HQ.DVDRip",
                "image_url": "https:\/\/www.google.com\/maps\/d\/thumbnail?mid=1x9kBzaQNZmQ0bFCATblKtV0Z5P0&hl=en_US",
                "from_url": "https:\/\/www.google.com\/maps\/d\/viewer?mid=1x9kBzaQNZmQ0bFCATblKtV0Z5P0&hl=en_US&ll=50.28933929999998%2C4.74609380000004&z=17",
                "image_width": 242,
                "image_height": 250,
                "image_bytes": 15230,
                "service_icon": "http:\/\/www.gstatic.com\/mapspro\/images\/favicon-001.ico",
                "service_name": "google.com",
                "id": 1
            }
        ],
        "ts": "1502828647.000219"
    },
    {
        "type": "message",
        "user": "U57DAHPE1",
        "text": "Les sites de streaming créent de faux lieux sur Google maps pour balancer leurs liens.",
        "ts": "1502828683.000018"
    }
]