[
    {
        "type": "message",
        "user": "U5AHB5SQ3",
        "text": "Il n'y a pas eu une discussion déjà dans un autre channel sur cette pratique justement que c'est interdit ?\nIl doit y avoir un moyen de les faire enlever..",
        "edited": {
            "user": "U5AHB5SQ3",
            "ts": "1510820891.000000"
        },
        "thread_ts": "1510773047.000320",
        "parent_user_id": "U597UMT3L",
        "ts": "1510820822.000042"
    },
    {
        "type": "message",
        "user": "U542GFW85",
        "text": "Je pense que ce topic peut t'aider : <https:\/\/www.fr.advertisercommunity.com\/t5\/Divers\/nom-de-concurrent-en-mot-cle\/td-p\/26422#>",
        "edited": {
            "user": "U542GFW85",
            "ts": "1510822595.000000"
        },
        "thread_ts": "1510773047.000320",
        "parent_user_id": "U597UMT3L",
        "ts": "1510822564.000300"
    },
    {
        "type": "message",
        "user": "U54C5S7V2",
        "text": "tu peux déposer ton nom de marque auprès d'adwords, il ne pourra pas l'utiliser dans ses annonces.\nPar contre il pourra enchérir sur le mot-clef",
        "thread_ts": "1510773047.000320",
        "parent_user_id": "U597UMT3L",
        "ts": "1510836646.000199"
    }
]