[
    {
        "type": "message",
        "user": "U54328X5K",
        "text": "hello à tous ! j'ai eu une chute de trafic assez importante entre le mois dernier et ce mois-ci et je ne sais pas d'où cela peut provenir. si vous avez des conseils ou reco je suis hyper preneuse ! (pour info mon trafic est 100% naturel donc cela vient probablement du SEO que je ne maîtrise pas totalement ) ! merci à tous &amp; bonne journée ! ",
        "thread_ts": "1510648996.000131",
        "reply_count": 1,
        "replies": [
            {
                "user": "U60DUGA9X",
                "ts": "1510649665.000049"
            }
        ],
        "unread_count": 1,
        "ts": "1510648996.000131"
    },
    {
        "type": "message",
        "user": "U54328X5K",
        "text": "<https:\/\/byconcept.co>",
        "attachments": [
            {
                "service_name": "Byconcept",
                "title": "Comment ouvrir un coffee shop ?",
                "title_link": "https:\/\/byconcept.co",
                "text": "Besoin d'aide pour ouvrir un coffee shop ? Découvrez nos guides, ebook &amp; formations pour vous aider et vous orienter dans la création de votre projet !",
                "fallback": "Byconcept: Comment ouvrir un coffee shop ?",
                "image_url": "https:\/\/www.byconcept.co\/wp-content\/uploads\/2017\/07\/Byconcept-marche-des-glaces-en-france.jpg",
                "from_url": "https:\/\/byconcept.co",
                "image_width": 376,
                "image_height": 250,
                "image_bytes": 12220,
                "service_icon": "https:\/\/www.byconcept.co\/wp-content\/uploads\/2017\/08\/cropped-2017-08-18_130812-310x310.jpg",
                "id": 1
            }
        ],
        "ts": "1510649010.000358"
    },
    {
        "type": "message",
        "user": "U60DUGA9X",
        "text": "Est ce que tu sais d'ou vient ton trafic du mois précédent ? \nPar exemple si c'est d'un site qui a fait un article sur toi, il a forcément drainé du trafic, qui se tarie avec le temps.\n\nRegarde ton Google Analytics &gt; source du trafic",
        "thread_ts": "1510648996.000131",
        "parent_user_id": "U54328X5K",
        "ts": "1510649665.000049"
    },
    {
        "type": "message",
        "subtype": "file_share",
        "text": "<@U54NAL317> uploaded a file: <https:\/\/growthhackingfrance.slack.com\/files\/U54NAL317\/F7Z6YG7PA\/semrush_ranking_factors_study_2_0.pdf|SEMrush_Ranking_Factors_Study_2_0.pdf>",
        "file": {
            "id": "F7Z6YG7PA",
            "created": 1510652149,
            "timestamp": 1510652149,
            "name": "SEMrush_Ranking_Factors_Study_2_0.pdf",
            "title": "SEMrush_Ranking_Factors_Study_2_0.pdf",
            "mimetype": "application\/pdf",
            "filetype": "pdf",
            "pretty_type": "PDF",
            "user": "U54NAL317",
            "editable": false,
            "size": 1496795,
            "mode": "hosted",
            "is_external": false,
            "external_type": "",
            "is_public": true,
            "public_url_shared": false,
            "display_as_bot": false,
            "username": "",
            "url_private": "https:\/\/files.slack.com\/files-pri\/T53A65FDZ-F7Z6YG7PA\/semrush_ranking_factors_study_2_0.pdf?t=xoxe-173346185475-301971345667-302189523445-be5392310f98480a534c383e5d92ddc3",
            "url_private_download": "https:\/\/files.slack.com\/files-pri\/T53A65FDZ-F7Z6YG7PA\/download\/semrush_ranking_factors_study_2_0.pdf?t=xoxe-173346185475-301971345667-302189523445-be5392310f98480a534c383e5d92ddc3",
            "thumb_pdf": "https:\/\/files.slack.com\/files-tmb\/T53A65FDZ-F7Z6YG7PA-e5b123cd67\/semrush_ranking_factors_study_2_0_thumb_pdf.png?t=xoxe-173346185475-301971345667-302189523445-be5392310f98480a534c383e5d92ddc3",
            "thumb_pdf_w": 2933,
            "thumb_pdf_h": 1528,
            "permalink": "https:\/\/growthhackingfrance.slack.com\/files\/U54NAL317\/F7Z6YG7PA\/semrush_ranking_factors_study_2_0.pdf",
            "permalink_public": "https:\/\/slack-files.com\/T53A65FDZ-F7Z6YG7PA-fcf53c4ad0",
            "channels": [],
            "groups": [],
            "ims": [],
            "comments_count": 0,
            "reactions": [
                {
                    "name": "heart",
                    "users": [
                        "U54328X5K",
                        "U5519FU87",
                        "U57DAHPE1",
                        "U57DKJR5F",
                        "U5830GL6A"
                    ],
                    "count": 5
                }
            ]
        },
        "user": "U54NAL317",
        "upload": true,
        "display_as_bot": false,
        "username": "melanie_almeida",
        "bot_id": null,
        "ts": "1510652151.000037"
    },
    {
        "type": "message",
        "user": "U57DKJR5F",
        "text": "tl;dr : focus sur les backlinks",
        "ts": "1510652359.000310",
        "reactions": [
            {
                "name": "joy",
                "users": [
                    "U54NAL317",
                    "U57DAHPE1",
                    "U5830GL6A"
                ],
                "count": 3
            }
        ]
    },
    {
        "type": "message",
        "subtype": "file_share",
        "text": "<@U54C5S7V2> uploaded a file: <https:\/\/growthhackingfrance.slack.com\/files\/U54C5S7V2\/F7ZUJJMN0\/screen_shot_2017-11-14_at_11.41.56.png|Screen Shot 2017-11-14 at 11.41.56.png> and commented: pour ceux qui ont suivi depuis Juillet mes aventures, voici les résultats de ma niche SEO (temps effectif total de travail 100h max)\n\nEntre 400 et 500 sessions par jour, 80% en provenance du SEO, mes objectifs de fin d'année sont atteints. \n+ J'ai un sous domaine du site qui n'apparait pas dans ces stats qui génère entre 200 à 300 sessions par jour (en provenance du SEO aussi). \n\nMaintenant, mon enjeu est de trouver de nouveaux mots-clefs à fort potentiel. \nPour cela, j'aimerais analyser 2\/3 sites concurrents. J'ai bien sûr mes méthodes pour ça, mais j'aimerais connaître les vôtres pour voir si je passe pas à côté de quelque chose! \n\nAussi je vais déplacer le sous domaine et le mettre sur un nom de domaine dédié donc perdre le traffic SEO de ce dernier :disappointed: je vais envoyer de la redirection 301 pour avoir un minimum de perte de jus, mais ca va bien prendre 2\/3 mois à remonter. Vous avez des good practices là-dessus?\n\nMerci d'avance si vous prenez le temps de me répondre :slightly_smiling_face:",
        "file": {
            "id": "F7ZUJJMN0",
            "created": 1510656478,
            "timestamp": 1510656478,
            "name": "Screen Shot 2017-11-14 at 11.41.56.png",
            "title": "Screen Shot 2017-11-14 at 11.41.56.png",
            "mimetype": "image\/png",
            "filetype": "png",
            "pretty_type": "PNG",
            "user": "U54C5S7V2",
            "editable": false,
            "size": 288624,
            "mode": "hosted",
            "is_external": false,
            "external_type": "",
            "is_public": true,
            "public_url_shared": false,
            "display_as_bot": false,
            "username": "",
            "url_private": "https:\/\/files.slack.com\/files-pri\/T53A65FDZ-F7ZUJJMN0\/screen_shot_2017-11-14_at_11.41.56.png?t=xoxe-173346185475-301971345667-302189523445-be5392310f98480a534c383e5d92ddc3",
            "url_private_download": "https:\/\/files.slack.com\/files-pri\/T53A65FDZ-F7ZUJJMN0\/download\/screen_shot_2017-11-14_at_11.41.56.png?t=xoxe-173346185475-301971345667-302189523445-be5392310f98480a534c383e5d92ddc3",
            "thumb_64": "https:\/\/files.slack.com\/files-tmb\/T53A65FDZ-F7ZUJJMN0-fba156a4dd\/screen_shot_2017-11-14_at_11.41.56_64.png?t=xoxe-173346185475-301971345667-302189523445-be5392310f98480a534c383e5d92ddc3",
            "thumb_80": "https:\/\/files.slack.com\/files-tmb\/T53A65FDZ-F7ZUJJMN0-fba156a4dd\/screen_shot_2017-11-14_at_11.41.56_80.png?t=xoxe-173346185475-301971345667-302189523445-be5392310f98480a534c383e5d92ddc3",
            "thumb_360": "https:\/\/files.slack.com\/files-tmb\/T53A65FDZ-F7ZUJJMN0-fba156a4dd\/screen_shot_2017-11-14_at_11.41.56_360.png?t=xoxe-173346185475-301971345667-302189523445-be5392310f98480a534c383e5d92ddc3",
            "thumb_360_w": 360,
            "thumb_360_h": 208,
            "thumb_480": "https:\/\/files.slack.com\/files-tmb\/T53A65FDZ-F7ZUJJMN0-fba156a4dd\/screen_shot_2017-11-14_at_11.41.56_480.png?t=xoxe-173346185475-301971345667-302189523445-be5392310f98480a534c383e5d92ddc3",
            "thumb_480_w": 480,
            "thumb_480_h": 278,
            "thumb_160": "https:\/\/files.slack.com\/files-tmb\/T53A65FDZ-F7ZUJJMN0-fba156a4dd\/screen_shot_2017-11-14_at_11.41.56_160.png?t=xoxe-173346185475-301971345667-302189523445-be5392310f98480a534c383e5d92ddc3",
            "thumb_720": "https:\/\/files.slack.com\/files-tmb\/T53A65FDZ-F7ZUJJMN0-fba156a4dd\/screen_shot_2017-11-14_at_11.41.56_720.png?t=xoxe-173346185475-301971345667-302189523445-be5392310f98480a534c383e5d92ddc3",
            "thumb_720_w": 720,
            "thumb_720_h": 417,
            "thumb_800": "https:\/\/files.slack.com\/files-tmb\/T53A65FDZ-F7ZUJJMN0-fba156a4dd\/screen_shot_2017-11-14_at_11.41.56_800.png?t=xoxe-173346185475-301971345667-302189523445-be5392310f98480a534c383e5d92ddc3",
            "thumb_800_w": 800,
            "thumb_800_h": 463,
            "thumb_960": "https:\/\/files.slack.com\/files-tmb\/T53A65FDZ-F7ZUJJMN0-fba156a4dd\/screen_shot_2017-11-14_at_11.41.56_960.png?t=xoxe-173346185475-301971345667-302189523445-be5392310f98480a534c383e5d92ddc3",
            "thumb_960_w": 960,
            "thumb_960_h": 556,
            "thumb_1024": "https:\/\/files.slack.com\/files-tmb\/T53A65FDZ-F7ZUJJMN0-fba156a4dd\/screen_shot_2017-11-14_at_11.41.56_1024.png?t=xoxe-173346185475-301971345667-302189523445-be5392310f98480a534c383e5d92ddc3",
            "thumb_1024_w": 1024,
            "thumb_1024_h": 593,
            "image_exif_rotation": 1,
            "original_w": 1966,
            "original_h": 1138,
            "permalink": "https:\/\/growthhackingfrance.slack.com\/files\/U54C5S7V2\/F7ZUJJMN0\/screen_shot_2017-11-14_at_11.41.56.png",
            "permalink_public": "https:\/\/slack-files.com\/T53A65FDZ-F7ZUJJMN0-8b196cc0e4",
            "channels": [],
            "groups": [],
            "ims": [],
            "comments_count": 5,
            "initial_comment": {
                "id": "Fc7ZQY7X7V",
                "created": 1510656478,
                "timestamp": 1510656478,
                "user": "U54C5S7V2",
                "is_intro": true,
                "comment": "pour ceux qui ont suivi depuis Juillet mes aventures, voici les résultats de ma niche SEO (temps effectif total de travail 100h max)\n\nEntre 400 et 500 sessions par jour, 80% en provenance du SEO, mes objectifs de fin d'année sont atteints. \n+ J'ai un sous domaine du site qui n'apparait pas dans ces stats qui génère entre 200 à 300 sessions par jour (en provenance du SEO aussi). \n\nMaintenant, mon enjeu est de trouver de nouveaux mots-clefs à fort potentiel. \nPour cela, j'aimerais analyser 2\/3 sites concurrents. J'ai bien sûr mes méthodes pour ça, mais j'aimerais connaître les vôtres pour voir si je passe pas à côté de quelque chose! \n\nAussi je vais déplacer le sous domaine et le mettre sur un nom de domaine dédié donc perdre le traffic SEO de ce dernier :disappointed: je vais envoyer de la redirection 301 pour avoir un minimum de perte de jus, mais ca va bien prendre 2\/3 mois à remonter. Vous avez des good practices là-dessus?\n\nMerci d'avance si vous prenez le temps de me répondre :slightly_smiling_face:"
            },
            "reactions": [
                {
                    "name": "rocket",
                    "users": [
                        "U546L44SJ",
                        "U5830GL6A"
                    ],
                    "count": 2
                },
                {
                    "name": "ok_hand",
                    "users": [
                        "U54KSDKCY",
                        "U5830GL6A",
                        "U5AV671TK"
                    ],
                    "count": 3
                }
            ]
        },
        "user": "U54C5S7V2",
        "upload": true,
        "display_as_bot": false,
        "username": "julian",
        "bot_id": null,
        "ts": "1510656482.000014"
    },
    {
        "type": "message",
        "user": "U546L44SJ",
        "text": "<@U54C5S7V2> courage moi aussi je vais passer à la moulinette à partir de décembre. 301... et avoir une architecture de mon site au top avec un code au top et un UX top pour limiter le bounce.",
        "ts": "1510656980.000252"
    },
    {
        "type": "message",
        "user": "U54C5S7V2",
        "text": "le bounce ca pique pas mal, pour le coup j'ai un bon temps moyen par page, mais j'arrive pas à réduire le bounce rate... J'ai fait quelques tests mais pas grand chose j'ai pas mal d'optimisations à faire encore. J'suis quand même passé de 70% à 60% par rapport au début (principalement parce que ma home ranke sur un mot-clef majeur, et la home bounce beaucoup moins)",
        "thread_ts": "1510657071.000097",
        "reply_count": 6,
        "replies": [
            {
                "user": "U54NAL317",
                "ts": "1510658983.000069"
            },
            {
                "user": "U54C5S7V2",
                "ts": "1510660449.000291"
            },
            {
                "user": "U54NAL317",
                "ts": "1510661338.000231"
            },
            {
                "user": "U54C5S7V2",
                "ts": "1510662204.000019"
            },
            {
                "user": "U54C5S7V2",
                "ts": "1510662211.000118"
            },
            {
                "user": "U54NAL317",
                "ts": "1510662312.000206"
            }
        ],
        "unread_count": 6,
        "ts": "1510657071.000097"
    },
    {
        "type": "message",
        "user": "U546L44SJ",
        "text": "FORCE ET HONNEUR",
        "ts": "1510657100.000345",
        "reactions": [
            {
                "name": "pray",
                "users": [
                    "U54C5S7V2",
                    "U54PQ74HF"
                ],
                "count": 2
            }
        ]
    },
    {
        "type": "message",
        "user": "U54NAL317",
        "text": "A\/B testing pour tester le contenu avec le moins de bounce ?",
        "thread_ts": "1510657071.000097",
        "parent_user_id": "U54C5S7V2",
        "ts": "1510658983.000069"
    },
    {
        "type": "message",
        "subtype": "file_comment",
        "text": "<@U54NAL317> commented on <@U54C5S7V2>’s file <https:\/\/growthhackingfrance.slack.com\/files\/U54C5S7V2\/F7ZUJJMN0\/screen_shot_2017-11-14_at_11.41.56.png|Screen Shot 2017-11-14 at 11.41.56.png>: Pour arriver à ce résultat, tu as misé sur quoi ?\nEn gros comment as-tu divisé tes 100h ?",
        "file": {
            "id": "F7ZUJJMN0",
            "created": 1510656478,
            "timestamp": 1510656478,
            "name": "Screen Shot 2017-11-14 at 11.41.56.png",
            "title": "Screen Shot 2017-11-14 at 11.41.56.png",
            "mimetype": "image\/png",
            "filetype": "png",
            "pretty_type": "PNG",
            "user": "U54C5S7V2",
            "editable": false,
            "size": 288624,
            "mode": "hosted",
            "is_external": false,
            "external_type": "",
            "is_public": true,
            "public_url_shared": false,
            "display_as_bot": false,
            "username": "",
            "url_private": "https:\/\/files.slack.com\/files-pri\/T53A65FDZ-F7ZUJJMN0\/screen_shot_2017-11-14_at_11.41.56.png?t=xoxe-173346185475-301971345667-302189523445-be5392310f98480a534c383e5d92ddc3",
            "url_private_download": "https:\/\/files.slack.com\/files-pri\/T53A65FDZ-F7ZUJJMN0\/download\/screen_shot_2017-11-14_at_11.41.56.png?t=xoxe-173346185475-301971345667-302189523445-be5392310f98480a534c383e5d92ddc3",
            "thumb_64": "https:\/\/files.slack.com\/files-tmb\/T53A65FDZ-F7ZUJJMN0-fba156a4dd\/screen_shot_2017-11-14_at_11.41.56_64.png?t=xoxe-173346185475-301971345667-302189523445-be5392310f98480a534c383e5d92ddc3",
            "thumb_80": "https:\/\/files.slack.com\/files-tmb\/T53A65FDZ-F7ZUJJMN0-fba156a4dd\/screen_shot_2017-11-14_at_11.41.56_80.png?t=xoxe-173346185475-301971345667-302189523445-be5392310f98480a534c383e5d92ddc3",
            "thumb_360": "https:\/\/files.slack.com\/files-tmb\/T53A65FDZ-F7ZUJJMN0-fba156a4dd\/screen_shot_2017-11-14_at_11.41.56_360.png?t=xoxe-173346185475-301971345667-302189523445-be5392310f98480a534c383e5d92ddc3",
            "thumb_360_w": 360,
            "thumb_360_h": 208,
            "thumb_480": "https:\/\/files.slack.com\/files-tmb\/T53A65FDZ-F7ZUJJMN0-fba156a4dd\/screen_shot_2017-11-14_at_11.41.56_480.png?t=xoxe-173346185475-301971345667-302189523445-be5392310f98480a534c383e5d92ddc3",
            "thumb_480_w": 480,
            "thumb_480_h": 278,
            "thumb_160": "https:\/\/files.slack.com\/files-tmb\/T53A65FDZ-F7ZUJJMN0-fba156a4dd\/screen_shot_2017-11-14_at_11.41.56_160.png?t=xoxe-173346185475-301971345667-302189523445-be5392310f98480a534c383e5d92ddc3",
            "thumb_720": "https:\/\/files.slack.com\/files-tmb\/T53A65FDZ-F7ZUJJMN0-fba156a4dd\/screen_shot_2017-11-14_at_11.41.56_720.png?t=xoxe-173346185475-301971345667-302189523445-be5392310f98480a534c383e5d92ddc3",
            "thumb_720_w": 720,
            "thumb_720_h": 417,
            "thumb_800": "https:\/\/files.slack.com\/files-tmb\/T53A65FDZ-F7ZUJJMN0-fba156a4dd\/screen_shot_2017-11-14_at_11.41.56_800.png?t=xoxe-173346185475-301971345667-302189523445-be5392310f98480a534c383e5d92ddc3",
            "thumb_800_w": 800,
            "thumb_800_h": 463,
            "thumb_960": "https:\/\/files.slack.com\/files-tmb\/T53A65FDZ-F7ZUJJMN0-fba156a4dd\/screen_shot_2017-11-14_at_11.41.56_960.png?t=xoxe-173346185475-301971345667-302189523445-be5392310f98480a534c383e5d92ddc3",
            "thumb_960_w": 960,
            "thumb_960_h": 556,
            "thumb_1024": "https:\/\/files.slack.com\/files-tmb\/T53A65FDZ-F7ZUJJMN0-fba156a4dd\/screen_shot_2017-11-14_at_11.41.56_1024.png?t=xoxe-173346185475-301971345667-302189523445-be5392310f98480a534c383e5d92ddc3",
            "thumb_1024_w": 1024,
            "thumb_1024_h": 593,
            "image_exif_rotation": 1,
            "original_w": 1966,
            "original_h": 1138,
            "permalink": "https:\/\/growthhackingfrance.slack.com\/files\/U54C5S7V2\/F7ZUJJMN0\/screen_shot_2017-11-14_at_11.41.56.png",
            "permalink_public": "https:\/\/slack-files.com\/T53A65FDZ-F7ZUJJMN0-8b196cc0e4",
            "channels": [],
            "groups": [],
            "ims": [],
            "comments_count": 5,
            "initial_comment": {
                "id": "Fc7ZQY7X7V",
                "created": 1510656478,
                "timestamp": 1510656478,
                "user": "U54C5S7V2",
                "is_intro": true,
                "comment": "pour ceux qui ont suivi depuis Juillet mes aventures, voici les résultats de ma niche SEO (temps effectif total de travail 100h max)\n\nEntre 400 et 500 sessions par jour, 80% en provenance du SEO, mes objectifs de fin d'année sont atteints. \n+ J'ai un sous domaine du site qui n'apparait pas dans ces stats qui génère entre 200 à 300 sessions par jour (en provenance du SEO aussi). \n\nMaintenant, mon enjeu est de trouver de nouveaux mots-clefs à fort potentiel. \nPour cela, j'aimerais analyser 2\/3 sites concurrents. J'ai bien sûr mes méthodes pour ça, mais j'aimerais connaître les vôtres pour voir si je passe pas à côté de quelque chose! \n\nAussi je vais déplacer le sous domaine et le mettre sur un nom de domaine dédié donc perdre le traffic SEO de ce dernier :disappointed: je vais envoyer de la redirection 301 pour avoir un minimum de perte de jus, mais ca va bien prendre 2\/3 mois à remonter. Vous avez des good practices là-dessus?\n\nMerci d'avance si vous prenez le temps de me répondre :slightly_smiling_face:"
            },
            "reactions": [
                {
                    "name": "rocket",
                    "users": [
                        "U546L44SJ",
                        "U5830GL6A"
                    ],
                    "count": 2
                },
                {
                    "name": "ok_hand",
                    "users": [
                        "U54KSDKCY",
                        "U5830GL6A",
                        "U5AV671TK"
                    ],
                    "count": 3
                }
            ]
        },
        "comment": {
            "id": "Fc802FJ4NR",
            "created": 1510659018,
            "timestamp": 1510659018,
            "user": "U54NAL317",
            "is_intro": false,
            "comment": "Pour arriver à ce résultat, tu as misé sur quoi ?\nEn gros comment as-tu divisé tes 100h ?"
        },
        "is_intro": false,
        "ts": "1510659017.000438"
    },
    {
        "type": "message",
        "subtype": "file_comment",
        "text": "<@U54C5S7V2> commented on <@U54C5S7V2>’s file <https:\/\/growthhackingfrance.slack.com\/files\/U54C5S7V2\/F7ZUJJMN0\/screen_shot_2017-11-14_at_11.41.56.png|Screen Shot 2017-11-14 at 11.41.56.png>: site wordpress + yoast seo donc travail SEO pur ultra-simplifié. \nContenu (tout rédigé moi même = 40% du temps) + netlinking ultra quali (40%) = nouer des relations avec les gens du domaine, ca prend un temps fou + 20% de structure et d'optimisation en gros (avec une partie emailing) \nC'est à la louche :slightly_smiling_face:",
        "file": {
            "id": "F7ZUJJMN0",
            "created": 1510656478,
            "timestamp": 1510656478,
            "name": "Screen Shot 2017-11-14 at 11.41.56.png",
            "title": "Screen Shot 2017-11-14 at 11.41.56.png",
            "mimetype": "image\/png",
            "filetype": "png",
            "pretty_type": "PNG",
            "user": "U54C5S7V2",
            "editable": false,
            "size": 288624,
            "mode": "hosted",
            "is_external": false,
            "external_type": "",
            "is_public": true,
            "public_url_shared": false,
            "display_as_bot": false,
            "username": "",
            "url_private": "https:\/\/files.slack.com\/files-pri\/T53A65FDZ-F7ZUJJMN0\/screen_shot_2017-11-14_at_11.41.56.png?t=xoxe-173346185475-301971345667-302189523445-be5392310f98480a534c383e5d92ddc3",
            "url_private_download": "https:\/\/files.slack.com\/files-pri\/T53A65FDZ-F7ZUJJMN0\/download\/screen_shot_2017-11-14_at_11.41.56.png?t=xoxe-173346185475-301971345667-302189523445-be5392310f98480a534c383e5d92ddc3",
            "thumb_64": "https:\/\/files.slack.com\/files-tmb\/T53A65FDZ-F7ZUJJMN0-fba156a4dd\/screen_shot_2017-11-14_at_11.41.56_64.png?t=xoxe-173346185475-301971345667-302189523445-be5392310f98480a534c383e5d92ddc3",
            "thumb_80": "https:\/\/files.slack.com\/files-tmb\/T53A65FDZ-F7ZUJJMN0-fba156a4dd\/screen_shot_2017-11-14_at_11.41.56_80.png?t=xoxe-173346185475-301971345667-302189523445-be5392310f98480a534c383e5d92ddc3",
            "thumb_360": "https:\/\/files.slack.com\/files-tmb\/T53A65FDZ-F7ZUJJMN0-fba156a4dd\/screen_shot_2017-11-14_at_11.41.56_360.png?t=xoxe-173346185475-301971345667-302189523445-be5392310f98480a534c383e5d92ddc3",
            "thumb_360_w": 360,
            "thumb_360_h": 208,
            "thumb_480": "https:\/\/files.slack.com\/files-tmb\/T53A65FDZ-F7ZUJJMN0-fba156a4dd\/screen_shot_2017-11-14_at_11.41.56_480.png?t=xoxe-173346185475-301971345667-302189523445-be5392310f98480a534c383e5d92ddc3",
            "thumb_480_w": 480,
            "thumb_480_h": 278,
            "thumb_160": "https:\/\/files.slack.com\/files-tmb\/T53A65FDZ-F7ZUJJMN0-fba156a4dd\/screen_shot_2017-11-14_at_11.41.56_160.png?t=xoxe-173346185475-301971345667-302189523445-be5392310f98480a534c383e5d92ddc3",
            "thumb_720": "https:\/\/files.slack.com\/files-tmb\/T53A65FDZ-F7ZUJJMN0-fba156a4dd\/screen_shot_2017-11-14_at_11.41.56_720.png?t=xoxe-173346185475-301971345667-302189523445-be5392310f98480a534c383e5d92ddc3",
            "thumb_720_w": 720,
            "thumb_720_h": 417,
            "thumb_800": "https:\/\/files.slack.com\/files-tmb\/T53A65FDZ-F7ZUJJMN0-fba156a4dd\/screen_shot_2017-11-14_at_11.41.56_800.png?t=xoxe-173346185475-301971345667-302189523445-be5392310f98480a534c383e5d92ddc3",
            "thumb_800_w": 800,
            "thumb_800_h": 463,
            "thumb_960": "https:\/\/files.slack.com\/files-tmb\/T53A65FDZ-F7ZUJJMN0-fba156a4dd\/screen_shot_2017-11-14_at_11.41.56_960.png?t=xoxe-173346185475-301971345667-302189523445-be5392310f98480a534c383e5d92ddc3",
            "thumb_960_w": 960,
            "thumb_960_h": 556,
            "thumb_1024": "https:\/\/files.slack.com\/files-tmb\/T53A65FDZ-F7ZUJJMN0-fba156a4dd\/screen_shot_2017-11-14_at_11.41.56_1024.png?t=xoxe-173346185475-301971345667-302189523445-be5392310f98480a534c383e5d92ddc3",
            "thumb_1024_w": 1024,
            "thumb_1024_h": 593,
            "image_exif_rotation": 1,
            "original_w": 1966,
            "original_h": 1138,
            "permalink": "https:\/\/growthhackingfrance.slack.com\/files\/U54C5S7V2\/F7ZUJJMN0\/screen_shot_2017-11-14_at_11.41.56.png",
            "permalink_public": "https:\/\/slack-files.com\/T53A65FDZ-F7ZUJJMN0-8b196cc0e4",
            "channels": [],
            "groups": [],
            "ims": [],
            "comments_count": 5,
            "initial_comment": {
                "id": "Fc7ZQY7X7V",
                "created": 1510656478,
                "timestamp": 1510656478,
                "user": "U54C5S7V2",
                "is_intro": true,
                "comment": "pour ceux qui ont suivi depuis Juillet mes aventures, voici les résultats de ma niche SEO (temps effectif total de travail 100h max)\n\nEntre 400 et 500 sessions par jour, 80% en provenance du SEO, mes objectifs de fin d'année sont atteints. \n+ J'ai un sous domaine du site qui n'apparait pas dans ces stats qui génère entre 200 à 300 sessions par jour (en provenance du SEO aussi). \n\nMaintenant, mon enjeu est de trouver de nouveaux mots-clefs à fort potentiel. \nPour cela, j'aimerais analyser 2\/3 sites concurrents. J'ai bien sûr mes méthodes pour ça, mais j'aimerais connaître les vôtres pour voir si je passe pas à côté de quelque chose! \n\nAussi je vais déplacer le sous domaine et le mettre sur un nom de domaine dédié donc perdre le traffic SEO de ce dernier :disappointed: je vais envoyer de la redirection 301 pour avoir un minimum de perte de jus, mais ca va bien prendre 2\/3 mois à remonter. Vous avez des good practices là-dessus?\n\nMerci d'avance si vous prenez le temps de me répondre :slightly_smiling_face:"
            },
            "reactions": [
                {
                    "name": "rocket",
                    "users": [
                        "U546L44SJ",
                        "U5830GL6A"
                    ],
                    "count": 2
                },
                {
                    "name": "ok_hand",
                    "users": [
                        "U54KSDKCY",
                        "U5830GL6A",
                        "U5AV671TK"
                    ],
                    "count": 3
                }
            ]
        },
        "comment": {
            "id": "Fc7ZRR72P5",
            "created": 1510660396,
            "timestamp": 1510660396,
            "user": "U54C5S7V2",
            "is_intro": false,
            "comment": "site wordpress + yoast seo donc travail SEO pur ultra-simplifié. \nContenu (tout rédigé moi même = 40% du temps) + netlinking ultra quali (40%) = nouer des relations avec les gens du domaine, ca prend un temps fou + 20% de structure et d'optimisation en gros (avec une partie emailing) \nC'est à la louche :slightly_smiling_face:",
            "reactions": [
                {
                    "name": "ok_hand",
                    "users": [
                        "U541S59L4"
                    ],
                    "count": 1
                }
            ]
        },
        "is_intro": false,
        "ts": "1510660396.000277"
    },
    {
        "type": "message",
        "user": "U54C5S7V2",
        "text": "jamais fait d'ab testing sur wordpress, faudrait que je me renseigner dessus :slightly_smiling_face:",
        "thread_ts": "1510657071.000097",
        "parent_user_id": "U54C5S7V2",
        "ts": "1510660449.000291"
    },
    {
        "type": "message",
        "subtype": "file_comment",
        "text": "<@U57HABR37> commented on <@U54C5S7V2>’s file <https:\/\/growthhackingfrance.slack.com\/files\/U54C5S7V2\/F7ZUJJMN0\/screen_shot_2017-11-14_at_11.41.56.png|Screen Shot 2017-11-14 at 11.41.56.png>: Merci pour ton retour Julian, quelle est ta stratégie de netlinking ? Est-ce que tu prends le temps de nouer une relation avec chaque blogueur\/site avec qui tu souhaites avoir des liens ?",
        "file": {
            "id": "F7ZUJJMN0",
            "created": 1510656478,
            "timestamp": 1510656478,
            "name": "Screen Shot 2017-11-14 at 11.41.56.png",
            "title": "Screen Shot 2017-11-14 at 11.41.56.png",
            "mimetype": "image\/png",
            "filetype": "png",
            "pretty_type": "PNG",
            "user": "U54C5S7V2",
            "editable": false,
            "size": 288624,
            "mode": "hosted",
            "is_external": false,
            "external_type": "",
            "is_public": true,
            "public_url_shared": false,
            "display_as_bot": false,
            "username": "",
            "url_private": "https:\/\/files.slack.com\/files-pri\/T53A65FDZ-F7ZUJJMN0\/screen_shot_2017-11-14_at_11.41.56.png?t=xoxe-173346185475-301971345667-302189523445-be5392310f98480a534c383e5d92ddc3",
            "url_private_download": "https:\/\/files.slack.com\/files-pri\/T53A65FDZ-F7ZUJJMN0\/download\/screen_shot_2017-11-14_at_11.41.56.png?t=xoxe-173346185475-301971345667-302189523445-be5392310f98480a534c383e5d92ddc3",
            "thumb_64": "https:\/\/files.slack.com\/files-tmb\/T53A65FDZ-F7ZUJJMN0-fba156a4dd\/screen_shot_2017-11-14_at_11.41.56_64.png?t=xoxe-173346185475-301971345667-302189523445-be5392310f98480a534c383e5d92ddc3",
            "thumb_80": "https:\/\/files.slack.com\/files-tmb\/T53A65FDZ-F7ZUJJMN0-fba156a4dd\/screen_shot_2017-11-14_at_11.41.56_80.png?t=xoxe-173346185475-301971345667-302189523445-be5392310f98480a534c383e5d92ddc3",
            "thumb_360": "https:\/\/files.slack.com\/files-tmb\/T53A65FDZ-F7ZUJJMN0-fba156a4dd\/screen_shot_2017-11-14_at_11.41.56_360.png?t=xoxe-173346185475-301971345667-302189523445-be5392310f98480a534c383e5d92ddc3",
            "thumb_360_w": 360,
            "thumb_360_h": 208,
            "thumb_480": "https:\/\/files.slack.com\/files-tmb\/T53A65FDZ-F7ZUJJMN0-fba156a4dd\/screen_shot_2017-11-14_at_11.41.56_480.png?t=xoxe-173346185475-301971345667-302189523445-be5392310f98480a534c383e5d92ddc3",
            "thumb_480_w": 480,
            "thumb_480_h": 278,
            "thumb_160": "https:\/\/files.slack.com\/files-tmb\/T53A65FDZ-F7ZUJJMN0-fba156a4dd\/screen_shot_2017-11-14_at_11.41.56_160.png?t=xoxe-173346185475-301971345667-302189523445-be5392310f98480a534c383e5d92ddc3",
            "thumb_720": "https:\/\/files.slack.com\/files-tmb\/T53A65FDZ-F7ZUJJMN0-fba156a4dd\/screen_shot_2017-11-14_at_11.41.56_720.png?t=xoxe-173346185475-301971345667-302189523445-be5392310f98480a534c383e5d92ddc3",
            "thumb_720_w": 720,
            "thumb_720_h": 417,
            "thumb_800": "https:\/\/files.slack.com\/files-tmb\/T53A65FDZ-F7ZUJJMN0-fba156a4dd\/screen_shot_2017-11-14_at_11.41.56_800.png?t=xoxe-173346185475-301971345667-302189523445-be5392310f98480a534c383e5d92ddc3",
            "thumb_800_w": 800,
            "thumb_800_h": 463,
            "thumb_960": "https:\/\/files.slack.com\/files-tmb\/T53A65FDZ-F7ZUJJMN0-fba156a4dd\/screen_shot_2017-11-14_at_11.41.56_960.png?t=xoxe-173346185475-301971345667-302189523445-be5392310f98480a534c383e5d92ddc3",
            "thumb_960_w": 960,
            "thumb_960_h": 556,
            "thumb_1024": "https:\/\/files.slack.com\/files-tmb\/T53A65FDZ-F7ZUJJMN0-fba156a4dd\/screen_shot_2017-11-14_at_11.41.56_1024.png?t=xoxe-173346185475-301971345667-302189523445-be5392310f98480a534c383e5d92ddc3",
            "thumb_1024_w": 1024,
            "thumb_1024_h": 593,
            "image_exif_rotation": 1,
            "original_w": 1966,
            "original_h": 1138,
            "permalink": "https:\/\/growthhackingfrance.slack.com\/files\/U54C5S7V2\/F7ZUJJMN0\/screen_shot_2017-11-14_at_11.41.56.png",
            "permalink_public": "https:\/\/slack-files.com\/T53A65FDZ-F7ZUJJMN0-8b196cc0e4",
            "channels": [],
            "groups": [],
            "ims": [],
            "comments_count": 5,
            "initial_comment": {
                "id": "Fc7ZQY7X7V",
                "created": 1510656478,
                "timestamp": 1510656478,
                "user": "U54C5S7V2",
                "is_intro": true,
                "comment": "pour ceux qui ont suivi depuis Juillet mes aventures, voici les résultats de ma niche SEO (temps effectif total de travail 100h max)\n\nEntre 400 et 500 sessions par jour, 80% en provenance du SEO, mes objectifs de fin d'année sont atteints. \n+ J'ai un sous domaine du site qui n'apparait pas dans ces stats qui génère entre 200 à 300 sessions par jour (en provenance du SEO aussi). \n\nMaintenant, mon enjeu est de trouver de nouveaux mots-clefs à fort potentiel. \nPour cela, j'aimerais analyser 2\/3 sites concurrents. J'ai bien sûr mes méthodes pour ça, mais j'aimerais connaître les vôtres pour voir si je passe pas à côté de quelque chose! \n\nAussi je vais déplacer le sous domaine et le mettre sur un nom de domaine dédié donc perdre le traffic SEO de ce dernier :disappointed: je vais envoyer de la redirection 301 pour avoir un minimum de perte de jus, mais ca va bien prendre 2\/3 mois à remonter. Vous avez des good practices là-dessus?\n\nMerci d'avance si vous prenez le temps de me répondre :slightly_smiling_face:"
            },
            "reactions": [
                {
                    "name": "rocket",
                    "users": [
                        "U546L44SJ",
                        "U5830GL6A"
                    ],
                    "count": 2
                },
                {
                    "name": "ok_hand",
                    "users": [
                        "U54KSDKCY",
                        "U5830GL6A",
                        "U5AV671TK"
                    ],
                    "count": 3
                }
            ]
        },
        "comment": {
            "id": "Fc7Z8SEMME",
            "created": 1510660790,
            "timestamp": 1510660790,
            "user": "U57HABR37",
            "is_intro": false,
            "comment": "Merci pour ton retour Julian, quelle est ta stratégie de netlinking ? Est-ce que tu prends le temps de nouer une relation avec chaque blogueur\/site avec qui tu souhaites avoir des liens ?"
        },
        "is_intro": false,
        "ts": "1510660790.000091"
    },
    {
        "type": "message",
        "subtype": "file_comment",
        "text": "<@U54C5S7V2> commented on <@U54C5S7V2>’s file <https:\/\/growthhackingfrance.slack.com\/files\/U54C5S7V2\/F7ZUJJMN0\/screen_shot_2017-11-14_at_11.41.56.png|Screen Shot 2017-11-14 at 11.41.56.png>: articles invités dans blogs du secteur 30% \nPBN 30% \nannuaires quali &amp; autres lien 30% \nune 30aine de lien comme ca. \nmaintenant je laisse faire le linkbait qui donne pas grand chose, dans ma roadmap je dois pusher certaines pages mais j'attends des bons spots (comme je cherche des spots gratuits, j'attends les opportunités sur divers forums SEO, faut être patient)",
        "file": {
            "id": "F7ZUJJMN0",
            "created": 1510656478,
            "timestamp": 1510656478,
            "name": "Screen Shot 2017-11-14 at 11.41.56.png",
            "title": "Screen Shot 2017-11-14 at 11.41.56.png",
            "mimetype": "image\/png",
            "filetype": "png",
            "pretty_type": "PNG",
            "user": "U54C5S7V2",
            "editable": false,
            "size": 288624,
            "mode": "hosted",
            "is_external": false,
            "external_type": "",
            "is_public": true,
            "public_url_shared": false,
            "display_as_bot": false,
            "username": "",
            "url_private": "https:\/\/files.slack.com\/files-pri\/T53A65FDZ-F7ZUJJMN0\/screen_shot_2017-11-14_at_11.41.56.png?t=xoxe-173346185475-301971345667-302189523445-be5392310f98480a534c383e5d92ddc3",
            "url_private_download": "https:\/\/files.slack.com\/files-pri\/T53A65FDZ-F7ZUJJMN0\/download\/screen_shot_2017-11-14_at_11.41.56.png?t=xoxe-173346185475-301971345667-302189523445-be5392310f98480a534c383e5d92ddc3",
            "thumb_64": "https:\/\/files.slack.com\/files-tmb\/T53A65FDZ-F7ZUJJMN0-fba156a4dd\/screen_shot_2017-11-14_at_11.41.56_64.png?t=xoxe-173346185475-301971345667-302189523445-be5392310f98480a534c383e5d92ddc3",
            "thumb_80": "https:\/\/files.slack.com\/files-tmb\/T53A65FDZ-F7ZUJJMN0-fba156a4dd\/screen_shot_2017-11-14_at_11.41.56_80.png?t=xoxe-173346185475-301971345667-302189523445-be5392310f98480a534c383e5d92ddc3",
            "thumb_360": "https:\/\/files.slack.com\/files-tmb\/T53A65FDZ-F7ZUJJMN0-fba156a4dd\/screen_shot_2017-11-14_at_11.41.56_360.png?t=xoxe-173346185475-301971345667-302189523445-be5392310f98480a534c383e5d92ddc3",
            "thumb_360_w": 360,
            "thumb_360_h": 208,
            "thumb_480": "https:\/\/files.slack.com\/files-tmb\/T53A65FDZ-F7ZUJJMN0-fba156a4dd\/screen_shot_2017-11-14_at_11.41.56_480.png?t=xoxe-173346185475-301971345667-302189523445-be5392310f98480a534c383e5d92ddc3",
            "thumb_480_w": 480,
            "thumb_480_h": 278,
            "thumb_160": "https:\/\/files.slack.com\/files-tmb\/T53A65FDZ-F7ZUJJMN0-fba156a4dd\/screen_shot_2017-11-14_at_11.41.56_160.png?t=xoxe-173346185475-301971345667-302189523445-be5392310f98480a534c383e5d92ddc3",
            "thumb_720": "https:\/\/files.slack.com\/files-tmb\/T53A65FDZ-F7ZUJJMN0-fba156a4dd\/screen_shot_2017-11-14_at_11.41.56_720.png?t=xoxe-173346185475-301971345667-302189523445-be5392310f98480a534c383e5d92ddc3",
            "thumb_720_w": 720,
            "thumb_720_h": 417,
            "thumb_800": "https:\/\/files.slack.com\/files-tmb\/T53A65FDZ-F7ZUJJMN0-fba156a4dd\/screen_shot_2017-11-14_at_11.41.56_800.png?t=xoxe-173346185475-301971345667-302189523445-be5392310f98480a534c383e5d92ddc3",
            "thumb_800_w": 800,
            "thumb_800_h": 463,
            "thumb_960": "https:\/\/files.slack.com\/files-tmb\/T53A65FDZ-F7ZUJJMN0-fba156a4dd\/screen_shot_2017-11-14_at_11.41.56_960.png?t=xoxe-173346185475-301971345667-302189523445-be5392310f98480a534c383e5d92ddc3",
            "thumb_960_w": 960,
            "thumb_960_h": 556,
            "thumb_1024": "https:\/\/files.slack.com\/files-tmb\/T53A65FDZ-F7ZUJJMN0-fba156a4dd\/screen_shot_2017-11-14_at_11.41.56_1024.png?t=xoxe-173346185475-301971345667-302189523445-be5392310f98480a534c383e5d92ddc3",
            "thumb_1024_w": 1024,
            "thumb_1024_h": 593,
            "image_exif_rotation": 1,
            "original_w": 1966,
            "original_h": 1138,
            "permalink": "https:\/\/growthhackingfrance.slack.com\/files\/U54C5S7V2\/F7ZUJJMN0\/screen_shot_2017-11-14_at_11.41.56.png",
            "permalink_public": "https:\/\/slack-files.com\/T53A65FDZ-F7ZUJJMN0-8b196cc0e4",
            "channels": [],
            "groups": [],
            "ims": [],
            "comments_count": 5,
            "initial_comment": {
                "id": "Fc7ZQY7X7V",
                "created": 1510656478,
                "timestamp": 1510656478,
                "user": "U54C5S7V2",
                "is_intro": true,
                "comment": "pour ceux qui ont suivi depuis Juillet mes aventures, voici les résultats de ma niche SEO (temps effectif total de travail 100h max)\n\nEntre 400 et 500 sessions par jour, 80% en provenance du SEO, mes objectifs de fin d'année sont atteints. \n+ J'ai un sous domaine du site qui n'apparait pas dans ces stats qui génère entre 200 à 300 sessions par jour (en provenance du SEO aussi). \n\nMaintenant, mon enjeu est de trouver de nouveaux mots-clefs à fort potentiel. \nPour cela, j'aimerais analyser 2\/3 sites concurrents. J'ai bien sûr mes méthodes pour ça, mais j'aimerais connaître les vôtres pour voir si je passe pas à côté de quelque chose! \n\nAussi je vais déplacer le sous domaine et le mettre sur un nom de domaine dédié donc perdre le traffic SEO de ce dernier :disappointed: je vais envoyer de la redirection 301 pour avoir un minimum de perte de jus, mais ca va bien prendre 2\/3 mois à remonter. Vous avez des good practices là-dessus?\n\nMerci d'avance si vous prenez le temps de me répondre :slightly_smiling_face:"
            },
            "reactions": [
                {
                    "name": "rocket",
                    "users": [
                        "U546L44SJ",
                        "U5830GL6A"
                    ],
                    "count": 2
                },
                {
                    "name": "ok_hand",
                    "users": [
                        "U54KSDKCY",
                        "U5830GL6A",
                        "U5AV671TK"
                    ],
                    "count": 3
                }
            ]
        },
        "comment": {
            "id": "Fc8001MSTE",
            "created": 1510660970,
            "timestamp": 1510660970,
            "user": "U54C5S7V2",
            "is_intro": false,
            "comment": "articles invités dans blogs du secteur 30% \nPBN 30% \nannuaires quali &amp; autres lien 30% \nune 30aine de lien comme ca. \nmaintenant je laisse faire le linkbait qui donne pas grand chose, dans ma roadmap je dois pusher certaines pages mais j'attends des bons spots (comme je cherche des spots gratuits, j'attends les opportunités sur divers forums SEO, faut être patient)",
            "reactions": [
                {
                    "name": "ok_hand",
                    "users": [
                        "U541S59L4"
                    ],
                    "count": 1
                }
            ]
        },
        "is_intro": false,
        "ts": "1510660969.000313"
    },
    {
        "type": "message",
        "user": "U54NAL317",
        "text": "du coup quels ont été les tests que tu as essayé pour réduire le bounce ?",
        "thread_ts": "1510657071.000097",
        "parent_user_id": "U54C5S7V2",
        "ts": "1510661338.000231"
    },
    {
        "type": "message",
        "user": "U54C5S7V2",
        "text": "de l'ptimisation basée sur mes croyances personnelles :sweat_smile: Meilleure mise en page &amp; CTA sur les articles qui bounce beaucoup et des messages\/visuels différents sur sidebar",
        "thread_ts": "1510657071.000097",
        "parent_user_id": "U54C5S7V2",
        "ts": "1510662204.000019"
    },
    {
        "type": "message",
        "user": "U54C5S7V2",
        "text": "pas un gros impact so far comme je disais",
        "thread_ts": "1510657071.000097",
        "parent_user_id": "U54C5S7V2",
        "ts": "1510662211.000118"
    },
    {
        "type": "message",
        "user": "U54NAL317",
        "text": "ok :slightly_smiling_face:",
        "thread_ts": "1510657071.000097",
        "parent_user_id": "U54C5S7V2",
        "ts": "1510662312.000206"
    }
]