[
    {
        "user": "U61LBKVEF",
        "text": "<@U61LBKVEF> has joined the channel",
        "type": "message",
        "subtype": "channel_join",
        "ts": "1501161465.955379"
    },
    {
        "type": "message",
        "user": "U61LBKVEF",
        "text": "Salut à tous, question rapide sur le footer. On a un footer qui reprend lien pour lien le menu du haut de notre site Wordpress. Est-ce que d'un point de vue SEO c'est intéressant selon vous? (notamment d'un point de vue jus interne) Ou est-ce qu'on peut réduire le footer sans souci?",
        "ts": "1501161737.097152"
    },
    {
        "type": "message",
        "user": "U5C86111D",
        "text": "Tu travailles en silo ?",
        "ts": "1501161841.151551"
    },
    {
        "type": "message",
        "user": "U5C86111D",
        "text": "Quand tu n’es pas dans une optique de silo sémantique \/ cocon les liens de footer de me dérangent pas",
        "ts": "1501161998.233458"
    },
    {
        "type": "message",
        "user": "U5C86111D",
        "text": "<https:\/\/fr.semrush.com\/blog\/construire-et-renforcer-son-maillage-interne\/>",
        "attachments": [
            {
                "service_name": "SEMrush Blog",
                "title": "Comment construire et renforcer son maillage interne ?",
                "title_link": "https:\/\/fr.semrush.com\/blog\/construire-et-renforcer-son-maillage-interne\/",
                "text": "En SEO, le maillage interne est l’un des critères on-site le plus intéressant et le plus enrichissant pour un projet web. En effet, il remet souvent en question la direction du projet, les habitudes et aussi le positionnement d’un site par la même oc...",
                "fallback": "SEMrush Blog: Comment construire et renforcer son maillage interne ?",
                "image_url": "https:\/\/d30cz2g5jd7t8z.cloudfront.net\/media\/6e\/0b\/6e0bbc9ce6c832f75135eb2a63d68c44\/pic-fr-everyweek-20-05.png",
                "from_url": "https:\/\/fr.semrush.com\/blog\/construire-et-renforcer-son-maillage-interne\/",
                "image_width": 438,
                "image_height": 250,
                "image_bytes": 70548,
                "service_icon": "https:\/\/fr.semrush.com\/m\/images\/favicon.ico?r=v905",
                "id": 1
            }
        ],
        "ts": "1501162073.272860"
    },
    {
        "type": "message",
        "user": "U62V7G8J1",
        "text": "LEs liens de footer ne dérangent jamais. Tu les arranges comme tu veux selon ton architecture de site et ce que tu cherches à faire remonter le plus",
        "ts": "1501163343.975673"
    },
    {
        "type": "message",
        "user": "U5C86111D",
        "text": "(si tu n’es pas en silo)",
        "ts": "1501163387.000845"
    },
    {
        "type": "message",
        "user": "U62V7G8J1",
        "text": "(oui)",
        "ts": "1501163436.030065"
    },
    {
        "type": "message",
        "user": "U5C86111D",
        "text": "(:D)",
        "ts": "1501163468.048413"
    },
    {
        "user": "U6EGM3STW",
        "text": "<@U6EGM3STW> has joined the channel",
        "type": "message",
        "subtype": "channel_join",
        "ts": "1501163470.049391"
    },
    {
        "type": "message",
        "user": "U5C86111D",
        "text": "<https:\/\/www.youtube.com\/watch?v=aN3ag37cznk> ca donne une bonne idée",
        "attachments": [
            {
                "service_name": "YouTube",
                "service_url": "https:\/\/www.youtube.com\/",
                "title": "Comment donner moins de Pagerank à des pages inutiles en SEO ?",
                "title_link": "https:\/\/www.youtube.com\/watch?v=aN3ag37cznk",
                "author_name": "Thomas Cubel",
                "author_link": "https:\/\/www.youtube.com\/user\/thomascubel",
                "thumb_url": "https:\/\/i.ytimg.com\/vi\/aN3ag37cznk\/hqdefault.jpg",
                "thumb_width": 480,
                "thumb_height": 360,
                "fallback": "YouTube Video: Comment donner moins de Pagerank à des pages inutiles en SEO ?",
                "video_html": "<iframe width=\"400\" height=\"225\" src=\"https:\/\/www.youtube.com\/embed\/aN3ag37cznk?feature=oembed&autoplay=1&iv_load_policy=3\" frameborder=\"0\" allowfullscreen><\/iframe>",
                "video_html_width": 400,
                "video_html_height": 225,
                "from_url": "https:\/\/www.youtube.com\/watch?v=aN3ag37cznk",
                "service_icon": "https:\/\/a.slack-edge.com\/2089\/img\/unfurl_icons\/youtube.png",
                "id": 1
            }
        ],
        "ts": "1501163645.153499"
    },
    {
        "type": "message",
        "user": "U61LBKVEF",
        "text": "Merci <@U5C86111D> et <@U62V7G8J1>, je vais matter vos liens",
        "ts": "1501165929.635956"
    },
    {
        "type": "message",
        "user": "U54PABTGW",
        "text": "Vous connaissez un slack orienté SEO ?",
        "thread_ts": "1501168442.324946",
        "reply_count": 5,
        "replies": [
            {
                "user": "U54PQ74HF",
                "ts": "1501168485.354385"
            },
            {
                "user": "U53GAFF8R",
                "ts": "1501172146.753565"
            },
            {
                "user": "U53GAFF8R",
                "ts": "1501172173.769928"
            },
            {
                "user": "U53T94L7N",
                "ts": "1501249812.037888"
            },
            {
                "user": "U5C86111D",
                "ts": "1501249838.052070"
            }
        ],
        "unread_count": 5,
        "ts": "1501168442.324946"
    },
    {
        "type": "message",
        "user": "U54PABTGW",
        "text": "l'équivalent d'ici mais pour le SEO",
        "ts": "1501168457.334924"
    },
    {
        "type": "message",
        "user": "U54PQ74HF",
        "text": "pas encore trouvé, si t'en trouve un international je suis bien preneur !",
        "thread_ts": "1501168442.324946",
        "parent_user_id": "U54PABTGW",
        "ts": "1501168485.354385"
    },
    {
        "type": "message",
        "user": "U53GAFF8R",
        "text": "Me too",
        "thread_ts": "1501168442.324946",
        "parent_user_id": "U54PABTGW",
        "ts": "1501172146.753565"
    },
    {
        "type": "message",
        "user": "U53GAFF8R",
        "text": "<@U53T94L7N> tu en connais un ?",
        "thread_ts": "1501168442.324946",
        "parent_user_id": "U54PABTGW",
        "ts": "1501172173.769928"
    },
    {
        "type": "message",
        "user": "U57DAHPE1",
        "text": "L’accomplissement des tâches de l’utilisateur. Avenir !",
        "ts": "1501190249.864054"
    },
    {
        "type": "message",
        "user": "U57DAHPE1",
        "text": "<https:\/\/moz.com\/blog\/searcher-task-accomplishment>",
        "attachments": [
            {
                "service_name": "Moz",
                "title": "Is the New, Most Powerful Ranking Factor &amp;quot;Searcher Task Accomplishment?&amp;quot; - Whiteboard Friday",
                "title_link": "https:\/\/moz.com\/blog\/searcher-task-accomplishment",
                "text": "There's a new ranking factor in town, and it's one that will affect almost every aspect of your site optimization. Check out why searcher task accomplishment is such a big deal in today's Whiteboard Friday.",
                "fallback": "Moz: Is the New, Most Powerful Ranking Factor &amp;quot;Searcher Task Accomplishment?&amp;quot; - Whiteboard Friday",
                "image_url": "https:\/\/d1avok0lzls2w.cloudfront.net\/uploads\/twitter_image\/59716d8287ade4.58727901.jpg",
                "from_url": "https:\/\/moz.com\/blog\/searcher-task-accomplishment",
                "image_width": 500,
                "image_height": 250,
                "image_bytes": 468625,
                "service_icon": "https:\/\/dc8hdnsmzapvm.cloudfront.net\/assets\/images\/favicon\/moz-favicon-57.png?7345a55",
                "id": 1
            }
        ],
        "ts": "1501190250.864380"
    },
    {
        "type": "message",
        "user": "U5C86111D",
        "text": "Ahhhh ce Rand :clap:",
        "edited": {
            "user": "U5C86111D",
            "ts": "1501190327.000000"
        },
        "ts": "1501190314.894722"
    },
    {
        "type": "message",
        "user": "U5C86111D",
        "text": "Au final ce n’est ce qu’on doit faire depuis le début de Google.. ?",
        "ts": "1501190435.949147"
    },
    {
        "type": "message",
        "user": "U5C86111D",
        "text": "En regardant le slide en bas de la page, ça m’a fait pensé au cocon de laurent",
        "ts": "1501190697.069415"
    },
    {
        "type": "message",
        "user": "U57DAHPE1",
        "text": "Oui c’est la doxa depuis 2012. Et je poste ça ici à titre général, mais le fait qu’il insiste sur l’importance du bounce back (ou non) de l’utilisateur sur la page de recherche est important.",
        "ts": "1501190773.105856"
    },
    {
        "type": "message",
        "user": "U5C86111D",
        "text": "Tu connais la nuance entre bounce rate et pogosticking ?",
        "ts": "1501190810.122908"
    },
    {
        "type": "message",
        "user": "U5C86111D",
        "text": "On a aussi des très bonnes pages avec un bounce rate haut mais avec la réponse attendu !",
        "ts": "1501190844.138682"
    },
    {
        "type": "message",
        "user": "U57DAHPE1",
        "text": "Connaissait pas le terme pogosticking.",
        "ts": "1501190881.155352"
    },
    {
        "type": "message",
        "user": "U5C86111D",
        "text": "<https:\/\/www.abondance.com\/actualites\/20170412-17875-definition-pogosticking-cest-quoi.html> notre ami oliver en parle",
        "attachments": [
            {
                "service_name": "Actualité Abondance",
                "title": "Définition : le Pogosticking, c'est quoi ? - Actualité Abondance",
                "title_link": "https:\/\/www.abondance.com\/actualites\/20170412-17875-definition-pogosticking-cest-quoi.html",
                "text": "12 avril 2017 - Voici une définition du concept de pogosticking, critère de pertinence de l'algorithme de Google (mais le principe utilisé est presque aussi ancien que le par Actualité Abondance",
                "fallback": "Actualité Abondance: Définition : le Pogosticking, c'est quoi ? - Actualité Abondance",
                "image_url": "https:\/\/www.abondance.com\/actualites\/wp-content\/uploads\/2017\/04\/pogostocking-definition.png",
                "image_width": 197,
                "image_height": 250,
                "ts": 1491983333,
                "from_url": "https:\/\/www.abondance.com\/actualites\/20170412-17875-definition-pogosticking-cest-quoi.html",
                "image_bytes": 70979,
                "service_icon": "https:\/\/www.abondance.com\/Bin\/favicon.ico",
                "id": 1
            }
        ],
        "ts": "1501190907.167046",
        "reactions": [
            {
                "name": "+1",
                "users": [
                    "U61LBKVEF"
                ],
                "count": 1
            }
        ]
    },
    {
        "type": "message",
        "user": "U57DAHPE1",
        "text": "Là l’idée c’est que ton mec arrête sa recherche ou cherche un autre terme après.",
        "ts": "1501190909.167835"
    },
    {
        "type": "message",
        "user": "U57DAHPE1",
        "text": "Les landing peuvent avoir un gros bounce rate et on s’en tape si l’objectif c’est “tu convertis ou tu te casses”, limite moi je désindexe ce genre de page.",
        "edited": {
            "user": "U57DAHPE1",
            "ts": "1501191011.000000"
        },
        "ts": "1501190977.197880"
    },
    {
        "type": "message",
        "user": "U5C86111D",
        "text": "J’ai jamais eu de landing pour faire du SEO",
        "ts": "1501191017.215758"
    },
    {
        "type": "message",
        "user": "U5C86111D",
        "text": "une page sans trop de contexte sémantique c’est dur",
        "ts": "1501191025.219642"
    },
    {
        "type": "message",
        "user": "U57DAHPE1",
        "text": "Si t’as une page qui a des résultats merdiques pour le SEO mais qui est intéressante en terme de navigation ou process pour l’utilisateur. Je ne fais que la désindexer mais je la garde sur le site. Je sais pas ce que t’en pense, mais je pense que c’est le bon process.",
        "ts": "1501191101.254678"
    },
    {
        "type": "message",
        "user": "U5C86111D",
        "text": "Tout ce qui est bon pour l’user est à garder. Tant que tu fais pas du duplicate content avec une autre page",
        "ts": "1501191140.271883"
    },
    {
        "type": "message",
        "user": "U57DAHPE1",
        "text": "Tu connais un outil qui arrive à suivre ce qu’un utilisateur (ou un groupe d’utilisateur anonymisé) fait après être allé sur ton site genre comment tu calcules ton taux de pogosticking vs bounce rate ou le type de recherches tapées sur google post-visite sur le site ?",
        "edited": {
            "user": "U57DAHPE1",
            "ts": "1501191435.000000"
        },
        "ts": "1501191351.363755"
    },
    {
        "type": "message",
        "user": "U5C86111D",
        "text": "Quand tu parles de “fais après être allé” tu parles de on-site ou sur un autre site ?",
        "ts": "1501191428.395838"
    },
    {
        "type": "message",
        "user": "U57DAHPE1",
        "text": "post-site",
        "ts": "1501191446.403927"
    },
    {
        "type": "message",
        "user": "U57DAHPE1",
        "text": "quand le mec se casse de ton site et retourne dans google. Ca fait un moment que je me pose la question pour des objectifs de vente de produits complémentaires sur différents business, mais dans ce cas précis ça peut être pertinent pour le pogosticking",
        "ts": "1501191524.435987"
    },
    {
        "type": "message",
        "user": "U57DAHPE1",
        "text": "<https:\/\/www.crashmania.net\/images\/games\/crash-bash\/unused-content\/general-findings\/pogo-pharaoh-1.jpg> Logo Google !",
        "attachments": [
            {
                "fallback": "640x480px image",
                "image_url": "https:\/\/www.crashmania.net\/images\/games\/crash-bash\/unused-content\/general-findings\/pogo-pharaoh-1.jpg",
                "image_width": 640,
                "image_height": 480,
                "image_bytes": 62487,
                "from_url": "https:\/\/www.crashmania.net\/images\/games\/crash-bash\/unused-content\/general-findings\/pogo-pharaoh-1.jpg",
                "id": 1
            }
        ],
        "ts": "1501191624.476731",
        "reactions": [
            {
                "name": "smile",
                "users": [
                    "U5C86111D",
                    "U5CQPG96J"
                ],
                "count": 2
            }
        ]
    },
    {
        "type": "message",
        "user": "U5C86111D",
        "text": "A l’heure actuelle.. aucune idée",
        "ts": "1501191630.479318"
    },
    {
        "type": "message",
        "user": "U57DAHPE1",
        "text": "Idée de biz là ! Peut-être une extension chrome qui chope les données de navigation peut aider....",
        "ts": "1501191839.563711"
    }
]