[
    {
        "type": "message",
        "user": "U62V7G8J1",
        "text": "Aaaah, merci Hugo ! J'ai toujours mal avec les SEO français qui ont tendance à se jeter des fleurs. A part côté Black Hat et PBN où il y a du niveau il faut le reconnaître. \n\nEffectivement, ce mec s'introduit comme le roi du SEO mais j'ai quand même des doutes... La technique du cocon sémantique, je souhaite l'expérimenter. J'ai des retours positifs à ce sujet pour l'instant :slightly_smiling_face: Mais je pense que le truc lui est peut être monté à la tête",
        "thread_ts": "1504007211.000245",
        "parent_user_id": "U57DAHPE1",
        "ts": "1504286197.000211"
    },
    {
        "type": "message",
        "user": "U62V7G8J1",
        "text": "Ouep Hugo, quelques connaissances :wink:",
        "thread_ts": "1504115848.000092",
        "parent_user_id": "U57DAHPE1",
        "ts": "1504286238.000575"
    },
    {
        "type": "message",
        "user": "U62V7G8J1",
        "text": "J'ai un PPT pas mal fait pour un client (c'était juste en intro car j'ai peu de pratiques en ASO, et leur filer une espèce de roadmap). Si tu veux que je te l'envoie ?",
        "thread_ts": "1504115848.000092",
        "parent_user_id": "U57DAHPE1",
        "ts": "1504286275.000433"
    },
    {
        "type": "message",
        "user": "U57DAHPE1",
        "text": "Ah c’est gentil, mais en fait je connais déjà bien l’ASO. C’était plus pour parler entre experts ou faire de l’échange de compétences les uns avec les autrs",
        "thread_ts": "1504115848.000092",
        "parent_user_id": "U57DAHPE1",
        "ts": "1504288659.000083"
    }
]