[
    {
        "type": "message",
        "user": "U55MMNVNK",
        "text": "Personnellement plutôt que de cibler directement leurs marques, je regarde sur SEMRush ou un autre outil de SERP, sur quel mot-clé est le mieux référencé mon concurrent. Je cible ensuite sur ces mots-clés si ceux-ci concordent avec mon marché. L'avantage c'est que le concurrent ne le verra pas directement à moins de réaliser un audit quotidien sur les résultats ads.",
        "attachments": [
            {
                "fallback": "[April 28th, 2017 12:20 PM] melanie_almeida: Hello à tous\nCibler la marque d'un de ses concurrents dans adwords. Pour ou contre ?",
                "ts": "1493374836.894466",
                "author_subname": "melanie_almeida",
                "channel_id": "C54JX6R62",
                "channel_name": "seo",
                "is_msg_unfurl": true,
                "text": "Hello à tous\nCibler la marque d'un de ses concurrents dans adwords. Pour ou contre ?",
                "author_name": "Melanie Almeida",
                "author_link": "https:\/\/growthhackingfrance.slack.com\/team\/melanie_almeida",
                "author_icon": "https:\/\/avatars.slack-edge.com\/2017-04-28\/176028043970_6c9a12a9a7993e556fb4_48.jpg",
                "mrkdwn_in": [
                    "text"
                ],
                "color": "D0D0D0",
                "from_url": "https:\/\/growthhackingfrance.slack.com\/archives\/C54JX6R62\/p1493374836894466",
                "is_share": true,
                "footer": "Posted in #seo"
            }
        ],
        "edited": {
            "user": "U55MMNVNK",
            "ts": "1493798027.000000"
        },
        "ts": "1493798013.465622",
        "reactions": [
            {
                "name": "rocket",
                "users": [
                    "U546L44SJ",
                    "U5479AJQH",
                    "U54NAL317"
                ],
                "count": 3
            }
        ]
    },
    {
        "user": "U5852MULX",
        "text": "<@U5852MULX> has joined the channel",
        "type": "message",
        "subtype": "channel_join",
        "ts": "1493798098.491859"
    },
    {
        "user": "U56R541TJ",
        "text": "<@U56R541TJ> has joined the channel",
        "type": "message",
        "subtype": "channel_join",
        "ts": "1493808463.081567"
    },
    {
        "user": "U580PR7C2",
        "text": "<@U580PR7C2> has joined the channel",
        "type": "message",
        "subtype": "channel_join",
        "ts": "1493814583.130590"
    },
    {
        "user": "U563E034M",
        "text": "<@U563E034M> has joined the channel",
        "type": "message",
        "subtype": "channel_join",
        "ts": "1493817896.658988"
    },
    {
        "user": "U58D1P6H5",
        "text": "<@U58D1P6H5> has joined the channel",
        "type": "message",
        "subtype": "channel_join",
        "ts": "1493826949.416256"
    },
    {
        "user": "U54KPFEJC",
        "text": "<@U54KPFEJC> has joined the channel",
        "type": "message",
        "subtype": "channel_join",
        "ts": "1493828692.504300"
    },
    {
        "user": "U58V97U0N",
        "text": "<@U58V97U0N> has joined the channel",
        "type": "message",
        "subtype": "channel_join",
        "ts": "1493830040.307412"
    },
    {
        "user": "U54N19JH1",
        "text": "<@U54N19JH1> has joined the channel",
        "type": "message",
        "subtype": "channel_join",
        "ts": "1493831965.459981"
    }
]