[
    {
        "type": "message",
        "user": "U57HABR37",
        "text": "Hello à tous, est ce que ça vous semble pertinent d'écrire des pages SEO avec des mots clés très proches. Exemple : une page avec le mot clé \"biodynamie\" et une autre avec le mot clé \"biodynamie vin\"",
        "thread_ts": "1508832508.000306",
        "reply_count": 2,
        "replies": [
            {
                "user": "U61LBKVEF",
                "ts": "1508834037.000340"
            },
            {
                "user": "U5635E9JN",
                "ts": "1508834608.000213"
            }
        ],
        "unread_count": 2,
        "ts": "1508832508.000306"
    },
    {
        "type": "message",
        "user": "U61LBKVEF",
        "text": "<@U57HABR37> un test rapide pour voir l'utilité à mon sens, c'est de voir si Google te remonte des résultats différents sur les deux requêtes. Si oui, c'est que tu as une requête différente à cibler :slightly_smiling_face:",
        "thread_ts": "1508832508.000306",
        "parent_user_id": "U57HABR37",
        "ts": "1508834037.000340",
        "reactions": [
            {
                "name": "+1",
                "users": [
                    "U57U6TBDH"
                ],
                "count": 1
            }
        ]
    },
    {
        "type": "message",
        "user": "U5635E9JN",
        "text": "de la même façon, regarde aussi dans le keyword planner d'adwords si Google considère que ce sont bien deux requetes différentes.",
        "thread_ts": "1508832508.000306",
        "parent_user_id": "U57HABR37",
        "ts": "1508834608.000213"
    },
    {
        "user": "U7Q1TP0NT",
        "text": "<@U7Q1TP0NT> has joined the channel",
        "type": "message",
        "subtype": "channel_join",
        "ts": "1508843282.000136"
    }
]