[
    {
        "type": "message",
        "user": "U5479AJQH",
        "text": "Je l’ai suivi mais je n’ai pas trouve des choses tres intéressantes, ou sur Youtube c’etait des live Youtube",
        "thread_ts": "1495634961.244613",
        "parent_user_id": "U566P6QCE",
        "ts": "1496135483.838986"
    },
    {
        "type": "message",
        "user": "U5479AJQH",
        "text": "larbi_z: semrush en free il y a un abo a 40$ il me semble de tete",
        "thread_ts": "1496065563.654589",
        "parent_user_id": "U56CGCRS7",
        "ts": "1496135728.898385"
    },
    {
        "type": "message",
        "user": "U5479AJQH",
        "text": "benjamin_gabay: lastpass comme Dashlane ?",
        "thread_ts": "1496065974.740698",
        "parent_user_id": "U546L44SJ",
        "ts": "1496135758.905798"
    },
    {
        "type": "message",
        "user": "U5479AJQH",
        "text": "robin: Je trouve que SEMrush à plus de choix",
        "thread_ts": "1496066401.834409",
        "parent_user_id": "U5C86111D",
        "ts": "1496135802.916843"
    },
    {
        "type": "message",
        "user": "U5479AJQH",
        "text": "mais + chere et + fouillis",
        "thread_ts": "1496066401.834409",
        "parent_user_id": "U5C86111D",
        "ts": "1496135817.920553"
    },
    {
        "type": "message",
        "user": "U5C86111D",
        "text": "oui clairment mais semrush c’est du projet",
        "thread_ts": "1496066401.834409",
        "parent_user_id": "U5C86111D",
        "ts": "1496135822.921726"
    },
    {
        "type": "message",
        "user": "U5C86111D",
        "text": "j’ai pas du tout envie de partager mon semrush, trop de data",
        "thread_ts": "1496066401.834409",
        "parent_user_id": "U5C86111D",
        "ts": "1496135838.925499",
        "reactions": [
            {
                "name": "+1",
                "users": [
                    "U5479AJQH"
                ],
                "count": 1
            }
        ]
    },
    {
        "type": "message",
        "user": "U5C86111D",
        "text": "de GA et GSC",
        "thread_ts": "1496066401.834409",
        "parent_user_id": "U5C86111D",
        "ts": "1496135844.927085"
    },
    {
        "type": "message",
        "user": "U546L44SJ",
        "text": "je crois effectivement que ce sont des solutions très similaires. Je ne connais pas Dashlane",
        "thread_ts": "1496065974.740698",
        "parent_user_id": "U546L44SJ",
        "ts": "1496135847.927767"
    },
    {
        "type": "message",
        "user": "U5479AJQH",
        "text": "Totalement d’accord avec toi",
        "thread_ts": "1496066401.834409",
        "parent_user_id": "U5C86111D",
        "ts": "1496135866.932286"
    },
    {
        "type": "message",
        "user": "U5C86111D",
        "text": "c’est pour ça que yooda pour de la recherche ponctuel c’est cool",
        "thread_ts": "1496066401.834409",
        "parent_user_id": "U5C86111D",
        "ts": "1496135898.940026"
    },
    {
        "type": "message",
        "user": "U5C86111D",
        "text": "si tu veux faire du cocon par exemple",
        "thread_ts": "1496066401.834409",
        "parent_user_id": "U5C86111D",
        "ts": "1496135910.942889"
    },
    {
        "type": "message",
        "user": "U5479AJQH",
        "text": "C’est une solution que je connais depuis peu avec un partage de mot de passe avec des autorisation etc",
        "thread_ts": "1496065974.740698",
        "parent_user_id": "U546L44SJ",
        "ts": "1496136421.066267"
    },
    {
        "type": "message",
        "user": "U56CGCRS7",
        "text": "Oui mais sans accès à l'API :)",
        "thread_ts": "1496065563.654589",
        "parent_user_id": "U56CGCRS7",
        "ts": "1496136669.127426"
    },
    {
        "type": "message",
        "user": "U5479AJQH",
        "text": "exact :confused:",
        "thread_ts": "1496065563.654589",
        "parent_user_id": "U56CGCRS7",
        "ts": "1496136683.130979"
    },
    {
        "type": "message",
        "user": "U563E034M",
        "text": "Hello, quelqu’un aurait une agence de netlinking à me conseiller ?",
        "ts": "1496147309.460667"
    },
    {
        "type": "message",
        "user": "U546L44SJ",
        "text": "ouai !",
        "ts": "1496147323.464232"
    },
    {
        "type": "message",
        "user": "U546L44SJ",
        "text": "tu peux voir avec l’agence webeyond <@U5B18JDFS>  que je te recommande vivement",
        "ts": "1496147357.472696",
        "reactions": [
            {
                "name": "+1",
                "users": [
                    "U563E034M"
                ],
                "count": 1
            },
            {
                "name": "smile",
                "users": [
                    "U5B18JDFS"
                ],
                "count": 1
            }
        ]
    },
    {
        "type": "message",
        "user": "U546L44SJ",
        "text": "et avec laquelle je travaille",
        "ts": "1496147377.478033"
    },
    {
        "type": "message",
        "user": "U546L44SJ",
        "text": "J’en suis très satisfait",
        "ts": "1496147389.480934"
    },
    {
        "type": "message",
        "user": "U54QL7C5D",
        "text": "hello, vous avez des feedbacks sur cet outil? <http:\/\/peacockmedia.software\/mac\/integrity\/free.html>",
        "attachments": [
            {
                "title": "Peacockmedia",
                "title_link": "http:\/\/peacockmedia.software\/mac\/integrity\/free.html",
                "text": "Integrity for Mac OSX - free app to help you improve your website. Website crawler, Link checking and bad link reporting",
                "fallback": "Peacockmedia",
                "from_url": "http:\/\/peacockmedia.software\/mac\/integrity\/free.html",
                "thumb_url": "http:\/\/peacockmedia.software\/images\/peacockgirllogo.png",
                "thumb_width": 118,
                "thumb_height": 75,
                "service_icon": "http:\/\/peacockmedia.software\/images\/favicon\/apple-icon-57x57.png",
                "service_name": "peacockmedia.software",
                "id": 1
            }
        ],
        "ts": "1496154172.789357"
    }
]