[
    {
        "type": "message",
        "user": "U704DHU58",
        "text": "Google vient de communiquer sur la refonte du guide démarrage pour SEO : <https:\/\/webmaster-fr.googleblog.com\/2017\/12\/refonte-guide-demarrage-SEO.html>",
        "attachments": [
            {
                "service_name": "Blog Officiel de Google pour les webmasters",
                "title": "Refonte du guide de démarrage sur l'optimisation du référencement (SEO)",
                "title_link": "https:\/\/webmaster-fr.googleblog.com\/2017\/12\/refonte-guide-demarrage-SEO.html",
                "text": "Il existe de nombreuses ressources permettant de créer des sites Web de qualité. Les propriétaires de sites Web nous demandent souvent quel...",
                "fallback": "Blog Officiel de Google pour les webmasters: Refonte du guide de démarrage sur l'optimisation du référencement (SEO)",
                "thumb_url": "http:\/\/2.bp.blogspot.com\/-7bZ5EziliZQ\/VynIS9F7OAI\/AAAAAAAASQ0\/BJFntXCAntstZe6hQuo5KTrhi5Dyz9yHgCK4B\/s1600\/googlelogo_color_200x200.png",
                "from_url": "https:\/\/webmaster-fr.googleblog.com\/2017\/12\/refonte-guide-demarrage-SEO.html",
                "thumb_width": 200,
                "thumb_height": 200,
                "service_icon": "https:\/\/webmaster-fr.googleblog.com\/favicon.ico",
                "id": 1
            }
        ],
        "ts": "1513092102.000395",
        "reactions": [
            {
                "name": "ok_hand",
                "users": [
                    "U541S59L4",
                    "U57DAHPE1"
                ],
                "count": 2
            }
        ]
    },
    {
        "type": "message",
        "user": "U54PABTGW",
        "text": "Vous utilisez des outils comme yourtext.guru et 1.fr pour améliorer votre positionnement ?",
        "ts": "1513096386.000606"
    },
    {
        "type": "message",
        "user": "U54PABTGW",
        "text": "Je sais pas si ca fonctionne réellement.",
        "ts": "1513096392.000165"
    },
    {
        "type": "message",
        "user": "U704DHU58",
        "text": "j'ai déjà utilisé yourtext.guru, ça permet de bien défricher pour une requête",
        "ts": "1513113137.000405"
    },
    {
        "type": "message",
        "user": "U704DHU58",
        "text": "je teste en ce moment seoquantum (merci <@U5C86111D> !)",
        "ts": "1513113172.000452"
    },
    {
        "user": "U8CGUSR8D",
        "inviter": "U5C86111D",
        "text": "<@U8CGUSR8D> has joined the channel",
        "type": "message",
        "subtype": "channel_join",
        "ts": "1513113183.000349"
    },
    {
        "type": "message",
        "user": "U5C86111D",
        "text": "Attention les résultats sont un peu WTF de temps en temps <@U704DHU58> :slightly_smiling_face:",
        "ts": "1513113201.000647"
    },
    {
        "type": "message",
        "user": "U704DHU58",
        "text": "oui, 50% à jeter à peu près",
        "ts": "1513113221.000115"
    },
    {
        "type": "message",
        "user": "U704DHU58",
        "text": "(je parle de yourtext.guru)",
        "ts": "1513113292.000270"
    },
    {
        "type": "message",
        "user": "U5C86111D",
        "text": "ah je pensais tu parles de SEO Quantum",
        "ts": "1513113302.000405"
    },
    {
        "type": "message",
        "user": "U704DHU58",
        "text": "je teste depuis hier, la solution automatise qq processus, et surtout fais le brief pour les rédacteurs",
        "ts": "1513113336.000429"
    },
    {
        "type": "message",
        "user": "U704DHU58",
        "text": "s'il y avait un bridge \/ une API vers textmaster ça serait encore mieux",
        "ts": "1513113354.000116"
    },
    {
        "type": "message",
        "user": "U5C86111D",
        "text": "suffit de leurs demander !",
        "ts": "1513113475.000449"
    },
    {
        "type": "message",
        "user": "U8CGUSR8D",
        "text": "Yourtextguru a été conçu par de grands experts: les frères peyronnet notamment",
        "edited": {
            "user": "U8CGUSR8D",
            "ts": "1513113595.000000"
        },
        "ts": "1513113527.000561"
    },
    {
        "type": "message",
        "user": "U8CGUSR8D",
        "text": "un des deux étant le patron  de la recherche pour Qwant",
        "edited": {
            "user": "U8CGUSR8D",
            "ts": "1513113610.000000"
        },
        "ts": "1513113543.000574"
    },
    {
        "type": "message",
        "user": "U8CGUSR8D",
        "text": "C'est moins riche que Visiblis, mais déjà pas mal. Les Métamots font du bon boulot aussi",
        "ts": "1513113565.000490"
    },
    {
        "type": "message",
        "user": "U8CGUSR8D",
        "text": "Par contre Visiblis, pour le prendre en main ... c'est moins simple",
        "ts": "1513113582.000065"
    },
    {
        "type": "message",
        "user": "U704DHU58",
        "text": "pour yourtext.guru, ça dépend du niveau de la patate qu'on prend aussi :slightly_smiling_face:",
        "ts": "1513113611.000343"
    },
    {
        "type": "message",
        "user": "U8CGUSR8D",
        "text": "la patate ? : ) cad ?",
        "edited": {
            "user": "U8CGUSR8D",
            "ts": "1513113667.000000"
        },
        "ts": "1513113620.000600"
    },
    {
        "type": "message",
        "user": "U8CGUSR8D",
        "text": "en terme de n-grams ? un gros mot-clé (1-gram ou 2-gram) ou plutot de la longue traine (4-gram et plus) ?",
        "edited": {
            "user": "U8CGUSR8D",
            "ts": "1513113684.000000"
        },
        "ts": "1513113648.000637"
    },
    {
        "type": "message",
        "user": "U704DHU58",
        "text": "ils ont renommé dans leur menu, ils appellent ça guide premium désormais (après m'y être connecté depuis 6 mois)",
        "ts": "1513113734.000176"
    },
    {
        "type": "message",
        "user": "U704DHU58",
        "text": "guide one-shot \/ guide premium, ça sonne un peu mieux",
        "ts": "1513113750.000742"
    },
    {
        "type": "message",
        "user": "U62V7G8J1",
        "text": "Ben t'es sur l'ancienne version",
        "ts": "1513117800.000136"
    },
    {
        "type": "message",
        "user": "U62V7G8J1",
        "text": "Demande à Sylvain",
        "ts": "1513117803.000127"
    },
    {
        "type": "message",
        "user": "U62V7G8J1",
        "text": "tu vas le faire crisser",
        "ts": "1513117807.000141"
    },
    {
        "type": "message",
        "user": "U62V7G8J1",
        "text": "<@U704DHU58>",
        "ts": "1513117812.000328"
    }
]