[
    {
        "user": "U55FFTX6J",
        "text": "<@U55FFTX6J> has joined the channel",
        "type": "message",
        "subtype": "channel_join",
        "ts": "1494409483.887902"
    },
    {
        "type": "message",
        "user": "U55FFTX6J",
        "text": "Apres tu peux toujours tester, si tu as un bon CPA garde ta campagne sinon passe a autre chose :slightly_smiling_face:. Pour ma part j ai essaye et le résultat était un CPC pas trop mal mais un CPA pas assez bas compare a mes autres campagnes.",
        "thread_ts": "1493375547.113724",
        "parent_user_id": "U54C5S7V2",
        "ts": "1494409705.963664"
    },
    {
        "type": "message",
        "user": "U54NAL317",
        "text": "Merci Alex",
        "thread_ts": "1493375547.113724",
        "parent_user_id": "U54C5S7V2",
        "ts": "1494422619.257185"
    },
    {
        "type": "message",
        "user": "U546L44SJ",
        "text": "<@U57BKANLD>",
        "ts": "1494423605.754916"
    },
    {
        "user": "U57BKANLD",
        "inviter": "U546L44SJ",
        "text": "<@U57BKANLD> has joined the channel",
        "type": "message",
        "subtype": "channel_join",
        "ts": "1494423608.756664"
    },
    {
        "type": "message",
        "user": "U57BKANLD",
        "text": "Hello, j’aimerais obtenir le maillage interne d’un site. Connaissez-vous une alternative à <http:\/\/cocon.se|cocon.se> ?",
        "thread_ts": "1494423789.851629",
        "reply_count": 2,
        "replies": [
            {
                "user": "U55S98P5Z",
                "ts": "1494482207.631859"
            },
            {
                "user": "U57BKANLD",
                "ts": "1494488956.194275"
            }
        ],
        "unread_count": 2,
        "ts": "1494423789.851629"
    },
    {
        "type": "message",
        "user": "U57BKANLD",
        "text": "Thanks :slightly_smiling_face:",
        "ts": "1494423795.854993",
        "reactions": [
            {
                "name": "+1",
                "users": [
                    "U546L44SJ"
                ],
                "count": 1
            }
        ]
    },
    {
        "type": "message",
        "user": "U57BKANLD",
        "text": "david-admin: SEObserver :wink:",
        "thread_ts": "1493111244.217307",
        "parent_user_id": "U53T94L7N",
        "ts": "1494423830.873550"
    },
    {
        "type": "message",
        "user": "U53T94L7N",
        "text": "On a toujours besoin d'un troisième choix ^^ merci beaucoup <@U57BKANLD> je vais mater ça ! ",
        "thread_ts": "1493111244.217307",
        "parent_user_id": "U53T94L7N",
        "ts": "1494424114.026046"
    },
    {
        "type": "message",
        "user": "U57BKANLD",
        "text": "Tu me diras ce que tu en pense :slightly_smiling_face:",
        "thread_ts": "1493111244.217307",
        "parent_user_id": "U53T94L7N",
        "ts": "1494424165.054193"
    },
    {
        "type": "message",
        "user": "U546L44SJ",
        "text": "<@U5B18JDFS>: une réponse à <@U57BKANLD>  :) ",
        "ts": "1494448519.750467"
    },
    {
        "user": "U5B18JDFS",
        "inviter": "U546L44SJ",
        "text": "<@U5B18JDFS> has joined the channel",
        "type": "message",
        "subtype": "channel_join",
        "ts": "1494448526.754256"
    },
    {
        "user": "U5CK0SJLE",
        "text": "<@U5CK0SJLE> has joined the channel",
        "type": "message",
        "subtype": "channel_join",
        "ts": "1494468739.537262"
    },
    {
        "text": "jpatrick: salut. Tu as <http:\/\/www.visualsitemapper.com> mais ça te donnera juste un aperçu. L'avantage c'est que c'est gratuit. ",
        "thread_ts": "1494423789.851629",
        "attachments": [
            {
                "title": "Visual Site Mapper - Create a visual map of your site",
                "title_link": "http:\/\/www.visualsitemapper.com",
                "text": "Visual Site Mapper is a free service that can quickly show an interactive visual map of your site.",
                "fallback": "Visual Site Mapper - Create a visual map of your site",
                "from_url": "http:\/\/www.visualsitemapper.com",
                "service_name": "visualsitemapper.com",
                "id": 1
            }
        ],
        "type": "message",
        "subtype": "thread_broadcast",
        "user": "U55S98P5Z",
        "root": {
            "type": "message",
            "user": "U57BKANLD",
            "text": "Hello, j’aimerais obtenir le maillage interne d’un site. Connaissez-vous une alternative à <http:\/\/cocon.se|cocon.se> ?",
            "thread_ts": "1494423789.851629",
            "reply_count": 2,
            "replies": [
                {
                    "user": "U55S98P5Z",
                    "ts": "1494482207.631859"
                },
                {
                    "user": "U57BKANLD",
                    "ts": "1494488956.194275"
                }
            ],
            "unread_count": 2,
            "ts": "1494423789.851629"
        },
        "ts": "1494482207.631859",
        "reactions": [
            {
                "name": "rocket",
                "users": [
                    "U541S59L4"
                ],
                "count": 1
            }
        ]
    },
    {
        "timestamp": "1494482207631859",
        "is_multiteam": false,
        "slog_is_shared": "0",
        "slog_is_mpdm": "0",
        "slog_is_slackbot_dm": false,
        "slog_is_self_dm": false,
        "is_thread_broadcast": true,
        "plain_text": "jpatrick: salut. Tu as <http:\/\/www.visualsitemapper.com> mais ça te donnera juste un aperçu. L'avantage c'est que c'est gratuit. ",
        "new_broadcast": true,
        "attachments": [
            {
                "from_url": "https:\/\/growthhackingfrance.slack.com\/archives\/C54JX6R62\/p1494423789851629",
                "fallback": "[May 10th, 2017 6:43 AM] jpatrick: Hello, j’aimerais obtenir le maillage interne d’un site. Connaissez-vous une alternative à <http:\/\/cocon.se|cocon.se> ?",
                "ts": "1494423789.851629",
                "author_subname": "jpatrick",
                "channel_id": "C54JX6R62",
                "channel_name": "seo",
                "is_msg_unfurl": true,
                "is_thread_root_unfurl": true,
                "text": "Hello, j’aimerais obtenir le maillage interne d’un site. Connaissez-vous une alternative à <http:\/\/cocon.se|cocon.se> ?",
                "author_name": "Jeanpatrick Tanneau",
                "author_link": "https:\/\/growthhackingfrance.slack.com\/team\/jpatrick",
                "author_icon": "https:\/\/avatars.slack-edge.com\/2017-05-04\/179352997206_7037650e658a8336297c_48.jpg",
                "mrkdwn_in": [
                    "text"
                ],
                "id": 1,
                "footer": "1 reply"
            },
            {
                "fallback": "jpatrick: salut. Tu as <http:\/\/www.visualsitemapper.com> mais ça te donnera juste un aperçu. L'avantage c'est que c'est gratuit. ",
                "author_name": "Abdellah El Kharraze",
                "author_subname": "aelkharraze",
                "text": "jpatrick: salut. Tu as <http:\/\/www.visualsitemapper.com> mais ça te donnera juste un aperçu. L'avantage c'est que c'est gratuit. ",
                "mrkdwn_in": [
                    "text"
                ],
                "author_link": "https:\/\/growthhackingfrance.slack.com\/team\/aelkharraze",
                "from_url": "https:\/\/growthhackingfrance.slack.com\/archives\/C54JX6R62\/p1494482207631859?thread_ts=1494423789851629&cid=C54JX6R62",
                "ts": "1494482207.631859",
                "author_icon": "https:\/\/secure.gravatar.com\/avatar\/f165e963a6da88db36820fc892360f8a.jpg?s=48&d=https%3A%2F%2Ffst.slack-edge.com%2F66f9%2Fimg%2Favatars%2Fava_0012-48.png",
                "id": 2
            }
        ],
        "text": "",
        "type": "message",
        "subtype": "reply_broadcast",
        "user": "U55S98P5Z",
        "ts": "1494482207.631889"
    }
]