[
    {
        "type": "message",
        "user": "U5635E9JN",
        "text": "bonjour, pour une solution en saas, j'aimerai mettre des rich snippets \"reviews\", je vois qu'il y a des boites comme ca qui existe =&gt; <http:\/\/www.avis-verifies.com\/> qu'en pensez-vous? avons nous vraiment besoin de passer par leur service ?",
        "attachments": [
            {
                "title": "Avis-Verifies - Boostez votre commerce",
                "title_link": "http:\/\/www.avis-verifies.com\/",
                "text": "Avis-Verifies est une solution spécialisée dans la récolte des avis clients. Véritable tiers de confiance, vous pouvez essayer gratuitement et sans engagement.",
                "fallback": "Avis-Verifies - Boostez votre commerce",
                "from_url": "http:\/\/www.avis-verifies.com\/",
                "service_icon": "http:\/\/www.avis-verifies.com\/favicon.ico",
                "service_name": "avis-verifies.com",
                "id": 1
            }
        ],
        "ts": "1504858001.000158"
    },
    {
        "type": "message",
        "user": "U53GAFF8R",
        "text": "C'est pas mal <@U5635E9JN>, cela augment la rassurance du client.\nIl y a aussi <https:\/\/fr.trustpilot.com\/>, ...\nCela prouve la qualité (ou pas) d'un site, produit.\nJ'aime bien ce type de solution pour du eCommerce.\nPour du saas à voir, mais j'ai plus l'impression qu'on le voit sur des sites marchands.",
        "edited": {
            "user": "U53GAFF8R",
            "ts": "1504861495.000000"
        },
        "ts": "1504861435.000309"
    },
    {
        "type": "message",
        "user": "U5635E9JN",
        "text": "mais du coup <@U53GAFF8R> est on obligé de passer par un de ces services ? c'est une demande de Google pour afficher le snippet ?",
        "ts": "1504861778.000155"
    },
    {
        "type": "message",
        "user": "U5635E9JN",
        "text": "dans notre cas, les avis viennent de facebook, les profils sont donc assez facilement \"fact-checkable\" (ce ne sont pas des faux profils)",
        "ts": "1504861807.000235"
    },
    {
        "type": "message",
        "user": "U5C86111D",
        "text": "tu peux créer ses sinipets avec deux ligne de code html",
        "ts": "1504862166.000193"
    },
    {
        "type": "message",
        "user": "U53GAFF8R",
        "text": "Robin à raison pour le code que tu peux rajouter sans souscrire à un de leur service.\nEx : \n<https:\/\/business.trustedshops.fr\/blog\/etoiles-recherche-google\/>\nEn règle générale les \"Rich Snippet\" sont sympa à utiliser.",
        "edited": {
            "user": "U53GAFF8R",
            "ts": "1504863289.000000"
        },
        "ts": "1504863259.000277"
    },
    {
        "type": "message",
        "user": "U57DAHPE1",
        "text": "Non mais grave, t’as même des pluggins wordpress qui te font ça facile",
        "ts": "1504863289.000329"
    },
    {
        "type": "message",
        "user": "U53GAFF8R",
        "text": "Après c'est pas mal quand même les services comme avis-verifies and co ... non ?",
        "edited": {
            "user": "U53GAFF8R",
            "ts": "1504863558.000000"
        },
        "thread_ts": "1504863320.000015",
        "reply_count": 2,
        "replies": [
            {
                "user": "U61LBKVEF",
                "ts": "1504863691.000201"
            },
            {
                "user": "U53GAFF8R",
                "ts": "1504863752.000292"
            }
        ],
        "unread_count": 2,
        "ts": "1504863320.000015"
    },
    {
        "type": "message",
        "user": "U61LBKVEF",
        "text": "J'ai testé Trustpilot dans une autre boîte, c'était l'enfer. ils sont super rigides et tu as 0 possibilité de modération. En plus, si tu les quittes, la page continue de collecter des avis...",
        "thread_ts": "1504863320.000015",
        "parent_user_id": "U53GAFF8R",
        "ts": "1504863691.000201"
    },
    {
        "type": "message",
        "user": "U53GAFF8R",
        "text": "Pas terrible effectivement :disappointed:",
        "thread_ts": "1504863320.000015",
        "parent_user_id": "U53GAFF8R",
        "ts": "1504863752.000292",
        "reactions": [
            {
                "name": "+1",
                "users": [
                    "U61LBKVEF"
                ],
                "count": 1
            }
        ]
    },
    {
        "type": "message",
        "user": "U5635E9JN",
        "text": "ok super, on va voir comment on peut faire ça nous même du coup :slightly_smiling_face:",
        "ts": "1504867279.000050"
    },
    {
        "type": "message",
        "user": "U5635E9JN",
        "text": "merci beaucoup !",
        "ts": "1504867291.000068"
    },
    {
        "type": "message",
        "user": "U61LBKVEF",
        "text": "Je crois que cette méthode a été évoquée à mots couverts sur le channel: <https:\/\/www.serpwoo.com\/blog\/experts\/google-my-map-backlink\/>. Petite question: est-ce que le NAP est important? Ou n'importe quel lieu peut être utilisé pour créer le backlink? Ex: est-ce possible de créer un backlink sur la thématique vélo depuis une page GMB de type Jardin public?",
        "attachments": [
            {
                "title": "Who Wants A Free DoFollow DA 100 Link Right From Google? | SERPWoo",
                "title_link": "https:\/\/www.serpwoo.com\/blog\/experts\/google-my-map-backlink\/",
                "text": "In today's post I am going to share with you a great exclusive insider tip that not a lot of people know about, nor taking advantage of.",
                "fallback": "Who Wants A Free DoFollow DA 100 Link Right From Google? | SERPWoo",
                "image_url": "https:\/\/www.serpwoo.com\/img\/blog\/experts\/2015\/11\/google-my-map-backlink\/google-my-map-backlink.jpg",
                "from_url": "https:\/\/www.serpwoo.com\/blog\/experts\/google-my-map-backlink\/",
                "image_width": 828,
                "image_height": 250,
                "image_bytes": 110333,
                "service_icon": "https:\/\/www.serpwoo.com\/interface\/assets\/ico\/serpwoo-favicon144x144.png",
                "service_name": "serpwoo.com",
                "id": 1
            }
        ],
        "edited": {
            "user": "U61LBKVEF",
            "ts": "1504882361.000000"
        },
        "thread_ts": "1504882343.000715",
        "reply_count": 20,
        "replies": [
            {
                "user": "U61LBKVEF",
                "ts": "1504884331.000250"
            },
            {
                "user": "U57DAHPE1",
                "ts": "1504888122.000362"
            },
            {
                "user": "U57DAHPE1",
                "ts": "1504888144.000054"
            },
            {
                "user": "U57DAHPE1",
                "ts": "1504888157.000317"
            },
            {
                "user": "U57DAHPE1",
                "ts": "1504888206.000041"
            },
            {
                "user": "U57DAHPE1",
                "ts": "1504888232.000060"
            },
            {
                "user": "U61LBKVEF",
                "ts": "1505030000.000005"
            },
            {
                "user": "U61LBKVEF",
                "ts": "1505030018.000064"
            },
            {
                "user": "U61LBKVEF",
                "ts": "1505030051.000031"
            },
            {
                "user": "U61LBKVEF",
                "ts": "1505030066.000041"
            },
            {
                "user": "U54PQ74HF",
                "ts": "1505130781.000264"
            },
            {
                "user": "U57DAHPE1",
                "ts": "1505130926.000192"
            },
            {
                "user": "U57DAHPE1",
                "ts": "1505130930.000134"
            },
            {
                "user": "U57DAHPE1",
                "ts": "1505130949.000413"
            },
            {
                "user": "U54PQ74HF",
                "ts": "1505131027.000287"
            },
            {
                "user": "U57DAHPE1",
                "ts": "1505131044.000232"
            },
            {
                "user": "U57DAHPE1",
                "ts": "1505131055.000051"
            },
            {
                "user": "U57DAHPE1",
                "ts": "1505131058.000167"
            },
            {
                "user": "U54PQ74HF",
                "ts": "1505131642.000197"
            },
            {
                "user": "U54C5S7V2",
                "ts": "1505138851.000389"
            }
        ],
        "unread_count": 20,
        "ts": "1504882343.000715"
    },
    {
        "type": "message",
        "user": "U61LBKVEF",
        "text": "je crois par <@U57DAHPE1>  :slightly_smiling_face:",
        "thread_ts": "1504882343.000715",
        "parent_user_id": "U61LBKVEF",
        "ts": "1504884331.000250"
    },
    {
        "type": "message",
        "user": "U57DAHPE1",
        "text": "Si ton site est sérieux le NAP est vraiment important",
        "thread_ts": "1504882343.000715",
        "parent_user_id": "U61LBKVEF",
        "ts": "1504888122.000362"
    },
    {
        "type": "message",
        "user": "U57DAHPE1",
        "text": "Par contre la technique en question, dans l’article c’est les maps personnalisées de Google maps",
        "edited": {
            "user": "U57DAHPE1",
            "ts": "1504888252.000000"
        },
        "thread_ts": "1504882343.000715",
        "parent_user_id": "U61LBKVEF",
        "ts": "1504888144.000054"
    },
    {
        "type": "message",
        "user": "U57DAHPE1",
        "text": "C’est pour les sites spam (cul, streaming...)",
        "thread_ts": "1504882343.000715",
        "parent_user_id": "U61LBKVEF",
        "ts": "1504888157.000317"
    },
    {
        "type": "message",
        "user": "U57DAHPE1",
        "text": "La vraie technique pour des sites sérieux, c’est d’avoir accès à plusieurs adresses en vrai et d’implanter des fausses agences à ces mêmes adresses. Il faut obligatoirement une boite aux lettres pour recevoir un code de la part de Google",
        "edited": {
            "user": "U57DAHPE1",
            "ts": "1504888314.000000"
        },
        "thread_ts": "1504882343.000715",
        "parent_user_id": "U61LBKVEF",
        "ts": "1504888206.000041"
    },
    {
        "type": "message",
        "user": "U57DAHPE1",
        "text": "Comme ça ton site tombe en premier dans les recherches locales.",
        "thread_ts": "1504882343.000715",
        "parent_user_id": "U61LBKVEF",
        "ts": "1504888232.000060"
    }
]