[
    {
        "user": "U55S98P5Z",
        "text": "<@U55S98P5Z> has joined the channel",
        "type": "message",
        "subtype": "channel_join",
        "ts": "1493366256.071213"
    },
    {
        "user": "U55SDPQTV",
        "text": "<@U55SDPQTV> has joined the channel",
        "type": "message",
        "subtype": "channel_join",
        "ts": "1493366919.277403"
    },
    {
        "user": "U561JBSBW",
        "text": "<@U561JBSBW> has joined the channel",
        "type": "message",
        "subtype": "channel_join",
        "ts": "1493373699.536966"
    },
    {
        "user": "U54BDQYCS",
        "text": "<@U54BDQYCS> has joined the channel",
        "type": "message",
        "subtype": "channel_join",
        "ts": "1493374439.771325"
    },
    {
        "type": "message",
        "user": "U54NAL317",
        "text": "Hello à tous\nCibler la marque d'un de ses concurrents dans adwords. Pour ou contre ?",
        "ts": "1493374836.894466"
    },
    {
        "type": "message",
        "user": "U53T94L7N",
        "text": "<@U54NAL317> pour !",
        "ts": "1493375084.974027",
        "reactions": [
            {
                "name": "+1",
                "users": [
                    "U53GAFF8R",
                    "U541S59L4",
                    "U54NAL317",
                    "U54PQ74HF"
                ],
                "count": 4
            }
        ]
    },
    {
        "type": "message",
        "user": "U54C5S7V2",
        "text": "Certains empêchent de le faire en demandant directement à Google de bloquer le mot clef du nom de marque si celui ci n'est pas générique. Ton quality Score sera dégueu donc ton CPC et ta position aussi. Et tu apparaitras tjrs en dessous de ton concurrent si il bid lui-même. \nAprès, ca se teste toujours",
        "thread_ts": "1493375547.113724",
        "reply_count": 3,
        "replies": [
            {
                "user": "U54NAL317",
                "ts": "1493375761.178517"
            },
            {
                "user": "U55FFTX6J",
                "ts": "1494409705.963664"
            },
            {
                "user": "U54NAL317",
                "ts": "1494422619.257185"
            }
        ],
        "unread_count": 3,
        "ts": "1493375547.113724",
        "reactions": [
            {
                "name": "+1",
                "users": [
                    "U55FFTX6J"
                ],
                "count": 1
            }
        ]
    },
    {
        "type": "message",
        "user": "U54KSDKCY",
        "text": "Et ça peut dèsorienter Google pour le SEO non ? Genre driver du traffic payant sur un nom pour arriver sur une autre marque ? Une sorte d'incohérence seo\/sea? \nAprès ça se fait biensur ;) ",
        "thread_ts": "1493375673.151700",
        "reply_count": 5,
        "replies": [
            {
                "user": "U54NAL317",
                "ts": "1493375802.190485"
            },
            {
                "user": "U54KSDKCY",
                "ts": "1493375889.215449"
            },
            {
                "user": "U54KSDKCY",
                "ts": "1493375917.223182"
            },
            {
                "user": "U54NAL317",
                "ts": "1493382838.209086"
            },
            {
                "user": "U54KSDKCY",
                "ts": "1493383521.450571"
            }
        ],
        "unread_count": 5,
        "ts": "1493375673.151700"
    },
    {
        "type": "message",
        "user": "U54NAL317",
        "text": "julian: Merci.\nDommage, notre marque a nous est un nom générique :slightly_smiling_face:",
        "thread_ts": "1493375547.113724",
        "parent_user_id": "U54C5S7V2",
        "ts": "1493375761.178517"
    },
    {
        "type": "message",
        "user": "U54NAL317",
        "text": "julien-s: Je n'ai pas pensé à cela en effet. En même temps, c'est tellement difficile de savoir comment Google nous évalue :confused:",
        "thread_ts": "1493375673.151700",
        "parent_user_id": "U54KSDKCY",
        "ts": "1493375802.190485"
    },
    {
        "type": "message",
        "user": "U54KSDKCY",
        "text": "Tiens si tu as 5mn :) <http:\/\/marketingschool.io\/how-to-analyze-your-competition-in-less-than-10-minutes-ep-245\/>",
        "attachments": [
            {
                "service_name": "Marketing School Podcast",
                "title": "How to Analyze Your Competition in Less Than 10 Minutes | Ep. #245",
                "title_link": "http:\/\/marketingschool.io\/how-to-analyze-your-competition-in-less-than-10-minutes-ep-245\/",
                "text": "In Episode #245, Eric and Neil discuss how to analyze your competition in less than 10 minutes. Tune in to find out the tools that Eric and Neil have tried and tested. They tell you exactly what your competitors are doing—from their best keywords to their top performing content. Learn what you need to so that you can stay ahead of the game. Time Stamped Show Notes: 00:27 – Today’s topic: How to Analyze Your Competition in Less Than 10 Minutes 00:35 – Neil suggests going to SEMrush to pu",
                "fallback": "Marketing School Podcast: How to Analyze Your Competition in Less Than 10 Minutes | Ep. #245",
                "thumb_url": "http:\/\/marketingschool.io\/wp-content\/uploads\/2016\/08\/podcast_channel_artwork.png",
                "ts": 1491127200,
                "from_url": "http:\/\/marketingschool.io\/how-to-analyze-your-competition-in-less-than-10-minutes-ep-245\/",
                "thumb_width": 1400,
                "thumb_height": 1400,
                "service_icon": "http:\/\/marketingschool.io\/wp-content\/themes\/genesis\/images\/favicon.ico",
                "id": 1
            }
        ],
        "thread_ts": "1493375673.151700",
        "parent_user_id": "U54KSDKCY",
        "ts": "1493375889.215449"
    },
    {
        "type": "message",
        "user": "U54KSDKCY",
        "text": "Ça fait un point tres rapide, si tu peux éviter des dépenses ",
        "thread_ts": "1493375673.151700",
        "parent_user_id": "U54KSDKCY",
        "ts": "1493375917.223182"
    },
    {
        "user": "U561ECC5Q",
        "text": "<@U561ECC5Q> has joined the channel",
        "type": "message",
        "subtype": "channel_join",
        "ts": "1493379060.085186"
    },
    {
        "user": "U55BNSMS4",
        "text": "<@U55BNSMS4> has joined the channel",
        "type": "message",
        "subtype": "channel_join",
        "ts": "1493382007.933362"
    },
    {
        "type": "message",
        "user": "U54NAL317",
        "text": "Merci !! J'avais déjà écouté leur podcast dans le passé. Je vais m'y remettre.\nLa petite histoire c'est que cible déjà actuellement des concurrents sur adwords, l'un de s'en est rendu compte et souhaite que l'on arrête. Mais j'ai vu que c'était une pratique courante sur adwords.",
        "thread_ts": "1493375673.151700",
        "parent_user_id": "U54KSDKCY",
        "ts": "1493382838.209086"
    },
    {
        "type": "message",
        "user": "U54KSDKCY",
        "text": "Ouais :slightly_smiling_face: Moi j'ai partagé ça car je tate pas assez en SEA pour le moment je peux pas vous dire... Je prévois les formations adwords\/analytics les mois prochains je serai plus à même :wink:",
        "thread_ts": "1493375673.151700",
        "parent_user_id": "U54KSDKCY",
        "ts": "1493383521.450571"
    },
    {
        "user": "U56QMB762",
        "text": "<@U56QMB762> has joined the channel",
        "type": "message",
        "subtype": "channel_join",
        "ts": "1493384995.047148"
    },
    {
        "user": "U54QWBFPS",
        "text": "<@U54QWBFPS> has joined the channel",
        "type": "message",
        "subtype": "channel_join",
        "ts": "1493385438.239860"
    },
    {
        "user": "U570EJRGX",
        "text": "<@U570EJRGX> has joined the channel",
        "type": "message",
        "subtype": "channel_join",
        "ts": "1493395435.898938"
    },
    {
        "type": "message",
        "user": "U54PQ74HF",
        "text": "Sur des petites marques sa peut être bien de le faire ! Par contre laisse lui la top position s’il s’amuse a se placer dessus, sur adwords dans les 3\/4 des cas c’est toujours mieux de viser la 2nde position de résultats, sa t’évite des clics inutiles ou par erreur donc un cpc plus bas et plus qualitatif.",
        "ts": "1493412736.431741",
        "reactions": [
            {
                "name": "rocket",
                "users": [
                    "U53T94L7N"
                ],
                "count": 1
            },
            {
                "name": "+1",
                "users": [
                    "U54NAL317",
                    "U55FFTX6J"
                ],
                "count": 2
            }
        ]
    }
]