[
    {
        "user": "U57U6TBDH",
        "text": "<@U57U6TBDH> has joined the channel",
        "type": "message",
        "subtype": "channel_join",
        "ts": "1508935556.000212"
    },
    {
        "type": "message",
        "user": "U57U6TBDH",
        "text": "Moz en payant en effet, mais ils sont pas bons pour la détection des liens. ahref le fait nettement mieux : graphs parlants et liens gagnés &amp; perdus \/ jour.",
        "thread_ts": "1507099217.000075",
        "parent_user_id": "U61LBKVEF",
        "ts": "1508936594.000505"
    },
    {
        "type": "message",
        "user": "U61LBKVEF",
        "text": "Merci <@U57U6TBDH>. Du coup jai configuré des campagnes dans Majestic (fonctionnalité que je ne connaissais pas)",
        "thread_ts": "1507099217.000075",
        "parent_user_id": "U61LBKVEF",
        "ts": "1508936849.000022"
    },
    {
        "type": "message",
        "user": "U54E8FNL9",
        "text": "Hello, sous Hubspot comment créer\/récupérer le sitemap du blog généré afin de le soumettre à Google Search Console ? (je découvre Hubspot)",
        "thread_ts": "1508943229.000799",
        "reply_count": 3,
        "replies": [
            {
                "user": "U5AV671TK",
                "ts": "1508944000.000208"
            },
            {
                "user": "U5AV671TK",
                "ts": "1508944010.000743"
            },
            {
                "user": "U54E8FNL9",
                "ts": "1509005269.000205"
            }
        ],
        "unread_count": 3,
        "ts": "1508943229.000799"
    },
    {
        "type": "message",
        "user": "U5AV671TK",
        "text": "<https:\/\/knowledge.hubspot.com\/articles\/kcs_article\/settings\/how-do-i-find-my-sitemap>",
        "attachments": [
            {
                "title": "How do I find my sitemap?",
                "title_link": "https:\/\/knowledge.hubspot.com\/articles\/kcs_article\/settings\/how-do-i-find-my-sitemap",
                "text": "You can find your sitemap by appending \/sitemap.xml to the end of your domain and navigating to that URL in a web browser.",
                "fallback": "How do I find my sitemap?",
                "thumb_url": "https:\/\/cdn2.hubspot.net\/hub\/53\/file-2556717341-png\/Knowledge_Base_Images\/Content\/Content_Settings\/Content-Settings-Navigation.png#keepProtocol",
                "from_url": "https:\/\/knowledge.hubspot.com\/articles\/kcs_article\/settings\/how-do-i-find-my-sitemap",
                "thumb_width": 536,
                "thumb_height": 351,
                "service_icon": "https:\/\/knowledge.hubspot.com\/hs-fs\/hub\/53\/file-8149778-png\/fav.png?t=1508943494698",
                "service_name": "knowledge.hubspot.com",
                "id": 1
            }
        ],
        "thread_ts": "1508943229.000799",
        "parent_user_id": "U54E8FNL9",
        "ts": "1508944000.000208"
    },
    {
        "type": "message",
        "user": "U5AV671TK",
        "text": "en gros <http:\/\/www.tondomaine.com\/sitemap.xml|www.tondomaine.com\/sitemap.xml>",
        "thread_ts": "1508943229.000799",
        "parent_user_id": "U54E8FNL9",
        "ts": "1508944010.000743",
        "reactions": [
            {
                "name": "flag-fr",
                "users": [
                    "U546L44SJ"
                ],
                "count": 1
            }
        ]
    },
    {
        "user": "U7K8KVCKE",
        "text": "<@U7K8KVCKE> has joined the channel",
        "type": "message",
        "subtype": "channel_join",
        "ts": "1508955997.000443"
    },
    {
        "type": "message",
        "user": "U7K8KVCKE",
        "text": "Hello :slightly_smiling_face: petite question SEO, lorsqu'on essaie d'optimiser un article pour une expression doit on faire un exact match ou est-ce que ça change quelque chose si on fait des variations du style. \"Bien arroser ses fleurs\" Bien arroser vos fleurs\" \"Bien arroser des fleurs\"",
        "thread_ts": "1508956279.000092",
        "reply_count": 4,
        "replies": [
            {
                "user": "U5635E9JN",
                "ts": "1509017033.000278"
            },
            {
                "user": "U7K8KVCKE",
                "ts": "1509025892.000428"
            },
            {
                "user": "U62V7G8J1",
                "ts": "1509117370.000199"
            },
            {
                "user": "U60DUGA9X",
                "ts": "1510051276.000136"
            }
        ],
        "unread_count": 4,
        "ts": "1508956279.000092"
    },
    {
        "type": "message",
        "user": "U7K8KVCKE",
        "text": "merci d'avance :slightly_smiling_face:",
        "ts": "1508956292.000514"
    }
]