[
    {
        "type": "message",
        "user": "U54KSDKCY",
        "text": "BOUM ! <https:\/\/www.searchenginejournal.com\/the-ultimate-seo-audit-checklist\/196993\/> \n(Là, y'a des heures de taf)",
        "attachments": [
            {
                "service_name": "Search Engine Journal",
                "title": "The Ultimate SEO Audit Checklist - Search Engine Journal",
                "title_link": "https:\/\/www.searchenginejournal.com\/the-ultimate-seo-audit-checklist\/196993\/",
                "text": "We've got the ultimate SEO audit checklist for you! This list provides checkpoints in your auditing process to help you better improve your site.",
                "fallback": "Search Engine Journal: The Ultimate SEO Audit Checklist - Search Engine Journal",
                "thumb_url": "https:\/\/cdn.searchenginejournal.com\/wp-content\/uploads\/2017\/05\/ultimate-seo-audit-checklist.jpg",
                "ts": 1495546218,
                "from_url": "https:\/\/www.searchenginejournal.com\/the-ultimate-seo-audit-checklist\/196993\/",
                "thumb_width": 1600,
                "thumb_height": 840,
                "service_icon": "https:\/\/cdn.searchenginejournal.com\/wp-content\/uploads\/2014\/07\/favicon.png",
                "id": 1
            }
        ],
        "ts": "1497114528.189629",
        "reactions": [
            {
                "name": "+1",
                "users": [
                    "U543MU39P",
                    "U55FFTX6J"
                ],
                "count": 2
            },
            {
                "name": "rocket",
                "users": [
                    "U54NAL317",
                    "U5CQPG96J"
                ],
                "count": 2
            }
        ]
    },
    {
        "type": "message",
        "user": "U5C86111D",
        "text": "des personnes pro en cloaking ?",
        "ts": "1497123509.900070"
    }
]