[
    {
        "type": "message",
        "user": "U566P6QCE",
        "text": "Hello tout le monde, j'ai écrit un article Medium. Le titre est visible dans l'url, tout à fait normal. Sauf sue j'ai ensuite changé le titre et l'url n'a pas changé. Vous savez si c'est irréversible ? Ça me fait un peu chier <https:\/\/medium.com\/@VictorLeboda\/les-5-paliers-du-funnel-de-maturit%C3%A9-client-2c118908488f>",
        "attachments": [
            {
                "service_name": "Medium",
                "title": "Le funnel de maturité : 5 étapes pour comprendre et éduquer vos prospects :speak_no_evil:",
                "title_link": "https:\/\/medium.com\/@VictorLeboda\/les-5-paliers-du-funnel-de-maturit%C3%A9-client-2c118908488f",
                "text": "Vous passez probablement quelques heures par semaine assis à votre bureau en vous demandant comment faire en sorte que vos prospects…",
                "fallback": "Medium: Le funnel de maturité : 5 étapes pour comprendre et éduquer vos prospects 🙊",
                "image_url": "https:\/\/cdn-images-1.medium.com\/max\/1200\/1*rbaGkzMjySZG3Q7HgnOrHQ.jpeg",
                "fields": [
                    {
                        "title": "Reading time",
                        "value": "7 min read",
                        "short": true
                    }
                ],
                "ts": 1507552707,
                "from_url": "https:\/\/medium.com\/@VictorLeboda\/les-5-paliers-du-funnel-de-maturit%C3%A9-client-2c118908488f",
                "image_width": 492,
                "image_height": 250,
                "image_bytes": 153835,
                "service_icon": "https:\/\/cdn-images-1.medium.com\/fit\/c\/304\/304\/1*8I-HPL0bfoIzGied-dzOvA.png",
                "id": 1
            }
        ],
        "ts": "1507747100.000386"
    },
    {
        "type": "message",
        "user": "U54SF0U1Y",
        "text": "Je crois que tu peux pas...",
        "ts": "1507750581.000203"
    },
    {
        "type": "message",
        "user": "U54SF0U1Y",
        "text": "Ce qui n’est pas si grave finalement",
        "ts": "1507750602.000304"
    },
    {
        "type": "message",
        "user": "U5V7ATHF1",
        "text": "Ca doit être comme Facebook il crée son propre Meta title inchangeable après publication ",
        "ts": "1507757846.000190"
    }
]