[
    {
        "type": "message",
        "user": "U5C86111D",
        "text": "mais si ça aide un user, alors ça aide un peu le seo :slightly_smiling_face:",
        "thread_ts": "1495681500.595746",
        "parent_user_id": "U55FFTX6J",
        "ts": "1495698382.421105"
    },
    {
        "type": "message",
        "user": "U5C86111D",
        "text": "<http:\/\/www.hi-commerce.fr\/cocons-semantiques-neuroergonomie\/>",
        "attachments": [
            {
                "service_name": "Hi-Commerce",
                "title": "Des cocons sémantiques qui transforment grâce à la neuroergonomie",
                "title_link": "http:\/\/www.hi-commerce.fr\/cocons-semantiques-neuroergonomie\/",
                "text": "Comment la neuroergonomie nous permet de gagner la quête de l'attention de nos visiteurs, afin de les transformer en prospects ou clients",
                "fallback": "Hi-Commerce: Des cocons sémantiques qui transforment grâce à la neuroergonomie",
                "thumb_url": "http:\/\/www.hi-commerce.fr\/wp-content\/uploads\/2017\/04\/Cerveau-argent.jpg",
                "from_url": "http:\/\/www.hi-commerce.fr\/cocons-semantiques-neuroergonomie\/",
                "thumb_width": 2048,
                "thumb_height": 1246,
                "service_icon": "http:\/\/www.hi-commerce.fr\/wp-content\/uploads\/2016\/09\/favicon-32x32.png",
                "id": 1
            }
        ],
        "ts": "1495705805.396746"
    },
    {
        "type": "message",
        "user": "U54078XQ8",
        "text": "Heyyy, un retour d’expérience de <http:\/\/cocon.se\/> ? Bien ?",
        "attachments": [
            {
                "service_name": "Cocon Sémantique",
                "title": "Cocon Sémantique - Stratégie de maillage interne pour optimiser votre contenu web et son référencement sur Google",
                "title_link": "http:\/\/cocon.se\/",
                "text": "Stratégie de maillage interne pour optimiser votre contenu web et son référencement sur Google",
                "fallback": "Cocon Sémantique: Cocon Sémantique - Stratégie de maillage interne pour optimiser votre contenu web et son référencement sur Google",
                "from_url": "http:\/\/cocon.se\/",
                "service_icon": "http:\/\/cocon.se\/favicon.ico",
                "id": 1
            }
        ],
        "thread_ts": "1495708595.128157",
        "reply_count": 1,
        "replies": [
            {
                "user": "U5C86111D",
                "ts": "1495708653.142495"
            }
        ],
        "unread_count": 1,
        "ts": "1495708595.128157",
        "reactions": [
            {
                "name": "+1",
                "users": [
                    "U53T94L7N"
                ],
                "count": 1
            }
        ]
    },
    {
        "type": "message",
        "user": "U5C86111D",
        "text": "ptitdoss: pas simple à prendre en main, faut aller sur youtube pour bien le maitriser",
        "thread_ts": "1495708595.128157",
        "parent_user_id": "U54078XQ8",
        "ts": "1495708653.142495"
    },
    {
        "type": "message",
        "user": "U55FFTX6J",
        "text": "merci pour vos retours :wink:",
        "thread_ts": "1495681500.595746",
        "parent_user_id": "U55FFTX6J",
        "ts": "1495766630.308929"
    }
]