[
    {
        "type": "message",
        "user": "U57HABR37",
        "text": "Hello à tous, j'aimerais avoir votre feedback sur l'AMP et le SEO. Je lis bcp de points positifs mais aussi des limites notamment en terme de fonctionnalités, de languages... Est-ce que certains d'entre vous ont déjà testé ? Est-ce que c'est \"simple\"  de le mettre en place ? (site sur prestashop)",
        "thread_ts": "1509446490.000017",
        "reply_count": 6,
        "replies": [
            {
                "user": "U5635E9JN",
                "ts": "1509483477.000432"
            },
            {
                "user": "U57HABR37",
                "ts": "1509577818.000151"
            },
            {
                "user": "U57HABR37",
                "ts": "1509577905.000217"
            },
            {
                "user": "U5635E9JN",
                "ts": "1509617729.000081"
            },
            {
                "user": "U57HABR37",
                "ts": "1509633576.000244"
            },
            {
                "user": "U5635E9JN",
                "ts": "1509635026.000704"
            }
        ],
        "unread_count": 6,
        "ts": "1509446490.000017"
    },
    {
        "type": "message",
        "user": "U54LA3KQA",
        "text": "Hello la communauté. J'ai une question concernant les thèmes Wordpress pour les hôtels \/ auberges de jeunesse \/ .... Est ce que nativement ils permettent un planning centralisé avec les agences de voyages ou des plateformes telles que Booking, Tripadvisor ? Où c'est un module à rajouter ensuite ?",
        "ts": "1509449678.000039"
    },
    {
        "type": "message",
        "user": "U5C86111D",
        "text": "Module en +",
        "ts": "1509453118.000021"
    },
    {
        "type": "message",
        "user": "U54LA3KQA",
        "text": "Merci <@U5C86111D> - Un widget à conseiller ?",
        "ts": "1509456752.000460"
    },
    {
        "type": "message",
        "user": "U5635E9JN",
        "text": "hello, j'ai eu cette problématique l'année dernière sur des sites ecommerces. \nDe ce que j'ai put en tirer, oui AMP est top pour des journaux, mais n'a aucun interet pour du e-commerce... Je me souviens d'une etude de cas (qu'il faudrait chercher) de Ebay qui avait passé tout son site en AMP, et qui était revenu en arrière",
        "thread_ts": "1509446490.000017",
        "parent_user_id": "U57HABR37",
        "ts": "1509483477.000432"
    }
]