[
    {
        "type": "message",
        "user": "U5635E9JN",
        "text": "Bonjour, \n\nNouvelle question, toujours sur ce blog (j'ai suivie vos reco pour AMP :wink: ). \n\nnotre <http:\/\/site.co|site.co> est bien déclaré dans la search console, avec son sitemap. Est-ce qu ej'ai besoin \"d'ouvrir\" un nouveau compte Search console pour le <http:\/\/blog.site.co|blog.site.co> ? Dans lequel je pourrais redéclarer le sitemap de ce blog... ?",
        "thread_ts": "1511514645.000363",
        "reply_count": 20,
        "replies": [
            {
                "user": "U546L44SJ",
                "ts": "1511514873.000259"
            },
            {
                "user": "U54KSDKCY",
                "ts": "1511515010.000258"
            },
            {
                "user": "U5635E9JN",
                "ts": "1511515032.000109"
            },
            {
                "user": "U5C86111D",
                "ts": "1511515885.000061"
            },
            {
                "user": "U54KSDKCY",
                "ts": "1511515955.000216"
            },
            {
                "user": "U5635E9JN",
                "ts": "1511515995.000077"
            },
            {
                "user": "U5635E9JN",
                "ts": "1511516015.000036"
            },
            {
                "user": "U54KSDKCY",
                "ts": "1511516032.000303"
            },
            {
                "user": "U546L44SJ",
                "ts": "1511516033.000441"
            },
            {
                "user": "U5C86111D",
                "ts": "1511516065.000217"
            },
            {
                "user": "U54KSDKCY",
                "ts": "1511516069.000452"
            },
            {
                "user": "U62V7G8J1",
                "ts": "1511517959.000156"
            },
            {
                "user": "U54PV0R4L",
                "ts": "1511519973.000246"
            },
            {
                "user": "U54KSDKCY",
                "ts": "1511519997.000011"
            },
            {
                "user": "U5C86111D",
                "ts": "1511520005.000239"
            },
            {
                "user": "U54PV0R4L",
                "ts": "1511520051.000263"
            },
            {
                "user": "U54PV0R4L",
                "ts": "1511520084.000166"
            },
            {
                "user": "U5C86111D",
                "ts": "1511520098.000183"
            },
            {
                "user": "U54PV0R4L",
                "ts": "1511520119.000054"
            },
            {
                "user": "U5635E9JN",
                "ts": "1511521007.000134"
            }
        ],
        "unread_count": 20,
        "ts": "1511514645.000363"
    },
    {
        "type": "message",
        "user": "U546L44SJ",
        "text": "Of course :slightly_smiling_face: TU crées un site pour le http un autre pour le https donc pour un sous domaine encore plus :slightly_smiling_face:",
        "thread_ts": "1511514645.000363",
        "parent_user_id": "U5635E9JN",
        "ts": "1511514873.000259"
    },
    {
        "type": "message",
        "user": "U54KSDKCY",
        "text": "Oui : www. et sans www aussi",
        "thread_ts": "1511514645.000363",
        "parent_user_id": "U5635E9JN",
        "ts": "1511515010.000258",
        "reactions": [
            {
                "name": "ok_hand",
                "users": [
                    "U546L44SJ"
                ],
                "count": 1
            }
        ]
    },
    {
        "type": "message",
        "user": "U5635E9JN",
        "text": "ok, top merci !",
        "thread_ts": "1511514645.000363",
        "parent_user_id": "U5635E9JN",
        "ts": "1511515032.000109"
    },
    {
        "type": "message",
        "user": "U5C86111D",
        "text": "oui",
        "ts": "1511515875.000181",
        "reactions": [
            {
                "name": "+1",
                "users": [
                    "U62V7G8J1"
                ],
                "count": 1
            }
        ]
    },
    {
        "type": "message",
        "user": "U5C86111D",
        "text": "même \/fr et \/en",
        "thread_ts": "1511514645.000363",
        "parent_user_id": "U5635E9JN",
        "ts": "1511515885.000061"
    },
    {
        "type": "message",
        "user": "U54KSDKCY",
        "text": "D'ailleurs si tu as pas encore commencé le chantier, on me disait hier encore que mieux vaut un repertoire \"domaine\/blog\" plutôt qu'un sous domaine \"blog.domaine\". Mais ça bouge régulièrement ce point chez Google donc ..",
        "thread_ts": "1511514645.000363",
        "parent_user_id": "U5635E9JN",
        "ts": "1511515955.000216"
    },
    {
        "type": "message",
        "user": "U5635E9JN",
        "text": "Haha, tu vas relancer de grandes discussions enflammées avec mon dev à ce sujet :wink:",
        "thread_ts": "1511514645.000363",
        "parent_user_id": "U5635E9JN",
        "ts": "1511515995.000077"
    },
    {
        "type": "message",
        "user": "U5635E9JN",
        "text": "trop tard de toute façon, on a commencé sur <http:\/\/blog.site.co|blog.site.co>",
        "thread_ts": "1511514645.000363",
        "parent_user_id": "U5635E9JN",
        "ts": "1511516015.000036"
    },
    {
        "type": "message",
        "user": "U54KSDKCY",
        "text": "Ehehe moi il m'a mis direct en Blog.domaine je vais le faire changer tant qu'on n'a pas publier :stuck_out_tongue:\nOk ! :slightly_smiling_face: C'est pas bien grave je pense.",
        "thread_ts": "1511514645.000363",
        "parent_user_id": "U5635E9JN",
        "ts": "1511516032.000303"
    },
    {
        "type": "message",
        "user": "U546L44SJ",
        "text": "<@U54KSDKCY> ma compréhension de la chose c’est qu’aujjourd’hui cela n’a plus vraiment d’importantce et que Google comprend bien les sous domaines. Mais je n’ai pas plus d’infos",
        "thread_ts": "1511514645.000363",
        "parent_user_id": "U5635E9JN",
        "ts": "1511516033.000441"
    },
    {
        "type": "message",
        "user": "U5C86111D",
        "text": "ahrefs avait fait une étude dessus y a 1 ans",
        "thread_ts": "1511514645.000363",
        "parent_user_id": "U5635E9JN",
        "ts": "1511516065.000217"
    },
    {
        "type": "message",
        "user": "U54KSDKCY",
        "text": "Oui mais on prend pas \"autant\" de jus qu'en répertoire, apparemment",
        "thread_ts": "1511514645.000363",
        "parent_user_id": "U5635E9JN",
        "ts": "1511516069.000452",
        "reactions": [
            {
                "name": "+1",
                "users": [
                    "U60DUGA9X"
                ],
                "count": 1
            }
        ]
    },
    {
        "type": "message",
        "user": "U62V7G8J1",
        "text": "Oui <@U54KSDKCY>",
        "thread_ts": "1511514645.000363",
        "parent_user_id": "U5635E9JN",
        "ts": "1511517959.000156"
    },
    {
        "type": "message",
        "user": "U54PV0R4L",
        "text": "et alors @robin, conclusion ?",
        "thread_ts": "1511514645.000363",
        "parent_user_id": "U5635E9JN",
        "ts": "1511519973.000246"
    },
    {
        "type": "message",
        "user": "U54KSDKCY",
        "text": "C'est tout . :p",
        "thread_ts": "1511514645.000363",
        "parent_user_id": "U5635E9JN",
        "ts": "1511519997.000011"
    },
    {
        "type": "message",
        "user": "U5C86111D",
        "text": "gain faible mais là",
        "thread_ts": "1511514645.000363",
        "parent_user_id": "U5635E9JN",
        "ts": "1511520005.000239"
    },
    {
        "type": "message",
        "user": "U54PV0R4L",
        "text": "ahref disais que <http:\/\/site.com\/blog|site.com\/blog> &gt; <http:\/\/blog.site.com|blog.site.com> ?",
        "edited": {
            "user": "U54PV0R4L",
            "ts": "1511520059.000000"
        },
        "thread_ts": "1511514645.000363",
        "parent_user_id": "U5635E9JN",
        "ts": "1511520051.000263"
    },
    {
        "type": "message",
        "user": "U54PV0R4L",
        "text": "source ?",
        "thread_ts": "1511514645.000363",
        "parent_user_id": "U5635E9JN",
        "ts": "1511520084.000166"
    },
    {
        "type": "message",
        "user": "U5C86111D",
        "text": "<https:\/\/ahrefs.com\/blog\/seo-strategy\/>",
        "attachments": [
            {
                "service_name": "SEO Blog by Ahrefs",
                "title": "The Complete SEO Strategy That Increased Our Blog's Search Traffic by 89% (in 3 months)",
                "title_link": "https:\/\/ahrefs.com\/blog\/seo-strategy\/",
                "text": "Need more search traffic? Follow the 7 step SEO strategy that increased our organic traffic by 89% in just 3 months.",
                "fallback": "SEO Blog by Ahrefs: The Complete SEO Strategy That Increased Our Blog's Search Traffic by 89% (in 3 months)",
                "image_url": "https:\/\/ahrefs.com\/blog\/wp-content\/uploads\/2016\/03\/seo-strategy-2.png",
                "image_width": 476,
                "image_height": 250,
                "ts": 1457094543,
                "from_url": "https:\/\/ahrefs.com\/blog\/seo-strategy\/",
                "image_bytes": 91403,
                "service_icon": "https:\/\/ahrefs.com\/favicon.ico",
                "id": 1
            }
        ],
        "thread_ts": "1511514645.000363",
        "parent_user_id": "U5635E9JN",
        "ts": "1511520098.000183",
        "reactions": [
            {
                "name": "ok_hand",
                "users": [
                    "U5519FU87",
                    "U62V7G8J1"
                ],
                "count": 2
            }
        ]
    },
    {
        "type": "message",
        "user": "U54PV0R4L",
        "text": "tx",
        "thread_ts": "1511514645.000363",
        "parent_user_id": "U5635E9JN",
        "ts": "1511520119.000054"
    },
    {
        "type": "message",
        "user": "U5635E9JN",
        "text": "très interessant ! merci <@U5C86111D> :slightly_smiling_face:",
        "thread_ts": "1511514645.000363",
        "parent_user_id": "U5635E9JN",
        "ts": "1511521007.000134"
    },
    {
        "type": "message",
        "user": "U5JFYCYMT",
        "text": "hello tout le monde, y'en a chez vous qui ont déjà bossé avec Edit-Place pour du contenu SEO ? C'était quali ?",
        "thread_ts": "1511532658.000283",
        "reply_count": 1,
        "replies": [
            {
                "user": "U61LBKVEF",
                "ts": "1511767556.000028"
            }
        ],
        "unread_count": 1,
        "ts": "1511532658.000283"
    },
    {
        "type": "message",
        "user": "U54PABTGW",
        "text": "Question : comment avez-vous le volume exact des mots clés dans le google keyword planner? Sans avoir une tranche 0-100 ?",
        "edited": {
            "user": "U54PABTGW",
            "ts": "1511541720.000000"
        },
        "ts": "1511539154.000114"
    },
    {
        "type": "message",
        "user": "U54PABTGW",
        "text": "faut-il du budget sur le compte adwords pour avoir le chiffre du volume exact ?",
        "thread_ts": "1511539248.000417",
        "reply_count": 1,
        "replies": [
            {
                "user": "U61LBKVEF",
                "ts": "1511767594.000128"
            }
        ],
        "unread_count": 1,
        "ts": "1511539248.000417"
    },
    {
        "type": "message",
        "user": "U54NAL317",
        "text": "j'ai du budget sur adwords et j'ai toujours des tranches",
        "ts": "1511539271.000337"
    },
    {
        "type": "message",
        "user": "U60DUGA9X",
        "text": "<@U54PABTGW> Nop impossible, Google ne te donnera que des tranches (évolution depuis quelques temps déjà). Par contre tu peux utiliser Yooda Insight, qui est plus précis (par dizaines), mais surtout plus complet sur la base de mots clés FR que les autres (semrush etc...).",
        "ts": "1511539620.000055"
    },
    {
        "type": "message",
        "user": "U54PABTGW",
        "text": "ouais j'utilise semrush mais j'ai des trous dans la raquette.",
        "edited": {
            "user": "U54PABTGW",
            "ts": "1511541750.000000"
        },
        "ts": "1511539687.000217"
    },
    {
        "type": "message",
        "user": "U54PABTGW",
        "text": "<@U60DUGA9X> d'ailleurs j'ai vu un black friday pour yooda a 1€ aujourd'hui.",
        "ts": "1511539819.000262"
    },
    {
        "type": "message",
        "user": "U60DUGA9X",
        "text": "C'est franchement le meilleur investissement SEO que j'ai fais",
        "ts": "1511539920.000081"
    },
    {
        "type": "message",
        "user": "U60DUGA9X",
        "text": "et SEA",
        "ts": "1511540096.000069"
    },
    {
        "type": "message",
        "user": "U54PABTGW",
        "text": "c'est combien yooda par mois ?",
        "ts": "1511540114.000037"
    },
    {
        "type": "message",
        "user": "U60DUGA9X",
        "text": "30 je crois",
        "ts": "1511540132.000084"
    },
    {
        "type": "message",
        "user": "U60DUGA9X",
        "text": "pour Insight",
        "ts": "1511540139.000059"
    },
    {
        "type": "message",
        "user": "U54NAL317",
        "text": "balancez le black friday lien :slightly_smiling_face:",
        "ts": "1511540166.000195"
    },
    {
        "type": "message",
        "user": "U54PABTGW",
        "text": "30€ ? c'est trois fois moins cher que semrush ?",
        "ts": "1511540182.000038"
    },
    {
        "type": "message",
        "user": "U60DUGA9X",
        "text": "mais ca fais uniquement mots clés\/requetes",
        "ts": "1511540196.000294"
    },
    {
        "type": "message",
        "user": "U54PABTGW",
        "text": "<https:\/\/insight.yooda.com\/?utm_source=emails%20Freemiums&amp;utm_medium=email&amp;utm_campaign=Black%20Friday%2017&amp;utm_content=email-2>",
        "attachments": [
            {
                "title": "Analysez GRATUITEMENT les habitudes de recherche de vos utilisateurs, votre marché, votre visibilité Google et celle de vos concurrents.",
                "title_link": "https:\/\/insight.yooda.com\/?utm_source=emails%20Freemiums&utm_medium=email&utm_campaign=Black%20Friday%2017&utm_content=email-2",
                "text": "Testez GRATUITEMENT 3 outils SEO professionnels indispensables : SEO Benchmark, Keyword Suggest et Classement Thématique.",
                "fallback": "Analysez GRATUITEMENT les habitudes de recherche de vos utilisateurs, votre marché, votre visibilité Google et celle de vos concurrents.",
                "from_url": "https:\/\/insight.yooda.com\/?utm_source=emails%20Freemiums&utm_medium=email&utm_campaign=Black%20Friday%2017&utm_content=email-2",
                "service_icon": "https:\/\/insight.yooda.com\/favicon.ico",
                "service_name": "insight.yooda.com",
                "id": 1
            }
        ],
        "ts": "1511540218.000279"
    },
    {
        "type": "message",
        "subtype": "file_share",
        "text": "<@U5519FU87> uploaded a file: <https:\/\/growthhackingfrance.slack.com\/files\/U5519FU87\/F84GW82UQ\/image.png|image.png> and commented: <@U60DUGA9X> <@U54NAL317> vous avez des pubs qui tournent actuellement ? je n'ai pas de tranches de mon côté, mais mon compte diffuse actuellement",
        "file": {
            "id": "F84GW82UQ",
            "created": 1511541640,
            "timestamp": 1511541640,
            "name": "image.png",
            "title": "image.png",
            "mimetype": "image\/png",
            "filetype": "png",
            "pretty_type": "PNG",
            "user": "U5519FU87",
            "editable": false,
            "size": 30021,
            "mode": "hosted",
            "is_external": false,
            "external_type": "",
            "is_public": true,
            "public_url_shared": false,
            "display_as_bot": false,
            "username": "",
            "url_private": "https:\/\/files.slack.com\/files-pri\/T53A65FDZ-F84GW82UQ\/image.png?t=xoxe-173346185475-301971345667-302189523445-be5392310f98480a534c383e5d92ddc3",
            "url_private_download": "https:\/\/files.slack.com\/files-pri\/T53A65FDZ-F84GW82UQ\/download\/image.png?t=xoxe-173346185475-301971345667-302189523445-be5392310f98480a534c383e5d92ddc3",
            "thumb_64": "https:\/\/files.slack.com\/files-tmb\/T53A65FDZ-F84GW82UQ-7f10c01725\/image_64.png?t=xoxe-173346185475-301971345667-302189523445-be5392310f98480a534c383e5d92ddc3",
            "thumb_80": "https:\/\/files.slack.com\/files-tmb\/T53A65FDZ-F84GW82UQ-7f10c01725\/image_80.png?t=xoxe-173346185475-301971345667-302189523445-be5392310f98480a534c383e5d92ddc3",
            "thumb_360": "https:\/\/files.slack.com\/files-tmb\/T53A65FDZ-F84GW82UQ-7f10c01725\/image_360.png?t=xoxe-173346185475-301971345667-302189523445-be5392310f98480a534c383e5d92ddc3",
            "thumb_360_w": 360,
            "thumb_360_h": 90,
            "thumb_480": "https:\/\/files.slack.com\/files-tmb\/T53A65FDZ-F84GW82UQ-7f10c01725\/image_480.png?t=xoxe-173346185475-301971345667-302189523445-be5392310f98480a534c383e5d92ddc3",
            "thumb_480_w": 480,
            "thumb_480_h": 120,
            "thumb_160": "https:\/\/files.slack.com\/files-tmb\/T53A65FDZ-F84GW82UQ-7f10c01725\/image_160.png?t=xoxe-173346185475-301971345667-302189523445-be5392310f98480a534c383e5d92ddc3",
            "thumb_720": "https:\/\/files.slack.com\/files-tmb\/T53A65FDZ-F84GW82UQ-7f10c01725\/image_720.png?t=xoxe-173346185475-301971345667-302189523445-be5392310f98480a534c383e5d92ddc3",
            "thumb_720_w": 720,
            "thumb_720_h": 180,
            "thumb_800": "https:\/\/files.slack.com\/files-tmb\/T53A65FDZ-F84GW82UQ-7f10c01725\/image_800.png?t=xoxe-173346185475-301971345667-302189523445-be5392310f98480a534c383e5d92ddc3",
            "thumb_800_w": 800,
            "thumb_800_h": 200,
            "image_exif_rotation": 1,
            "original_w": 899,
            "original_h": 225,
            "permalink": "https:\/\/growthhackingfrance.slack.com\/files\/U5519FU87\/F84GW82UQ\/image.png",
            "permalink_public": "https:\/\/slack-files.com\/T53A65FDZ-F84GW82UQ-5970992103",
            "channels": [],
            "groups": [],
            "ims": [],
            "comments_count": 1,
            "initial_comment": {
                "id": "Fc854M6BU3",
                "created": 1511541640,
                "timestamp": 1511541640,
                "user": "U5519FU87",
                "is_intro": true,
                "comment": "<@U60DUGA9X> <@U54NAL317> vous avez des pubs qui tournent actuellement ? je n'ai pas de tranches de mon côté, mais mon compte diffuse actuellement"
            }
        },
        "user": "U5519FU87",
        "upload": true,
        "display_as_bot": false,
        "username": "quentin",
        "bot_id": null,
        "ts": "1511541642.000098"
    },
    {
        "type": "message",
        "user": "U54PABTGW",
        "text": "<@U5519FU87> tu as ça ou ? car je n'ai que des tranches perso ... je dois passer par semrush pour avoir un volume.",
        "ts": "1511541698.000035"
    },
    {
        "type": "message",
        "user": "U5519FU87",
        "text": "<@U54PABTGW> keyword planner, avec un compte qui a un budget et qui diffuse des pubs actuellement",
        "ts": "1511541781.000167"
    },
    {
        "type": "message",
        "user": "U54PABTGW",
        "text": "ouais j'ai pas ca à mon avis ca me bloque la visualisation.",
        "ts": "1511541803.000021"
    },
    {
        "type": "message",
        "user": "U5519FU87",
        "text": ":disappointed:",
        "ts": "1511541936.000209"
    },
    {
        "type": "message",
        "user": "U54PABTGW",
        "text": "d'ailleurs la nouvelle UX d'adwords c'est une belle merde :slightly_smiling_face:",
        "edited": {
            "user": "U54PABTGW",
            "ts": "1511541982.000000"
        },
        "ts": "1511541972.000240",
        "reactions": [
            {
                "name": "hankey",
                "users": [
                    "U5519FU87",
                    "U55FFTX6J"
                ],
                "count": 2
            }
        ]
    },
    {
        "type": "message",
        "user": "U60DUGA9X",
        "text": "My bad, je viens de tester avec différents comptes. Sur un premier avec des campagnes actives j'ai le détail sans tranches, par contre dans un autre sans campagnes actives je n'ai que de grandes tranches",
        "edited": {
            "user": "U60DUGA9X",
            "ts": "1511542007.000000"
        },
        "ts": "1511541993.000214"
    },
    {
        "type": "message",
        "user": "U5519FU87",
        "text": "Yes idem pour moi",
        "ts": "1511542167.000006"
    },
    {
        "type": "message",
        "user": "U62V7G8J1",
        "text": "Les résultats de Google dans le keyword planner ne sont pas non plus exactes :slightly_smiling_face: Ce sont des estimations. Vous pouvez recouper avec les data de Moz et SEMrush pour vous faire une idée de la \"tendance\"",
        "thread_ts": "1511543024.000099",
        "reply_count": 4,
        "replies": [
            {
                "user": "U54E8FNL9",
                "ts": "1511543206.000128"
            },
            {
                "user": "U54KSDKCY",
                "ts": "1511550045.000124"
            },
            {
                "user": "U5519FU87",
                "ts": "1511559419.000108"
            },
            {
                "user": "U54KSDKCY",
                "ts": "1511561642.000069"
            }
        ],
        "unread_count": 4,
        "ts": "1511543024.000099"
    },
    {
        "type": "message",
        "user": "U54E8FNL9",
        "text": "Correct. Une horreur cet outil de prévision.",
        "thread_ts": "1511543024.000099",
        "parent_user_id": "U62V7G8J1",
        "ts": "1511543206.000128"
    },
    {
        "type": "message",
        "user": "U54NAL317",
        "text": "<@U5519FU87> j'ai des pubs qui tournent. Parfois j'ai des tranches parfois j'ai des volumes exacts ",
        "ts": "1511544679.000138"
    },
    {
        "type": "message",
        "subtype": "file_share",
        "text": "<@U54PABTGW> uploaded a file: <https:\/\/growthhackingfrance.slack.com\/files\/U54PABTGW\/F84HK603A\/capture_d___e__cran_2017-11-24_a___18.54.47.png|Capture d’écran 2017-11-24 à 18.54.47.png>",
        "file": {
            "id": "F84HK603A",
            "created": 1511546108,
            "timestamp": 1511546108,
            "name": "Capture d’écran 2017-11-24 à 18.54.47.png",
            "title": "Capture d’écran 2017-11-24 à 18.54.47.png",
            "mimetype": "image\/png",
            "filetype": "png",
            "pretty_type": "PNG",
            "user": "U54PABTGW",
            "editable": false,
            "size": 25881,
            "mode": "hosted",
            "is_external": false,
            "external_type": "",
            "is_public": true,
            "public_url_shared": false,
            "display_as_bot": false,
            "username": "",
            "url_private": "https:\/\/files.slack.com\/files-pri\/T53A65FDZ-F84HK603A\/capture_d___e__cran_2017-11-24_a___18.54.47.png?t=xoxe-173346185475-301971345667-302189523445-be5392310f98480a534c383e5d92ddc3",
            "url_private_download": "https:\/\/files.slack.com\/files-pri\/T53A65FDZ-F84HK603A\/download\/capture_d___e__cran_2017-11-24_a___18.54.47.png?t=xoxe-173346185475-301971345667-302189523445-be5392310f98480a534c383e5d92ddc3",
            "thumb_64": "https:\/\/files.slack.com\/files-tmb\/T53A65FDZ-F84HK603A-345b60bf4f\/capture_d___e__cran_2017-11-24_a___18.54.47_64.png?t=xoxe-173346185475-301971345667-302189523445-be5392310f98480a534c383e5d92ddc3",
            "thumb_80": "https:\/\/files.slack.com\/files-tmb\/T53A65FDZ-F84HK603A-345b60bf4f\/capture_d___e__cran_2017-11-24_a___18.54.47_80.png?t=xoxe-173346185475-301971345667-302189523445-be5392310f98480a534c383e5d92ddc3",
            "thumb_360": "https:\/\/files.slack.com\/files-tmb\/T53A65FDZ-F84HK603A-345b60bf4f\/capture_d___e__cran_2017-11-24_a___18.54.47_360.png?t=xoxe-173346185475-301971345667-302189523445-be5392310f98480a534c383e5d92ddc3",
            "thumb_360_w": 360,
            "thumb_360_h": 43,
            "thumb_480": "https:\/\/files.slack.com\/files-tmb\/T53A65FDZ-F84HK603A-345b60bf4f\/capture_d___e__cran_2017-11-24_a___18.54.47_480.png?t=xoxe-173346185475-301971345667-302189523445-be5392310f98480a534c383e5d92ddc3",
            "thumb_480_w": 480,
            "thumb_480_h": 57,
            "thumb_160": "https:\/\/files.slack.com\/files-tmb\/T53A65FDZ-F84HK603A-345b60bf4f\/capture_d___e__cran_2017-11-24_a___18.54.47_160.png?t=xoxe-173346185475-301971345667-302189523445-be5392310f98480a534c383e5d92ddc3",
            "thumb_720": "https:\/\/files.slack.com\/files-tmb\/T53A65FDZ-F84HK603A-345b60bf4f\/capture_d___e__cran_2017-11-24_a___18.54.47_720.png?t=xoxe-173346185475-301971345667-302189523445-be5392310f98480a534c383e5d92ddc3",
            "thumb_720_w": 720,
            "thumb_720_h": 86,
            "thumb_800": "https:\/\/files.slack.com\/files-tmb\/T53A65FDZ-F84HK603A-345b60bf4f\/capture_d___e__cran_2017-11-24_a___18.54.47_800.png?t=xoxe-173346185475-301971345667-302189523445-be5392310f98480a534c383e5d92ddc3",
            "thumb_800_w": 800,
            "thumb_800_h": 95,
            "image_exif_rotation": 1,
            "original_w": 942,
            "original_h": 112,
            "permalink": "https:\/\/growthhackingfrance.slack.com\/files\/U54PABTGW\/F84HK603A\/capture_d___e__cran_2017-11-24_a___18.54.47.png",
            "permalink_public": "https:\/\/slack-files.com\/T53A65FDZ-F84HK603A-82a0da7dbc",
            "channels": [],
            "groups": [],
            "ims": [],
            "comments_count": 0
        },
        "user": "U54PABTGW",
        "upload": true,
        "display_as_bot": false,
        "username": "grab",
        "bot_id": null,
        "ts": "1511546109.000153"
    },
    {
        "type": "message",
        "user": "U54KSDKCY",
        "text": "Après SemRush est très leger sur les KW français..",
        "thread_ts": "1511543024.000099",
        "parent_user_id": "U62V7G8J1",
        "ts": "1511550045.000124"
    },
    {
        "type": "message",
        "user": "U5519FU87",
        "text": "c'est sûr, en meme temps aucun outil ne donne les volumes exacts, tout est extrapolé :slightly_smiling_face:",
        "thread_ts": "1511543024.000099",
        "parent_user_id": "U62V7G8J1",
        "ts": "1511559419.000108"
    },
    {
        "type": "message",
        "user": "U54KSDKCY",
        "text": "Non mais j'entends par la que les mots clés français sont absents quand ils sont sur un faible volume chez SemRush ",
        "thread_ts": "1511543024.000099",
        "parent_user_id": "U62V7G8J1",
        "ts": "1511561642.000069",
        "reactions": [
            {
                "name": "+1",
                "users": [
                    "U5519FU87"
                ],
                "count": 1
            }
        ]
    }
]