[
    {
        "type": "message",
        "user": "U60MQV8J0",
        "text": "Hello,\nJe vois pas mal de sites vitrines (homepage, pages features, pages entreprises, tarifs, landing pages, etc ...) construis en JS (React, Angular,  NodeJs, etc). N'étant pas super-technique, je me demandais quels outils étaient utilisés coté back-office dans ces cas-là, surtout lorsqu'on veut mettre en place une stratégie SEO et qu'il faut donner la main à des personnes moins techniques pour l'optimisation \/ la création de content.\nIl y a également des boites qui utilisent WordPress pour leur site vitrine en plus de leur blog, c'est peut être le meilleur compromis d'avoir un vrai CMS coté back-office. Vous en pensez quoi ?",
        "ts": "1499070673.522911"
    },
    {
        "type": "message",
        "user": "U5C86111D",
        "text": "j’avais partagé un article sur tout ça, faut que je le retrouve...",
        "ts": "1499070698.532378"
    },
    {
        "type": "message",
        "user": "U5C86111D",
        "text": "<https:\/\/goralewicz.com\/blog\/javascript-seo-experiment\/>",
        "attachments": [
            {
                "service_name": "goralewicz.com",
                "title": "Can Google properly crawl and index JavaScript frameworks?",
                "title_link": "https:\/\/goralewicz.com\/blog\/javascript-seo-experiment\/",
                "text": "Our JavaScript SEO experiment uncovers which JavaScript frameworks are SEO-friendly",
                "fallback": "goralewicz.com: Can Google properly crawl and index JavaScript frameworks?",
                "thumb_url": "https:\/\/goralewicz.com\/web\/uploads\/images\/javascript-seo-experiment.jpg",
                "from_url": "https:\/\/goralewicz.com\/blog\/javascript-seo-experiment\/",
                "thumb_width": 1600,
                "thumb_height": 666,
                "service_icon": "https:\/\/goralewicz.com\/favicon.ico",
                "id": 1
            }
        ],
        "ts": "1499070792.566285"
    },
    {
        "type": "message",
        "user": "U5C86111D",
        "text": "Le JS c’est toujours super critique en SEO car Google commence à le lire mais bon..",
        "ts": "1499070824.577590"
    },
    {
        "type": "message",
        "user": "U5C86111D",
        "text": "Wordpress c’est top tu as un max d’extensions pour accélérer ton site",
        "ts": "1499070854.589552"
    },
    {
        "type": "message",
        "user": "U5C86111D",
        "text": "Entre Wordpress et son propre backoffice c’est ré-inventé la roue a moins d’avoir des besoins vraiment spécifique",
        "thread_ts": "1499070880.598722",
        "reply_count": 13,
        "replies": [
            {
                "user": "U60MQV8J0",
                "ts": "1499071246.730735"
            },
            {
                "user": "U5C86111D",
                "ts": "1499071300.750691"
            },
            {
                "user": "U60MQV8J0",
                "ts": "1499072030.026269"
            },
            {
                "user": "U60MQV8J0",
                "ts": "1499072066.040181"
            },
            {
                "user": "U5C86111D",
                "ts": "1499072135.067217"
            },
            {
                "user": "U60MQV8J0",
                "ts": "1499072143.070505"
            },
            {
                "user": "U5C86111D",
                "ts": "1499072160.077075"
            },
            {
                "user": "U60MQV8J0",
                "ts": "1499072216.099435"
            },
            {
                "user": "U5C86111D",
                "ts": "1499072247.111625"
            },
            {
                "user": "U5C86111D",
                "ts": "1499072275.123086"
            },
            {
                "user": "U5C86111D",
                "ts": "1499072285.127294"
            },
            {
                "user": "U60MQV8J0",
                "ts": "1499072392.168597"
            },
            {
                "user": "U5C86111D",
                "ts": "1499072407.175551"
            }
        ],
        "unread_count": 13,
        "ts": "1499070880.598722",
        "reactions": [
            {
                "name": "+1",
                "users": [
                    "U53GAFF8R",
                    "U5CQPG96J",
                    "U60MQV8J0"
                ],
                "count": 3
            }
        ]
    },
    {
        "type": "message",
        "user": "U60MQV8J0",
        "text": "robin: Merci pour l'article :simple_smile: yes c'est un peu l'avis que j'ai aussi. J'ai l'impression que faire du custom pour un backoffice de site vitrine c'est consommateur de ressources DEV sans forcemment bcp de valeurs ajoutées... Mais voyant pleins de startups utilisant du JS je me posais la question du réel intérêt :blush:",
        "edited": {
            "user": "U60MQV8J0",
            "ts": "1499071272.000000"
        },
        "thread_ts": "1499070880.598722",
        "parent_user_id": "U5C86111D",
        "ts": "1499071246.730735"
    },
    {
        "type": "message",
        "user": "U5C86111D",
        "text": "Chez Swapcard j’ai pas de backoffice et le tout est fait en node-js. Le texte on le gère sur phraseapp et quand je dois faire une modif, c’est dans le code",
        "thread_ts": "1499070880.598722",
        "parent_user_id": "U5C86111D",
        "ts": "1499071300.750691"
    },
    {
        "type": "message",
        "user": "U60MQV8J0",
        "text": "Effectivement des outils comme phraseapp ça peut être un bon compromis pour gérer le content.",
        "thread_ts": "1499070880.598722",
        "parent_user_id": "U5C86111D",
        "ts": "1499072030.026269"
    },
    {
        "type": "message",
        "user": "U60MQV8J0",
        "text": "Mais se pose toujours la question de  de la valeurs ajoutée du JS sur des sites vitrines, et surtout du coût en terme de ressources DEV internes. <@U5C86111D> ca répond à un besoin spécifique sur le site de swapcard ?",
        "edited": {
            "user": "U60MQV8J0",
            "ts": "1499072116.000000"
        },
        "thread_ts": "1499070880.598722",
        "parent_user_id": "U5C86111D",
        "ts": "1499072066.040181"
    },
    {
        "type": "message",
        "user": "U5C86111D",
        "text": "de ?",
        "thread_ts": "1499070880.598722",
        "parent_user_id": "U5C86111D",
        "ts": "1499072135.067217"
    },
    {
        "type": "message",
        "user": "U60MQV8J0",
        "text": "d'utiliser du JS",
        "thread_ts": "1499070880.598722",
        "parent_user_id": "U5C86111D",
        "ts": "1499072143.070505"
    },
    {
        "type": "message",
        "user": "U5C86111D",
        "text": "Du js en front ou back ?",
        "thread_ts": "1499070880.598722",
        "parent_user_id": "U5C86111D",
        "ts": "1499072160.077075"
    },
    {
        "type": "message",
        "user": "U60MQV8J0",
        "text": "en back avec du Node",
        "thread_ts": "1499070880.598722",
        "parent_user_id": "U5C86111D",
        "ts": "1499072216.099435"
    },
    {
        "type": "message",
        "user": "U5C86111D",
        "text": "oui j’avais besoin du node-js. J’ai des pages dynamiques qui changent en fonction de l’url",
        "thread_ts": "1499070880.598722",
        "parent_user_id": "U5C86111D",
        "ts": "1499072247.111625"
    },
    {
        "type": "message",
        "user": "U5C86111D",
        "text": "et gérer le seo : hreflang, canonical...",
        "thread_ts": "1499070880.598722",
        "parent_user_id": "U5C86111D",
        "ts": "1499072275.123086"
    },
    {
        "type": "message",
        "user": "U5C86111D",
        "text": "bonne chance sans back je l’ai fait :sweat_smile:",
        "thread_ts": "1499070880.598722",
        "parent_user_id": "U5C86111D",
        "ts": "1499072285.127294"
    },
    {
        "type": "message",
        "user": "U60MQV8J0",
        "text": "haha effectivement t'as du t'amuser",
        "thread_ts": "1499070880.598722",
        "parent_user_id": "U5C86111D",
        "ts": "1499072392.168597"
    },
    {
        "type": "message",
        "user": "U5C86111D",
        "text": "et du coup j’ai tout refais en node",
        "thread_ts": "1499070880.598722",
        "parent_user_id": "U5C86111D",
        "ts": "1499072407.175551",
        "reactions": [
            {
                "name": "+1",
                "users": [
                    "U60MQV8J0"
                ],
                "count": 1
            }
        ]
    }
]