[
    {
        "type": "message",
        "user": "U5635E9JN",
        "text": "Hello, pour mes audits SEO j'ai souvent spotté le duplicat content avec Moz, mais je n'ai plus de compte... Qu'utilisez-vous ? Il me semble qu'il y a un moyen de le faire depuis Screaming Frog mais je ne souviens plus excatement comment",
        "edited": {
            "user": "U5635E9JN",
            "ts": "1510603931.000000"
        },
        "ts": "1510603764.000312"
    },
    {
        "type": "message",
        "user": "U5C86111D",
        "text": "SEO Group buy ?",
        "ts": "1510604187.000157"
    },
    {
        "type": "message",
        "user": "U5635E9JN",
        "text": "c'est bon en fait, j'ai retrouvé la technique avec screaming frog, il faut utiliser la partie \"hash\". Si deux hashs sont les mêmes, c'est que les pages sont les mêmes :slightly_smiling_face:",
        "ts": "1510607792.000364",
        "reactions": [
            {
                "name": "+1",
                "users": [
                    "U61LBKVEF"
                ],
                "count": 1
            }
        ]
    },
    {
        "type": "message",
        "user": "U54KSDKCY",
        "text": "Moi j'ai trouvé un petit lien Free 30 jours chez SemRush sur un Blog, ça fait du bien pour un chantier :) ",
        "ts": "1510613583.000130"
    }
]