[
    {
        "type": "message",
        "user": "U54C5S7V2",
        "text": "Hello tout le monde. PEtite question y'a qques moi j'ai lu que les sous domaines beneficiaient dorénavant du jus du domaine principal (contrairement à avant où c'était un départ à zero quand on etait sur un sous domaine). Any thoughts?",
        "ts": "1504079051.000122"
    },
    {
        "type": "message",
        "user": "U5635E9JN",
        "text": "je n’ai rien constaté à ce niveau la, ou l’a tu lu ?",
        "ts": "1504082003.000031"
    },
    {
        "type": "message",
        "user": "U54C5S7V2",
        "text": "jme souviens plus du tt",
        "ts": "1504089100.000054"
    },
    {
        "type": "message",
        "user": "U54C5S7V2",
        "text": "c'est pour ca que je souhaite en parler ici",
        "ts": "1504089109.000199"
    },
    {
        "type": "message",
        "user": "U54C5S7V2",
        "text": "savoir ce qu'il en est",
        "ts": "1504089113.000127"
    },
    {
        "type": "message",
        "user": "U546L44SJ",
        "text": "Ouai apparement c’est vrai. J’ai lu la même chose. Même son de cloche. Mais je n’ai rien qui puisse  le prouver",
        "ts": "1504089517.000328"
    },
    {
        "type": "message",
        "user": "U546L44SJ",
        "text": "J’avais plein de liens qui pointaient vers la page de login du SaaS done je m’occupe et je voualis les récuperer. Il faut en revanche être sûr que le crawler de GOOGLE puisse avoir accès au sous domaine et que le sous domaine renvoie au Domaine Principal",
        "ts": "1504089589.000246"
    },
    {
        "type": "message",
        "user": "U54C5S7V2",
        "text": "ok thanks",
        "ts": "1504092427.000374"
    },
    {
        "type": "message",
        "user": "U54C5S7V2",
        "text": "je vais checker un peu sur le web",
        "ts": "1504092432.000233"
    },
    {
        "type": "message",
        "user": "U54C5S7V2",
        "text": "<https:\/\/blog.spinweb.net\/is-it-bad-for-seo-to-use-a-subdomain-for-your-blog>",
        "attachments": [
            {
                "title": "Is It Bad for SEO to Use a Subdomain for Your Blog?",
                "title_link": "https:\/\/blog.spinweb.net\/is-it-bad-for-seo-to-use-a-subdomain-for-your-blog",
                "text": "For some reason, the \"subdomain vs. subfolder\" myth is still coming up in conversations about SEO.",
                "fallback": "Is It Bad for SEO to Use a Subdomain for Your Blog?",
                "image_url": "https:\/\/cdn2.hubspot.net\/hub\/165655\/file-538032575-jpg\/images\/blog\/www-search.jpg#keepProtocol",
                "image_width": 600,
                "image_height": 232,
                "from_url": "https:\/\/blog.spinweb.net\/is-it-bad-for-seo-to-use-a-subdomain-for-your-blog",
                "image_bytes": 77927,
                "service_icon": "http:\/\/blog.spinweb.net\/hubfs\/SpinWeb-Red\/favicon.ico?t=1502906173061",
                "service_name": "blog.spinweb.net",
                "id": 1
            }
        ],
        "thread_ts": "1504100784.000075",
        "reply_count": 1,
        "replies": [
            {
                "user": "U54NAL317",
                "ts": "1504100929.000700"
            }
        ],
        "unread_count": 1,
        "ts": "1504100784.000075"
    },
    {
        "type": "message",
        "user": "U54C5S7V2",
        "text": "pas d'importance apparement",
        "ts": "1504100787.000660"
    },
    {
        "type": "message",
        "user": "U54NAL317",
        "text": "<#C53A65MM1|random> j'ai cru sur la photo que c'était un test de grossesse.....",
        "thread_ts": "1504100784.000075",
        "parent_user_id": "U54C5S7V2",
        "ts": "1504100929.000700",
        "reactions": [
            {
                "name": "joy",
                "users": [
                    "U543MU39P",
                    "U54C5S7V2"
                ],
                "count": 2
            }
        ]
    },
    {
        "type": "message",
        "user": "U57DAHPE1",
        "text": "Des gens qui s’y connaissent en ASO ou voudraient commencer à apprendre l’ASO ici ?",
        "thread_ts": "1504115848.000092",
        "reply_count": 3,
        "replies": [
            {
                "user": "U62V7G8J1",
                "ts": "1504286238.000575"
            },
            {
                "user": "U62V7G8J1",
                "ts": "1504286275.000433"
            },
            {
                "user": "U57DAHPE1",
                "ts": "1504288659.000083"
            }
        ],
        "unread_count": 3,
        "ts": "1504115848.000092"
    }
]