[
    {
        "type": "message",
        "subtype": "file_comment",
        "text": "<@U54NAL317> commented on <@U53T94L7N>’s file <https:\/\/growthhackingfrance.slack.com\/files\/U53T94L7N\/F58VD0C0K\/18338899_10154697537442582_1756777573_o.png|Mixpanel VS HeapAnalytics (England)>: Yes.\nEt si tu cherches Mailchimp, t'as carrement Sendin Blue qui annonce être moins cher que mailchimp :stuck_out_tongue:",
        "file": {
            "id": "F58VD0C0K",
            "created": 1493942037,
            "timestamp": 1493942037,
            "name": "18338899_10154697537442582_1756777573_o.png",
            "title": "Mixpanel VS HeapAnalytics (England)",
            "mimetype": "image\/png",
            "filetype": "png",
            "pretty_type": "PNG",
            "user": "U53T94L7N",
            "editable": false,
            "size": 104840,
            "mode": "hosted",
            "is_external": false,
            "external_type": "",
            "is_public": true,
            "public_url_shared": false,
            "display_as_bot": false,
            "username": "",
            "url_private": "https:\/\/files.slack.com\/files-pri\/T53A65FDZ-F58VD0C0K\/18338899_10154697537442582_1756777573_o.png?t=xoxe-173346185475-301971345667-302189523445-be5392310f98480a534c383e5d92ddc3",
            "url_private_download": "https:\/\/files.slack.com\/files-pri\/T53A65FDZ-F58VD0C0K\/download\/18338899_10154697537442582_1756777573_o.png?t=xoxe-173346185475-301971345667-302189523445-be5392310f98480a534c383e5d92ddc3",
            "thumb_64": "https:\/\/files.slack.com\/files-tmb\/T53A65FDZ-F58VD0C0K-e377ba835c\/18338899_10154697537442582_1756777573_o_64.png?t=xoxe-173346185475-301971345667-302189523445-be5392310f98480a534c383e5d92ddc3",
            "thumb_80": "https:\/\/files.slack.com\/files-tmb\/T53A65FDZ-F58VD0C0K-e377ba835c\/18338899_10154697537442582_1756777573_o_80.png?t=xoxe-173346185475-301971345667-302189523445-be5392310f98480a534c383e5d92ddc3",
            "thumb_360": "https:\/\/files.slack.com\/files-tmb\/T53A65FDZ-F58VD0C0K-e377ba835c\/18338899_10154697537442582_1756777573_o_360.png?t=xoxe-173346185475-301971345667-302189523445-be5392310f98480a534c383e5d92ddc3",
            "thumb_360_w": 360,
            "thumb_360_h": 248,
            "thumb_480": "https:\/\/files.slack.com\/files-tmb\/T53A65FDZ-F58VD0C0K-e377ba835c\/18338899_10154697537442582_1756777573_o_480.png?t=xoxe-173346185475-301971345667-302189523445-be5392310f98480a534c383e5d92ddc3",
            "thumb_480_w": 480,
            "thumb_480_h": 330,
            "thumb_160": "https:\/\/files.slack.com\/files-tmb\/T53A65FDZ-F58VD0C0K-e377ba835c\/18338899_10154697537442582_1756777573_o_160.png?t=xoxe-173346185475-301971345667-302189523445-be5392310f98480a534c383e5d92ddc3",
            "thumb_720": "https:\/\/files.slack.com\/files-tmb\/T53A65FDZ-F58VD0C0K-e377ba835c\/18338899_10154697537442582_1756777573_o_720.png?t=xoxe-173346185475-301971345667-302189523445-be5392310f98480a534c383e5d92ddc3",
            "thumb_720_w": 720,
            "thumb_720_h": 496,
            "thumb_800": "https:\/\/files.slack.com\/files-tmb\/T53A65FDZ-F58VD0C0K-e377ba835c\/18338899_10154697537442582_1756777573_o_800.png?t=xoxe-173346185475-301971345667-302189523445-be5392310f98480a534c383e5d92ddc3",
            "thumb_800_w": 800,
            "thumb_800_h": 551,
            "thumb_960": "https:\/\/files.slack.com\/files-tmb\/T53A65FDZ-F58VD0C0K-e377ba835c\/18338899_10154697537442582_1756777573_o_960.png?t=xoxe-173346185475-301971345667-302189523445-be5392310f98480a534c383e5d92ddc3",
            "thumb_960_w": 960,
            "thumb_960_h": 661,
            "thumb_1024": "https:\/\/files.slack.com\/files-tmb\/T53A65FDZ-F58VD0C0K-e377ba835c\/18338899_10154697537442582_1756777573_o_1024.png?t=xoxe-173346185475-301971345667-302189523445-be5392310f98480a534c383e5d92ddc3",
            "thumb_1024_w": 1024,
            "thumb_1024_h": 705,
            "image_exif_rotation": 1,
            "original_w": 1300,
            "original_h": 895,
            "permalink": "https:\/\/growthhackingfrance.slack.com\/files\/U53T94L7N\/F58VD0C0K\/18338899_10154697537442582_1756777573_o.png",
            "permalink_public": "https:\/\/slack-files.com\/T53A65FDZ-F58VD0C0K-91f92302a2",
            "channels": [],
            "groups": [],
            "ims": [],
            "comments_count": 2,
            "initial_comment": {
                "id": "Fc5923U2G2",
                "created": 1493942037,
                "timestamp": 1493942037,
                "user": "U53T94L7N",
                "is_intro": true,
                "comment": "<@U54NAL317>"
            }
        },
        "comment": {
            "id": "Fc58K2MYTB",
            "created": 1493977427,
            "timestamp": 1493977427,
            "user": "U54NAL317",
            "is_intro": false,
            "comment": "Yes.\nEt si tu cherches Mailchimp, t'as carrement Sendin Blue qui annonce être moins cher que mailchimp :stuck_out_tongue:"
        },
        "is_intro": false,
        "ts": "1493977427.580632"
    },
    {
        "type": "message",
        "user": "U53T94L7N",
        "text": "hahaha xD",
        "ts": "1493977585.636645"
    },
    {
        "user": "U597UMT3L",
        "text": "<@U597UMT3L> has joined the channel",
        "type": "message",
        "subtype": "channel_join",
        "ts": "1493987136.723404"
    },
    {
        "user": "U53B0C18Q",
        "text": "<@U53B0C18Q> has joined the channel",
        "type": "message",
        "subtype": "channel_join",
        "ts": "1493989079.488007"
    },
    {
        "type": "message",
        "user": "U555MT77A",
        "text": "Quelqu’un a testé ça dans sa boite ? J’ai l’intuition que ça doit couter une fortune sans etre forcément super productif mais d’un autre coté s’ils le font…",
        "thread_ts": "1493993686.898283",
        "reply_count": 6,
        "replies": [
            {
                "user": "U56A4ULMV",
                "ts": "1493994183.190466"
            },
            {
                "user": "U56A4ULMV",
                "ts": "1493994312.263794"
            },
            {
                "user": "U555MT77A",
                "ts": "1493996027.303425"
            },
            {
                "user": "U56A4ULMV",
                "ts": "1493996218.423328"
            },
            {
                "user": "U54078XQ8",
                "ts": "1494036444.644554"
            },
            {
                "user": "U54E8FNL9",
                "ts": "1495209712.102997"
            }
        ],
        "unread_count": 6,
        "ts": "1493993686.898283"
    },
    {
        "type": "message",
        "user": "U56A4ULMV",
        "text": "c2prods: Yes, ça dépend de ton produit. Si ton client est en phase de brainstorm et que tu réponds pile à sa problématique, tu as une chance de le garder. Sinon, tu as pas mal de chance que le traffic soit pouris parce que le type cherche le produit de ton concurrent plus que la feature en elle même et du coup se plante en pensant que c’est le site de ton concurrent. Test, regarde ton CTR mais surtout ton taux de sortie. En gros, si ton client cherche à répondre un produit tu peux l’avoir, s’il cherche ton concurent, tu ne l’auras pas.",
        "thread_ts": "1493993686.898283",
        "parent_user_id": "U555MT77A",
        "ts": "1493994183.190466",
        "reactions": [
            {
                "name": "+1",
                "users": [
                    "U55FFTX6J"
                ],
                "count": 1
            }
        ]
    },
    {
        "type": "message",
        "user": "U56A4ULMV",
        "text": "Conclusion : Bide sur des concurents qui ont une noto plus importante que toi et regarde (attention la plus part des “gros” ont déjà demandé à Google de bloquer les annonces avec leurs noms dedans)",
        "thread_ts": "1493993686.898283",
        "parent_user_id": "U555MT77A",
        "ts": "1493994312.263794"
    },
    {
        "type": "message",
        "user": "U555MT77A",
        "text": "yes ça me semble un peu étroit comme situation :stuck_out_tongue: thanks !",
        "thread_ts": "1493993686.898283",
        "parent_user_id": "U555MT77A",
        "ts": "1493996027.303425"
    },
    {
        "type": "message",
        "user": "U56A4ULMV",
        "text": "Un peu oui, mais sur certains business c’est vraiment pas mal",
        "thread_ts": "1493993686.898283",
        "parent_user_id": "U555MT77A",
        "ts": "1493996218.423328"
    },
    {
        "user": "U54N4URLZ",
        "text": "<@U54N4URLZ> has joined the channel",
        "type": "message",
        "subtype": "channel_join",
        "ts": "1494004732.344926"
    },
    {
        "type": "message",
        "user": "U54N4URLZ",
        "text": "moi je pourrais etre chaud c'est quoi ta thématique ? PR DA ?",
        "thread_ts": "1493118637.556834",
        "parent_user_id": "U540H2PEF",
        "ts": "1494004818.390520"
    },
    {
        "user": "U54E8FNL9",
        "text": "<@U54E8FNL9> has joined the channel",
        "type": "message",
        "subtype": "channel_join",
        "ts": "1494027064.072077"
    },
    {
        "type": "message",
        "user": "U54078XQ8",
        "text": "Fait attention a ne pas déclencher une guerre :grinning:",
        "thread_ts": "1493993686.898283",
        "parent_user_id": "U555MT77A",
        "ts": "1494036444.644554"
    }
]