[
    {
        "user": "U54PWGHBQ",
        "text": "<@U54PWGHBQ> has joined the channel",
        "type": "message",
        "subtype": "channel_join",
        "ts": "1493105695.425558"
    },
    {
        "user": "U541NNS68",
        "text": "<@U541NNS68> has joined the channel",
        "type": "message",
        "subtype": "channel_join",
        "ts": "1493105939.492260"
    },
    {
        "user": "U54139CKW",
        "text": "<@U54139CKW> has joined the channel",
        "type": "message",
        "subtype": "channel_join",
        "ts": "1493108706.343289"
    },
    {
        "user": "U541S59L4",
        "text": "<@U541S59L4> has joined the channel",
        "type": "message",
        "subtype": "channel_join",
        "ts": "1493108749.357527"
    },
    {
        "user": "U542EDP6Z",
        "text": "<@U542EDP6Z> has joined the channel",
        "type": "message",
        "subtype": "channel_join",
        "ts": "1493108757.360124"
    },
    {
        "user": "U53U1Q38T",
        "text": "<@U53U1Q38T> has joined the channel",
        "type": "message",
        "subtype": "channel_join",
        "ts": "1493108761.361756"
    },
    {
        "user": "U53T72M8B",
        "text": "<@U53T72M8B> has joined the channel",
        "type": "message",
        "subtype": "channel_join",
        "ts": "1493108890.404039"
    },
    {
        "type": "message",
        "user": "U541S59L4",
        "text": "Pour ceux qui ne connaissent ni l’outil et le blog :slightly_smiling_face: <http:\/\/www.oncrawl.com\/blog\/>",
        "attachments": [
            {
                "service_name": "OnCrawl : Onsite SEO monitoring tool",
                "title": "Blog",
                "title_link": "http:\/\/www.oncrawl.com\/blog\/",
                "text": "Visit the post for more.",
                "fallback": "OnCrawl : Onsite SEO monitoring tool: Blog",
                "thumb_url": "https:\/\/s0.wp.com\/i\/blank.jpg",
                "ts": 1413468061,
                "from_url": "http:\/\/www.oncrawl.com\/blog\/",
                "thumb_width": 200,
                "thumb_height": 200,
                "service_icon": "http:\/\/www.oncrawl.com\/wp-content\/uploads\/2015\/04\/favicon.ico",
                "id": 1
            }
        ],
        "ts": "1493108925.416313",
        "reactions": [
            {
                "name": "+1",
                "users": [
                    "U53T94L7N"
                ],
                "count": 1
            },
            {
                "name": "rocket",
                "users": [
                    "U546L44SJ"
                ],
                "count": 1
            }
        ]
    },
    {
        "user": "U53T3FKPD",
        "text": "<@U53T3FKPD> has joined the channel",
        "type": "message",
        "subtype": "channel_join",
        "ts": "1493108946.423359"
    },
    {
        "user": "U53CMNPR7",
        "text": "<@U53CMNPR7> has joined the channel",
        "type": "message",
        "subtype": "channel_join",
        "ts": "1493108980.434531"
    },
    {
        "user": "U54QL7C5D",
        "text": "<@U54QL7C5D> has joined the channel",
        "type": "message",
        "subtype": "channel_join",
        "ts": "1493109131.487059"
    },
    {
        "user": "U542ACH3P",
        "text": "<@U542ACH3P> has joined the channel",
        "type": "message",
        "subtype": "channel_join",
        "ts": "1493109449.593863"
    },
    {
        "user": "U54QME9RD",
        "text": "<@U54QME9RD> has joined the channel",
        "type": "message",
        "subtype": "channel_join",
        "ts": "1493109615.649038"
    },
    {
        "user": "U54R9JPBR",
        "text": "<@U54R9JPBR> has joined the channel",
        "type": "message",
        "subtype": "channel_join",
        "ts": "1493110958.117618"
    },
    {
        "type": "message",
        "user": "U53T94L7N",
        "text": "<!channel> semrush ou href ? Vous avez deux heures haha",
        "thread_ts": "1493111244.217307",
        "reply_count": 3,
        "replies": [
            {
                "user": "U57BKANLD",
                "ts": "1494423830.873550"
            },
            {
                "user": "U53T94L7N",
                "ts": "1494424114.026046"
            },
            {
                "user": "U57BKANLD",
                "ts": "1494424165.054193"
            }
        ],
        "unread_count": 3,
        "ts": "1493111244.217307"
    },
    {
        "type": "message",
        "user": "U546L44SJ",
        "text": "SEM RUSH pour ma part",
        "ts": "1493111385.264787"
    },
    {
        "type": "message",
        "user": "U546L44SJ",
        "text": ":slightly_smiling_face:",
        "ts": "1493111395.267997"
    },
    {
        "type": "message",
        "user": "U541S59L4",
        "text": "oncrawl(crawler\/analyser de logs\/ Analyse croisée des visites seo de google Analytics), myposeo (suivie des mots clefs avec benchmark des concurrents), majestic (les backlinks). Les trois sont partenaires donc à terme on devrais voir les données des deux derniers remontés dans Oncrawl pour un suivie SEO optimal (source François Goube, Oncrawl founder). Voilà voilà :slightly_smiling_face:",
        "ts": "1493111726.379603"
    },
    {
        "type": "message",
        "user": "U53U1Q38T",
        "text": "plus habitué à SemRush aussi, mais pas encore testé sur la durée href",
        "ts": "1493111765.393013"
    },
    {
        "user": "U543A3CLV",
        "text": "<@U543A3CLV> has joined the channel",
        "type": "message",
        "subtype": "channel_join",
        "ts": "1493112628.690823"
    },
    {
        "user": "U54Q49NUW",
        "text": "<@U54Q49NUW> has joined the channel",
        "type": "message",
        "subtype": "channel_join",
        "ts": "1493112831.761657"
    },
    {
        "user": "U53E0AZ5F",
        "text": "<@U53E0AZ5F> has joined the channel",
        "type": "message",
        "subtype": "channel_join",
        "ts": "1493115145.526229"
    },
    {
        "type": "message",
        "user": "U53E0AZ5F",
        "text": "<@U53T94L7N> SEMrush est + complet !",
        "ts": "1493115163.531312"
    },
    {
        "user": "U53BSQF2L",
        "text": "<@U53BSQF2L> has joined the channel",
        "type": "message",
        "subtype": "channel_join",
        "ts": "1493115314.576013"
    },
    {
        "user": "U540H2PEF",
        "text": "<@U540H2PEF> has joined the channel",
        "type": "message",
        "subtype": "channel_join",
        "ts": "1493118533.526842"
    },
    {
        "type": "message",
        "user": "U540H2PEF",
        "text": "Qui serait webmaster et tenter par de l'échange de lien (petit partenariat). 100% du link juice ",
        "thread_ts": "1493118637.556834",
        "reply_count": 5,
        "replies": [
            {
                "user": "U541S59L4",
                "ts": "1493127192.694710"
            },
            {
                "user": "U53GAFF8R",
                "ts": "1493128229.246527"
            },
            {
                "user": "U53HC95EU",
                "ts": "1493136110.058910"
            },
            {
                "user": "U53GAFF8R",
                "ts": "1493138353.306641"
            },
            {
                "user": "U54N4URLZ",
                "ts": "1494004818.390520"
            }
        ],
        "unread_count": 5,
        "ts": "1493118637.556834"
    },
    {
        "user": "U543911MG",
        "text": "<@U543911MG> has joined the channel",
        "type": "message",
        "subtype": "channel_join",
        "ts": "1493121692.454352"
    },
    {
        "user": "U53GAFF8R",
        "text": "<@U53GAFF8R> has joined the channel",
        "type": "message",
        "subtype": "channel_join",
        "ts": "1493123707.148523"
    },
    {
        "type": "message",
        "user": "U546L44SJ",
        "text": "<@U540H2PEF> il faut des sites sémantiquement similaires non ?",
        "thread_ts": "1493126999.592979",
        "reply_count": 4,
        "replies": [
            {
                "user": "U540H2PEF",
                "ts": "1493131797.380888"
            },
            {
                "user": "U546L44SJ",
                "ts": "1493132158.606516"
            },
            {
                "user": "U53GAFF8R",
                "ts": "1493138453.359990"
            },
            {
                "user": "U540H2PEF",
                "ts": "1493150837.946778"
            }
        ],
        "unread_count": 4,
        "ts": "1493126999.592979"
    },
    {
        "type": "message",
        "user": "U541S59L4",
        "text": "Hello, c’est à étudier :slightly_smiling_face:, je suis entrain de repenser le linking de mon site et j’aurais besoin de link juice sur certaines pages. Que propose tu ?",
        "thread_ts": "1493118637.556834",
        "parent_user_id": "U540H2PEF",
        "ts": "1493127192.694710"
    },
    {
        "user": "U5444AJBW",
        "text": "<@U5444AJBW> has joined the channel",
        "type": "message",
        "subtype": "channel_join",
        "ts": "1493127249.724363"
    },
    {
        "type": "message",
        "user": "U53GAFF8R",
        "text": "Cela fonctionne encore les échanges de liens ?",
        "thread_ts": "1493118637.556834",
        "parent_user_id": "U540H2PEF",
        "ts": "1493128229.246527"
    },
    {
        "user": "U544P0TK4",
        "text": "<@U544P0TK4> has joined the channel",
        "type": "message",
        "subtype": "channel_join",
        "ts": "1493128255.260261"
    },
    {
        "user": "U54QDDPJT",
        "text": "<@U54QDDPJT> has joined the channel",
        "type": "message",
        "subtype": "channel_join",
        "ts": "1493128472.380968"
    },
    {
        "type": "message",
        "user": "U540H2PEF",
        "text": "benjamin_gabay: il faut au minimum un article qui est en rapport avec la page cible. Le mieux est bien évidemment d'être site le même thème...",
        "thread_ts": "1493126999.592979",
        "parent_user_id": "U546L44SJ",
        "ts": "1493131797.380888"
    },
    {
        "user": "U54PABTGW",
        "text": "<@U54PABTGW> has joined the channel",
        "type": "message",
        "subtype": "channel_join",
        "ts": "1493131832.403113"
    },
    {
        "type": "message",
        "user": "U54PABTGW",
        "text": "ya du monde en fin de semaine à Deauville pour Que du Web ?",
        "ts": "1493131975.490981"
    },
    {
        "type": "message",
        "user": "U546L44SJ",
        "text": "Si vous voulez on peut faire un type form chacun met son site et je peux regrouper les gens par thème... Il faudrait définir les choses précisément. Je peux bosser dessus un peu si tu le souhaites",
        "thread_ts": "1493126999.592979",
        "parent_user_id": "U546L44SJ",
        "ts": "1493132158.606516"
    },
    {
        "user": "U5519FU87",
        "text": "<@U5519FU87> has joined the channel",
        "type": "message",
        "subtype": "channel_join",
        "ts": "1493133087.192217"
    },
    {
        "user": "U53HC95EU",
        "text": "<@U53HC95EU> has joined the channel",
        "type": "message",
        "subtype": "channel_join",
        "ts": "1493136096.049588"
    },
    {
        "type": "message",
        "user": "U53HC95EU",
        "text": "a voir",
        "thread_ts": "1493118637.556834",
        "parent_user_id": "U540H2PEF",
        "ts": "1493136110.058910"
    },
    {
        "user": "U54AWANGM",
        "text": "<@U54AWANGM> has joined the channel",
        "type": "message",
        "subtype": "channel_join",
        "ts": "1493137605.900429"
    },
    {
        "type": "message",
        "user": "U53GAFF8R",
        "text": "J'ai un petit site perso si besoin, why not.\n<http:\/\/Eewee.fr|Eewee.fr>",
        "thread_ts": "1493118637.556834",
        "parent_user_id": "U540H2PEF",
        "ts": "1493138353.306641"
    },
    {
        "type": "message",
        "user": "U53GAFF8R",
        "text": "Tu peux déjà ajouter mon petit site perso <http:\/\/eewee.fr|eewee.fr>",
        "thread_ts": "1493126999.592979",
        "parent_user_id": "U546L44SJ",
        "ts": "1493138453.359990"
    },
    {
        "user": "U54C5S7V2",
        "text": "<@U54C5S7V2> has joined the channel",
        "type": "message",
        "subtype": "channel_join",
        "ts": "1493144851.831661"
    },
    {
        "user": "U54328X5K",
        "text": "<@U54328X5K> has joined the channel",
        "type": "message",
        "subtype": "channel_join",
        "ts": "1493148758.903035"
    },
    {
        "type": "message",
        "user": "U540H2PEF",
        "text": "benjamin_gabay: je suis chaud pour réaliser un projet dans ce sens là :wink: ! ",
        "thread_ts": "1493126999.592979",
        "parent_user_id": "U546L44SJ",
        "ts": "1493150837.946778"
    },
    {
        "user": "U54F4N85A",
        "text": "<@U54F4N85A> has joined the channel",
        "type": "message",
        "subtype": "channel_join",
        "ts": "1493154256.649048"
    }
]