[
    {
        "type": "message",
        "user": "U57HABR37",
        "text": "Merci pour ta réponse Tanguy. On ne veut pas basculer tout notre site en amp mais l'idée serait d'avoir certaines pages (articles et pages seo) en amp",
        "thread_ts": "1509446490.000017",
        "parent_user_id": "U57HABR37",
        "ts": "1509577818.000151"
    },
    {
        "type": "message",
        "user": "U57HABR37",
        "text": "ça te semble pertinent ?",
        "thread_ts": "1509446490.000017",
        "parent_user_id": "U57HABR37",
        "ts": "1509577905.000217"
    }
]