[
    {
        "user": "U54MP8DQQ",
        "text": "<@U54MP8DQQ> has joined the channel",
        "type": "message",
        "subtype": "channel_join",
        "ts": "1500467915.305088"
    },
    {
        "user": "U62V7G8J1",
        "text": "<@U62V7G8J1> has joined the channel",
        "type": "message",
        "subtype": "channel_join",
        "ts": "1500468791.677331"
    },
    {
        "type": "message",
        "user": "U60MQV8J0",
        "text": "ça date un peu mais j’avais trouvé cette ressource intéressante pour s’initier à l’époque : <http:\/\/www.chablais-web.fr\/google-tag-manager-v2-le-guide-francophone-le-plus-complet-partie-1.php>",
        "attachments": [
            {
                "service_name": "Création site internet Thonon Annemasse",
                "title": "Google Tag Manager V2 : le guide francophone le plus complet - partie 1",
                "title_link": "http:\/\/www.chablais-web.fr\/google-tag-manager-v2-le-guide-francophone-le-plus-complet-partie-1.php",
                "text": "A travers ce guide, vous allez apprendre tous les concepts de GTM V2. Vous saurez l'installer sur Wordpress et Prestashop et l'utiliser correctement. Partie 1.",
                "fallback": "Création site internet Thonon Annemasse: Google Tag Manager V2 : le guide francophone le plus complet - partie 1",
                "thumb_url": "http:\/\/www.chablais-web.fr\/wp-content\/uploads\/2015\/05\/Guide-GTM-ala1.jpg",
                "ts": 1431940348,
                "from_url": "http:\/\/www.chablais-web.fr\/google-tag-manager-v2-le-guide-francophone-le-plus-complet-partie-1.php",
                "thumb_width": 792,
                "thumb_height": 500,
                "id": 1
            }
        ],
        "thread_ts": "1500285873.336322",
        "parent_user_id": "U54HY9NBD",
        "ts": "1500494463.034243"
    }
]