[
    {
        "type": "message",
        "user": "U54PABTGW",
        "text": "Question, sur woocommerce, le fait de mettre le produit \"en rupture\", ca génère une balise spécifique pour google ? c'est un site de niche, l'idée est de ne pas avoir le terme \"en rupture\" dans les résultats.",
        "ts": "1512234593.000071"
    },
    {
        "type": "message",
        "user": "U54PABTGW",
        "text": "Vous avez déjà eu ce cas ?",
        "thread_ts": "1512234599.000134",
        "reply_count": 11,
        "replies": [
            {
                "user": "U54KSDKCY",
                "ts": "1512296540.000029"
            },
            {
                "user": "U54KSDKCY",
                "ts": "1512296571.000047"
            },
            {
                "user": "U54KSDKCY",
                "ts": "1512296586.000052"
            },
            {
                "user": "U54PABTGW",
                "ts": "1512342309.000059"
            },
            {
                "user": "U54KSDKCY",
                "ts": "1512421423.000315"
            },
            {
                "user": "U704DHU58",
                "ts": "1512574212.000852"
            },
            {
                "user": "U704DHU58",
                "ts": "1512574218.000672"
            },
            {
                "user": "U704DHU58",
                "ts": "1512574240.000766"
            },
            {
                "user": "U54PABTGW",
                "ts": "1512574241.000072"
            },
            {
                "user": "U704DHU58",
                "ts": "1512574254.000640"
            },
            {
                "user": "U704DHU58",
                "ts": "1512574265.000235"
            }
        ],
        "unread_count": 11,
        "ts": "1512234599.000134"
    }
]