[
    {
        "type": "message",
        "user": "U54NAL317",
        "text": "ça prend 5 min à monter une campagne bidon et ensuite tu gardes l'accès à keyword planner indéfiniment....",
        "ts": "1511719253.000035",
        "reactions": [
            {
                "name": "ok_hand",
                "users": [
                    "U55FFTX6J"
                ],
                "count": 1
            }
        ]
    },
    {
        "type": "message",
        "user": "U5C86111D",
        "text": "achète le keywords “event app” il est à 50€ \/ clic :smile:",
        "ts": "1511719970.000096",
        "reactions": [
            {
                "name": "+1",
                "users": [
                    "U55FFTX6J",
                    "U5CQPG96J"
                ],
                "count": 2
            }
        ]
    },
    {
        "type": "message",
        "user": "U54PABTGW",
        "text": "<@U54NAL317> oui sauf que c'est pas la campagne qui me bloque, c'est plutôt de ne pas avoir de budget sur mon compte adwords :wink:",
        "ts": "1511722155.000007"
    },
    {
        "type": "message",
        "user": "U5AV671TK",
        "text": "C'est pas grave ça, tu lances une campagne, et tu la met en pause direct <@U54PABTGW> ",
        "ts": "1511733712.000037"
    },
    {
        "type": "message",
        "user": "U54NAL317",
        "text": "Oui comme dit <@U5AV671TK> tu dois rentrer ta CB mais aussitôt tu met en pause. Tu paies rien tant que la campagne est en pause et tu gardes l'accès autant de temps que tu veux.",
        "ts": "1511764461.000053"
    },
    {
        "type": "message",
        "user": "U61LBKVEF",
        "text": "<@U6RJVH5BP> vous avez utilisé non ? ^^",
        "thread_ts": "1511532658.000283",
        "parent_user_id": "U5JFYCYMT",
        "ts": "1511767556.000028"
    },
    {
        "type": "message",
        "user": "U61LBKVEF",
        "text": "Perso j'ai les chiffres précis. Mais j'ai des campagnes actives, je crois que c'est la différence.",
        "thread_ts": "1511539248.000417",
        "parent_user_id": "U54PABTGW",
        "ts": "1511767594.000128"
    }
]