[
    {
        "user": "U5E9873JS",
        "text": "<@U5E9873JS> has joined the channel",
        "type": "message",
        "subtype": "channel_join",
        "ts": "1494842842.372615"
    },
    {
        "type": "message",
        "user": "U5C86111D",
        "text": "<https:\/\/www.eventbrite.com\/e\/billets-we-love-seo-33117666833>",
        "attachments": [
            {
                "service_name": "Eventbrite",
                "title": "We Love SEO",
                "title_link": "https:\/\/www.eventbrite.com\/e\/billets-we-love-seo-33117666833",
                "text": "WE LOVE SEO, c’est l’événement search marketing à ne pas manquer en juin !  Majestic, MyPoseo, OnCrawl et AT Internet proposeront pendant une demi-journée une série de conférences sur les dernnières bonnes pratiques du search marketing au travers d'études de cas concrètes et actionables.  L'événement se cloturera par un cocktail dinatoire en extérieur afin d'échanger entre professionnels du SEO.  À qui s'adresse l'événement ?  We love SEO est un événement dédié aux SEO in-house, agences SEO et experts du search marketing désireux d’en savoir plus sur les dernières tendances du secteur et développer leurs connaissances. Pourquoi venir ? Bénéficier des dernières bonnes pratiques SEO et search au travers de case studies concrets et actionables. Échanger avec des experts reconnus   Networker avec d’autres professionnels du SEO Découvrir de nouveaux outils pour améliorer ses performances Profiter d’un afterwork convivial et chaleureux WE LOVE SEO, c'est 4 disciplines au coeur du SEO :  Le monitoring  Le crawl et l’analyse de logs  L’analyse de liens  L'analytics Les intervenants Dixon JONES, Directeur Marketing @Majestic Alexandre SIGOIGNE, Co-fondateur et CEO @myposeo François GOUBE, CEO @Cogniteev Mathieu LLORENS, CEO @ATInternet  Michael VUILLAUME, Responsable référencement et études @Lepoint  3 autres intervenants sont à confirmer Retrouvez le programme complet sur le site officiel",
                "fallback": "Eventbrite: We Love SEO",
                "image_url": "https:\/\/img.evbuc.com\/https%3A%2F%2Fcdn.evbuc.com%2Fimages%2F29639302%2F146008475647%2F1%2Foriginal.jpg?w=1000&rect=12%2C0%2C602%2C301&s=91446e2cc8022dfb41d91d663fbb7f8b",
                "fields": [
                    {
                        "title": "Where",
                        "value": "18 Rue la Condamine, 75017 Paris, France",
                        "short": true
                    },
                    {
                        "title": "When",
                        "value": "mer le 28 juin 2017, 14:00",
                        "short": true
                    }
                ],
                "from_url": "https:\/\/www.eventbrite.com\/e\/billets-we-love-seo-33117666833",
                "image_width": 500,
                "image_height": 250,
                "image_bytes": 82337,
                "service_icon": "https:\/\/cdn.evbstatic.com\/s3-build\/perm_001\/1aab42\/django\/images\/touch_icons\/apple-touch-icon-57x57.png",
                "id": 1
            }
        ],
        "ts": "1494849793.401622"
    }
]