[
    {
        "type": "message",
        "user": "U541S59L4",
        "text": "Après la position 0, les tops réponses :slightly_smiling_face: : <http:\/\/bit.ly\/2ETTJio>",
        "attachments": [
            {
                "title": "Google ajoute une fonction pour afficher les tops réponses dans les descriptions de résultats de recherche | Blog myposeo",
                "title_link": "http:\/\/bit.ly\/2ETTJio",
                "text": "L'entreprise californienne a ajouté une nouvelle fonctionnalité qui permet à certains sites de pouvoir afficher dans les SERPs des commentaires\/avis provenant",
                "fallback": "Google ajoute une fonction pour afficher les tops réponses dans les descriptions de résultats de recherche | Blog myposeo",
                "from_url": "http:\/\/bit.ly\/2ETTJio",
                "service_icon": "http:\/\/fr.myposeo.com\/blog\/wp-content\/uploads\/2016\/11\/cropped-favicon-180x180.png",
                "service_name": "fr.myposeo.com",
                "id": 1
            }
        ],
        "ts": "1516373699.000010",
        "reactions": [
            {
                "name": "+1",
                "users": [
                    "U57DAHPE1",
                    "U6ET16EKV"
                ],
                "count": 2
            }
        ]
    },
    {
        "type": "message",
        "user": "U57DAHPE1",
        "text": "Merci du tips, Google fait rarement de A\/B test pour ses nouvelles features donc on est sûr que ça va arriver.",
        "thread_ts": "1516373928.000126",
        "reply_count": 6,
        "replies": [
            {
                "user": "U5830GL6A",
                "ts": "1516374643.000085"
            },
            {
                "user": "U54KSDKCY",
                "ts": "1516378082.000458"
            },
            {
                "user": "U57DAHPE1",
                "ts": "1516378679.000894"
            },
            {
                "user": "U57DAHPE1",
                "ts": "1516378766.000324"
            },
            {
                "user": "U57DAHPE1",
                "ts": "1516378797.000528"
            },
            {
                "user": "U54KSDKCY",
                "ts": "1516378833.000363"
            }
        ],
        "unread_count": 6,
        "ts": "1516373928.000126"
    },
    {
        "type": "message",
        "user": "U57DAHPE1",
        "text": "Je pense que pour Quora ce sera pertinent aussi. Mais quand est-ce que ce sera dispo en fr ?",
        "thread_ts": "1516373959.000076",
        "reply_count": 1,
        "replies": [
            {
                "user": "U541S59L4",
                "ts": "1516374643.000384"
            }
        ],
        "unread_count": 1,
        "ts": "1516373959.000076"
    },
    {
        "type": "message",
        "user": "U7ZTG27N1",
        "text": "Julien, comment as-tu les 30 jours free chez SEM Rush? Il faut utiliser un lien sponsorisé ?",
        "thread_ts": "1516270976.000592",
        "parent_user_id": "U54NAL317",
        "ts": "1516374191.000640"
    },
    {
        "type": "message",
        "user": "U54KSDKCY",
        "text": "Google \"free trial 30 SemRush\" je sais plus sur quel blog j'avais trouvé, je l'ai fait 2 fois d'affilé ",
        "client_msg_id": "577b986f-1711-4ce8-ac97-ac32ed5f16cb",
        "thread_ts": "1516270976.000592",
        "parent_user_id": "U54NAL317",
        "ts": "1516374263.000214"
    },
    {
        "type": "message",
        "user": "U5830GL6A",
        "text": "Ils en font rarement ou c’est juste qu’ils atteignent des taux de signification statistique tellement rapidement qu’ils ont pas besoin de les laisser tourner longtemps ?",
        "thread_ts": "1516373928.000126",
        "parent_user_id": "U57DAHPE1",
        "ts": "1516374643.000085"
    },
    {
        "type": "message",
        "user": "U541S59L4",
        "text": "j'ai déjà vue des top réponses dans les serp mais pas dans le format de l'article de myposeo, c'était une espèce de liste déroulante en lieu et place de la position zero. Dans tous les cas, cela démontre l'importance croissante de <http:\/\/schema.org|schema.org> pour le seo :slightly_smiling_face:",
        "thread_ts": "1516373959.000076",
        "parent_user_id": "U57DAHPE1",
        "ts": "1516374643.000384",
        "reactions": [
            {
                "name": "+1",
                "users": [
                    "U57DAHPE1"
                ],
                "count": 1
            }
        ]
    },
    {
        "type": "message",
        "user": "U5C86111D",
        "text": "Se baser sur les concurrents pour les BL est une technique parmis les 1000 qui existens",
        "thread_ts": "1516270976.000592",
        "parent_user_id": "U54NAL317",
        "ts": "1516377719.000730"
    },
    {
        "type": "message",
        "user": "U54KSDKCY",
        "text": "J'avais lu (pas sur à 100%) qu'ils faisaient des milliers d'AB test par jour ? ",
        "client_msg_id": "202eb1a1-67c5-435b-866b-b5903927cf44",
        "thread_ts": "1516373928.000126",
        "parent_user_id": "U57DAHPE1",
        "ts": "1516378082.000458"
    },
    {
        "type": "message",
        "user": "U57DAHPE1",
        "text": "Je me suis mal exprimé, en gros ils font bien du A\/B hein, des tonnes sur des variations d’algo &amp; co. Mais en général quand il balance une nouvelle feature comme ça ils sont quasi sûr de l’implémenter",
        "thread_ts": "1516373928.000126",
        "parent_user_id": "U57DAHPE1",
        "ts": "1516378679.000894"
    },
    {
        "type": "message",
        "user": "U57DAHPE1",
        "text": "Ce qu’ils font ça va être de tester la meilleure façon de l’implémenter (UX, algo).",
        "thread_ts": "1516373928.000126",
        "parent_user_id": "U57DAHPE1",
        "ts": "1516378766.000324"
    },
    {
        "type": "message",
        "user": "U57DAHPE1",
        "text": "Mais y’a eu quelques cas où ils ont arrêté une feature net.",
        "thread_ts": "1516373928.000126",
        "parent_user_id": "U57DAHPE1",
        "ts": "1516378797.000528"
    },
    {
        "type": "message",
        "user": "U54KSDKCY",
        "text": "Dacc oui, j'aurai du le lire comme ça sorry :) ",
        "client_msg_id": "ddadf961-00e3-43da-af02-4154f88aef03",
        "thread_ts": "1516373928.000126",
        "parent_user_id": "U57DAHPE1",
        "ts": "1516378833.000363"
    },
    {
        "type": "message",
        "user": "U54NAL317",
        "text": "<@U7ZTG27N1> les 30 jours gratuits ne sont plus disponibles ? Je les avais eu à l'inscription sans rien faire de spécial",
        "thread_ts": "1516270976.000592",
        "parent_user_id": "U54NAL317",
        "ts": "1516378936.000750"
    },
    {
        "type": "message",
        "user": "U7ZTG27N1",
        "text": "Je les ai pas eu lors de mon inscription il y a quelques temps...",
        "edited": {
            "user": "U7ZTG27N1",
            "ts": "1516379125.000000"
        },
        "thread_ts": "1516270976.000592",
        "parent_user_id": "U54NAL317",
        "ts": "1516379115.000400"
    },
    {
        "type": "message",
        "user": "U54NAL317",
        "text": "ah ! Ils l'ont retiré alors.",
        "thread_ts": "1516270976.000592",
        "parent_user_id": "U54NAL317",
        "ts": "1516379569.000555"
    },
    {
        "type": "message",
        "user": "U54KSDKCY",
        "text": "<https:\/\/secure.semrush.com\/payment\/order\/0\/np7h7fq9.html?hash=793279194f3318881c491379f47c56cd&amp;promo=PASSION-OMZJF2ME>",
        "attachments": [
            {
                "title": "SEMrush Pricing",
                "title_link": "https:\/\/secure.semrush.com\/payment\/order\/0\/np7h7fq9.html?hash=793279194f3318881c491379f47c56cd&promo=PASSION-OMZJF2ME",
                "text": "<http:\/\/SEMrush.com|SEMrush.com> plans and prices",
                "fallback": "SEMrush Pricing",
                "from_url": "https:\/\/secure.semrush.com\/payment\/order\/0\/np7h7fq9.html?hash=793279194f3318881c491379f47c56cd&promo=PASSION-OMZJF2ME",
                "service_icon": "https:\/\/www.semrush.com\/m\/images\/favicon.ico?r=v1163",
                "service_name": "semrush.com",
                "id": 1
            }
        ],
        "thread_ts": "1516270976.000592",
        "parent_user_id": "U54NAL317",
        "ts": "1516379679.000465"
    },
    {
        "type": "message",
        "user": "U54KSDKCY",
        "text": "C'est ok ?",
        "thread_ts": "1516270976.000592",
        "parent_user_id": "U54NAL317",
        "ts": "1516379684.000636"
    },
    {
        "type": "message",
        "user": "U5C86111D",
        "text": "faite du group buy sinon",
        "thread_ts": "1516270976.000592",
        "parent_user_id": "U54NAL317",
        "ts": "1516379760.000637"
    },
    {
        "type": "message",
        "user": "U54KSDKCY",
        "text": "Prix d'entrée = 1 IP, il faut faire ça bien c'est genre trop cher \/ IP",
        "client_msg_id": "aa0ae47d-697e-4e14-ba7a-1881288d8da5",
        "thread_ts": "1516270976.000592",
        "parent_user_id": "U54NAL317",
        "ts": "1516380030.000445"
    },
    {
        "type": "message",
        "user": "U546L44SJ",
        "text": "Naïce",
        "ts": "1516380558.000549"
    },
    {
        "type": "message",
        "user": "U57DAHPE1",
        "text": "<@U5AV671TK> <@U80MTJ93N> vous avez pu le faire tourner ?",
        "thread_ts": "1514970504.000149",
        "parent_user_id": "U5AV671TK",
        "ts": "1516381705.000200"
    },
    {
        "type": "message",
        "user": "U80MTJ93N",
        "text": "J’ai pas pris le temps de finir! :disappointed:",
        "thread_ts": "1514970504.000149",
        "parent_user_id": "U5AV671TK",
        "ts": "1516381763.000581"
    },
    {
        "type": "message",
        "user": "U5C86111D",
        "text": "Des group buy existe déjà ",
        "thread_ts": "1516270976.000592",
        "parent_user_id": "U54NAL317",
        "ts": "1516385319.000165"
    }
]