[
    {
        "type": "message",
        "user": "U53T3FKPD",
        "text": "Hello ! Quel est votre outil préféré pour analyser le traffic perçu par mots clés chez vous et vos concurrents ?",
        "thread_ts": "1514891353.000212",
        "reply_count": 1,
        "replies": [
            {
                "user": "U54KSDKCY",
                "ts": "1514891404.000199"
            }
        ],
        "unread_count": 1,
        "ts": "1514891353.000212"
    },
    {
        "type": "message",
        "user": "U53T3FKPD",
        "text": "Semrush me donne des résultats incohérents",
        "ts": "1514891398.000097"
    },
    {
        "type": "message",
        "user": "U54KSDKCY",
        "text": "SemRush :ok_hand:",
        "thread_ts": "1514891353.000212",
        "parent_user_id": "U53T3FKPD",
        "ts": "1514891404.000199",
        "reactions": [
            {
                "name": "grin",
                "users": [
                    "U53T3FKPD"
                ],
                "count": 1
            }
        ]
    },
    {
        "type": "message",
        "user": "U54PABTGW",
        "text": "idem semrush sort des résultats de merde assez souvent.",
        "ts": "1514891427.000278"
    },
    {
        "type": "message",
        "user": "U53T3FKPD",
        "text": "Spyfu a l’air moins déconnant mais c’est pas fou fou non plus",
        "ts": "1514891627.000043"
    },
    {
        "type": "message",
        "user": "U61LBKVEF",
        "text": "Si tu es sur le marche FR, Yooda Insights est canon",
        "ts": "1514891860.000168",
        "reactions": [
            {
                "name": "+1",
                "users": [
                    "U60DUGA9X"
                ],
                "count": 1
            }
        ]
    },
    {
        "type": "message",
        "user": "U62V7G8J1",
        "text": "Tu cross check comme toujours :slightly_smiling_face: Semrush, Ahref, Similarweb, et au pire tu le fais à la main :smile:",
        "ts": "1514892177.000181"
    },
    {
        "type": "message",
        "user": "U54C5S7V2",
        "text": "hello tout le monde et bonne année !\nPetite question: Quelle sont vos techniques pour faire face au negative SEO = création de liens entrants de mauvaise qualité en masse?",
        "ts": "1514892287.000193"
    },
    {
        "type": "message",
        "user": "U54C5S7V2",
        "text": "J'ai pas encore fait de recherches, je préfère vous demander d'abord, du coup si vous avez des pistes, des bons articles sur le sujet ou quoi pour m'orienter et pas forcément de techniques détaillées je suis preneur",
        "edited": {
            "user": "U54C5S7V2",
            "ts": "1514892352.000000"
        },
        "ts": "1514892335.000169"
    },
    {
        "type": "message",
        "user": "U62V7G8J1",
        "text": "Théoriquement, Google ne prend plus en compte les créations massives de backlink de mauvaises qualités. Donc préserve ton site du negative SEO si il spot genre 3000 links créés en trois jours en provenance de sites pornos russes",
        "ts": "1514892411.000099"
    },
    {
        "type": "message",
        "user": "U62V7G8J1",
        "text": "_theoriquement_",
        "ts": "1514892428.000167"
    },
    {
        "type": "message",
        "user": "U54C5S7V2",
        "text": "ok, et si c'est sur la longueur ? \n+ désavouer les liens comme point de départ ca a tjrs un intéret?",
        "ts": "1514892522.000191"
    },
    {
        "type": "message",
        "user": "U5C86111D",
        "text": "<@U704DHU58> c’est quoi ton expérience avec la fonction désavouer ?",
        "ts": "1514893744.000052"
    },
    {
        "type": "message",
        "user": "U62V7G8J1",
        "text": "La fonction disavow a pu bien marcher à l'époque. Notamment quand on prenait alors la masse de de spammy attacks. Néanmoins, Google a annoncé vouloir éviter que les gens s'en servent. Elle est assez tricky à utiliser",
        "ts": "1514896811.000028"
    },
    {
        "type": "message",
        "user": "U62V7G8J1",
        "text": "et surtout tu ne peux pas revenir en arrière",
        "ts": "1514896821.000161"
    },
    {
        "type": "message",
        "user": "U7Q1TP0NT",
        "text": "Hello les GH,",
        "ts": "1514902997.000160"
    },
    {
        "type": "message",
        "user": "U7Q1TP0NT",
        "text": "Pour rester a l’écart du duplicate content, quel taux de similarité ne doit on pas dépasser en pratiquant du spinning content pour dupliquer un contenu sur plusieurs pages en interne ?",
        "thread_ts": "1514903086.000066",
        "reply_count": 1,
        "replies": [
            {
                "user": "U57DAHPE1",
                "ts": "1514914450.000294"
            }
        ],
        "unread_count": 1,
        "ts": "1514903086.000066"
    },
    {
        "type": "message",
        "user": "U5C86111D",
        "text": "faut prendre ça pour comparer",
        "ts": "1514903832.000314"
    },
    {
        "type": "message",
        "user": "U5C86111D",
        "text": "<http:\/\/lsa.colorado.edu\/>",
        "ts": "1514903833.000346"
    },
    {
        "type": "message",
        "user": "U62V7G8J1",
        "text": "Tu crées des pages métiers + city <@U7Q1TP0NT>?",
        "thread_ts": "1514904019.000185",
        "reply_count": 1,
        "replies": [
            {
                "user": "U7Q1TP0NT",
                "ts": "1514906299.000304"
            }
        ],
        "unread_count": 1,
        "ts": "1514904019.000185"
    },
    {
        "text": "C’est l’idée oui, chaque page présente le même contenu mais pour une ville différente, j’aimerai avec le spinning content, générer un maximum de texte  assez différent. D’où ma question sur le taux de similarité.",
        "thread_ts": "1514904019.000185",
        "type": "message",
        "subtype": "thread_broadcast",
        "user": "U7Q1TP0NT",
        "root": {
            "type": "message",
            "user": "U62V7G8J1",
            "text": "Tu crées des pages métiers + city <@U7Q1TP0NT>?",
            "thread_ts": "1514904019.000185",
            "reply_count": 1,
            "replies": [
                {
                    "user": "U7Q1TP0NT",
                    "ts": "1514906299.000304"
                }
            ],
            "unread_count": 1,
            "ts": "1514904019.000185"
        },
        "ts": "1514906299.000304"
    },
    {
        "type": "message",
        "user": "U704DHU58",
        "text": "je m'en suis servi pas mal dans mes précédents taf (liens artificiels suite pénalité) =&gt; sortie de pénalité mais pas les positions d'avant ... mais sinon pas d'usages depuis 2 ans",
        "attachments": [
            {
                "fallback": "[January 2nd, 2018 12:49 PM] robin: <@U704DHU58> c’est quoi ton expérience avec la fonction désavouer ?",
                "ts": "1514893744.000052",
                "author_id": "U5C86111D",
                "author_subname": "Robin Herzog",
                "channel_id": "C54JX6R62",
                "channel_name": "seo",
                "is_msg_unfurl": true,
                "text": "<@U704DHU58> c’est quoi ton expérience avec la fonction désavouer ?",
                "author_name": "Robin Herzog",
                "author_link": "https:\/\/growthhackingfrance.slack.com\/team\/U5C86111D",
                "author_icon": "https:\/\/avatars.slack-edge.com\/2017-05-11\/181432723393_71de71b9e52b44bfbff4_48.jpg",
                "mrkdwn_in": [
                    "text"
                ],
                "color": "D0D0D0",
                "from_url": "https:\/\/growthhackingfrance.slack.com\/archives\/C54JX6R62\/p1514893744000052",
                "is_share": true,
                "footer": "Posted in #seo"
            }
        ],
        "ts": "1514909127.000102"
    },
    {
        "type": "message",
        "user": "U57DAHPE1",
        "text": "15% grand max apparement",
        "thread_ts": "1514903086.000066",
        "parent_user_id": "U7Q1TP0NT",
        "ts": "1514914450.000294"
    }
]