[
    {
        "user": "U56U52XRC",
        "text": "<@U56U52XRC> has joined the channel",
        "type": "message",
        "subtype": "channel_join",
        "ts": "1516013539.000036"
    },
    {
        "type": "message",
        "subtype": "file_share",
        "text": "<@U7Q1TP0NT> uploaded a file: <https:\/\/growthhackingfrance.slack.com\/files\/U7Q1TP0NT\/F8T39LBGD\/img_1250.jpg|IMG_1250.JPG> and commented: Hello tout le monde,\nExiste-il une procédure ou des optimisations possibles pour obtenir cela sur une google search mobile pour une app ?",
        "file": {
            "id": "F8T39LBGD",
            "created": 1516025238,
            "timestamp": 1516025238,
            "name": "IMG_1250.JPG",
            "title": "IMG_1250.JPG",
            "mimetype": "image\/jpeg",
            "filetype": "jpg",
            "pretty_type": "JPEG",
            "user": "U7Q1TP0NT",
            "editable": false,
            "size": 196926,
            "mode": "hosted",
            "is_external": false,
            "external_type": "",
            "is_public": true,
            "public_url_shared": false,
            "display_as_bot": false,
            "username": "",
            "url_private": "https:\/\/files.slack.com\/files-pri\/T53A65FDZ-F8T39LBGD\/img_1250.jpg?t=xoxe-173346185475-301971345667-302189523445-be5392310f98480a534c383e5d92ddc3",
            "url_private_download": "https:\/\/files.slack.com\/files-pri\/T53A65FDZ-F8T39LBGD\/download\/img_1250.jpg?t=xoxe-173346185475-301971345667-302189523445-be5392310f98480a534c383e5d92ddc3",
            "thumb_64": "https:\/\/files.slack.com\/files-tmb\/T53A65FDZ-F8T39LBGD-b15f5f5021\/img_1250_64.jpg?t=xoxe-173346185475-301971345667-302189523445-be5392310f98480a534c383e5d92ddc3",
            "thumb_80": "https:\/\/files.slack.com\/files-tmb\/T53A65FDZ-F8T39LBGD-b15f5f5021\/img_1250_80.jpg?t=xoxe-173346185475-301971345667-302189523445-be5392310f98480a534c383e5d92ddc3",
            "thumb_360": "https:\/\/files.slack.com\/files-tmb\/T53A65FDZ-F8T39LBGD-b15f5f5021\/img_1250_360.jpg?t=xoxe-173346185475-301971345667-302189523445-be5392310f98480a534c383e5d92ddc3",
            "thumb_360_w": 202,
            "thumb_360_h": 360,
            "thumb_480": "https:\/\/files.slack.com\/files-tmb\/T53A65FDZ-F8T39LBGD-b15f5f5021\/img_1250_480.jpg?t=xoxe-173346185475-301971345667-302189523445-be5392310f98480a534c383e5d92ddc3",
            "thumb_480_w": 270,
            "thumb_480_h": 480,
            "thumb_160": "https:\/\/files.slack.com\/files-tmb\/T53A65FDZ-F8T39LBGD-b15f5f5021\/img_1250_160.jpg?t=xoxe-173346185475-301971345667-302189523445-be5392310f98480a534c383e5d92ddc3",
            "thumb_720": "https:\/\/files.slack.com\/files-tmb\/T53A65FDZ-F8T39LBGD-b15f5f5021\/img_1250_720.jpg?t=xoxe-173346185475-301971345667-302189523445-be5392310f98480a534c383e5d92ddc3",
            "thumb_720_w": 405,
            "thumb_720_h": 720,
            "thumb_800": "https:\/\/files.slack.com\/files-tmb\/T53A65FDZ-F8T39LBGD-b15f5f5021\/img_1250_800.jpg?t=xoxe-173346185475-301971345667-302189523445-be5392310f98480a534c383e5d92ddc3",
            "thumb_800_w": 450,
            "thumb_800_h": 800,
            "thumb_960": "https:\/\/files.slack.com\/files-tmb\/T53A65FDZ-F8T39LBGD-b15f5f5021\/img_1250_960.jpg?t=xoxe-173346185475-301971345667-302189523445-be5392310f98480a534c383e5d92ddc3",
            "thumb_960_w": 540,
            "thumb_960_h": 960,
            "thumb_1024": "https:\/\/files.slack.com\/files-tmb\/T53A65FDZ-F8T39LBGD-b15f5f5021\/img_1250_1024.jpg?t=xoxe-173346185475-301971345667-302189523445-be5392310f98480a534c383e5d92ddc3",
            "thumb_1024_w": 576,
            "thumb_1024_h": 1024,
            "image_exif_rotation": 1,
            "original_w": 750,
            "original_h": 1334,
            "permalink": "https:\/\/growthhackingfrance.slack.com\/files\/U7Q1TP0NT\/F8T39LBGD\/img_1250.jpg",
            "permalink_public": "https:\/\/slack-files.com\/T53A65FDZ-F8T39LBGD-1babc68e6a",
            "channels": [],
            "groups": [],
            "ims": [],
            "comments_count": 5,
            "initial_comment": {
                "id": "Fc8SA3D2HW",
                "created": 1516025238,
                "timestamp": 1516025238,
                "user": "U7Q1TP0NT",
                "is_intro": true,
                "comment": "Hello tout le monde,\nExiste-il une procédure ou des optimisations possibles pour obtenir cela sur une google search mobile pour une app ?"
            }
        },
        "user": "U7Q1TP0NT",
        "upload": true,
        "display_as_bot": false,
        "username": "lucas297",
        "bot_id": null,
        "ts": "1516025241.000547"
    },
    {
        "type": "message",
        "user": "U62V7G8J1",
        "text": "Firebase &amp; Deep Linking <@U7Q1TP0NT>",
        "edited": {
            "user": "U62V7G8J1",
            "ts": "1516027542.000000"
        },
        "ts": "1516027484.000129",
        "reactions": [
            {
                "name": "rocket",
                "users": [
                    "U57DAHPE1"
                ],
                "count": 1
            }
        ]
    },
    {
        "type": "message",
        "user": "U62V7G8J1",
        "text": "<@U57DAHPE1>",
        "ts": "1516027497.000265"
    },
    {
        "type": "message",
        "user": "U7Q1TP0NT",
        "text": "Super , merci !",
        "ts": "1516030202.000050"
    },
    {
        "type": "message",
        "subtype": "file_comment",
        "text": "<@U54KSDKCY> commented on <@U7Q1TP0NT>’s file <https:\/\/growthhackingfrance.slack.com\/files\/U7Q1TP0NT\/F8T39LBGD\/img_1250.jpg|IMG_1250.JPG>: App Store Optimisation aussi, pour que Google te ranke sur les SERPs",
        "file": {
            "id": "F8T39LBGD",
            "created": 1516025238,
            "timestamp": 1516025238,
            "name": "IMG_1250.JPG",
            "title": "IMG_1250.JPG",
            "mimetype": "image\/jpeg",
            "filetype": "jpg",
            "pretty_type": "JPEG",
            "user": "U7Q1TP0NT",
            "editable": false,
            "size": 196926,
            "mode": "hosted",
            "is_external": false,
            "external_type": "",
            "is_public": true,
            "public_url_shared": false,
            "display_as_bot": false,
            "username": "",
            "url_private": "https:\/\/files.slack.com\/files-pri\/T53A65FDZ-F8T39LBGD\/img_1250.jpg?t=xoxe-173346185475-301971345667-302189523445-be5392310f98480a534c383e5d92ddc3",
            "url_private_download": "https:\/\/files.slack.com\/files-pri\/T53A65FDZ-F8T39LBGD\/download\/img_1250.jpg?t=xoxe-173346185475-301971345667-302189523445-be5392310f98480a534c383e5d92ddc3",
            "thumb_64": "https:\/\/files.slack.com\/files-tmb\/T53A65FDZ-F8T39LBGD-b15f5f5021\/img_1250_64.jpg?t=xoxe-173346185475-301971345667-302189523445-be5392310f98480a534c383e5d92ddc3",
            "thumb_80": "https:\/\/files.slack.com\/files-tmb\/T53A65FDZ-F8T39LBGD-b15f5f5021\/img_1250_80.jpg?t=xoxe-173346185475-301971345667-302189523445-be5392310f98480a534c383e5d92ddc3",
            "thumb_360": "https:\/\/files.slack.com\/files-tmb\/T53A65FDZ-F8T39LBGD-b15f5f5021\/img_1250_360.jpg?t=xoxe-173346185475-301971345667-302189523445-be5392310f98480a534c383e5d92ddc3",
            "thumb_360_w": 202,
            "thumb_360_h": 360,
            "thumb_480": "https:\/\/files.slack.com\/files-tmb\/T53A65FDZ-F8T39LBGD-b15f5f5021\/img_1250_480.jpg?t=xoxe-173346185475-301971345667-302189523445-be5392310f98480a534c383e5d92ddc3",
            "thumb_480_w": 270,
            "thumb_480_h": 480,
            "thumb_160": "https:\/\/files.slack.com\/files-tmb\/T53A65FDZ-F8T39LBGD-b15f5f5021\/img_1250_160.jpg?t=xoxe-173346185475-301971345667-302189523445-be5392310f98480a534c383e5d92ddc3",
            "thumb_720": "https:\/\/files.slack.com\/files-tmb\/T53A65FDZ-F8T39LBGD-b15f5f5021\/img_1250_720.jpg?t=xoxe-173346185475-301971345667-302189523445-be5392310f98480a534c383e5d92ddc3",
            "thumb_720_w": 405,
            "thumb_720_h": 720,
            "thumb_800": "https:\/\/files.slack.com\/files-tmb\/T53A65FDZ-F8T39LBGD-b15f5f5021\/img_1250_800.jpg?t=xoxe-173346185475-301971345667-302189523445-be5392310f98480a534c383e5d92ddc3",
            "thumb_800_w": 450,
            "thumb_800_h": 800,
            "thumb_960": "https:\/\/files.slack.com\/files-tmb\/T53A65FDZ-F8T39LBGD-b15f5f5021\/img_1250_960.jpg?t=xoxe-173346185475-301971345667-302189523445-be5392310f98480a534c383e5d92ddc3",
            "thumb_960_w": 540,
            "thumb_960_h": 960,
            "thumb_1024": "https:\/\/files.slack.com\/files-tmb\/T53A65FDZ-F8T39LBGD-b15f5f5021\/img_1250_1024.jpg?t=xoxe-173346185475-301971345667-302189523445-be5392310f98480a534c383e5d92ddc3",
            "thumb_1024_w": 576,
            "thumb_1024_h": 1024,
            "image_exif_rotation": 1,
            "original_w": 750,
            "original_h": 1334,
            "permalink": "https:\/\/growthhackingfrance.slack.com\/files\/U7Q1TP0NT\/F8T39LBGD\/img_1250.jpg",
            "permalink_public": "https:\/\/slack-files.com\/T53A65FDZ-F8T39LBGD-1babc68e6a",
            "channels": [],
            "groups": [],
            "ims": [],
            "comments_count": 5,
            "initial_comment": {
                "id": "Fc8SA3D2HW",
                "created": 1516025238,
                "timestamp": 1516025238,
                "user": "U7Q1TP0NT",
                "is_intro": true,
                "comment": "Hello tout le monde,\nExiste-il une procédure ou des optimisations possibles pour obtenir cela sur une google search mobile pour une app ?"
            }
        },
        "comment": {
            "id": "Fc8SHDU4JD",
            "created": 1516041384,
            "timestamp": 1516041384,
            "user": "U54KSDKCY",
            "is_intro": false,
            "comment": "App Store Optimisation aussi, pour que Google te ranke sur les SERPs"
        },
        "is_intro": false,
        "ts": "1516041384.000282"
    },
    {
        "type": "message",
        "subtype": "file_comment",
        "text": "<@U54KSDKCY> commented on <@U7Q1TP0NT>’s file <https:\/\/growthhackingfrance.slack.com\/files\/U7Q1TP0NT\/F8T39LBGD\/img_1250.jpg|IMG_1250.JPG>: <@U62V7G8J1> tu entends quoi par deeplinking ? Car là, il s'agit simplement de Google qui cite la fiche Apple Store, l'URL est celle de l'app, sans deeplinking, comparé à un Adwords où là on pourrait deeplink vers un point précis de l'app ? ",
        "file": {
            "id": "F8T39LBGD",
            "created": 1516025238,
            "timestamp": 1516025238,
            "name": "IMG_1250.JPG",
            "title": "IMG_1250.JPG",
            "mimetype": "image\/jpeg",
            "filetype": "jpg",
            "pretty_type": "JPEG",
            "user": "U7Q1TP0NT",
            "editable": false,
            "size": 196926,
            "mode": "hosted",
            "is_external": false,
            "external_type": "",
            "is_public": true,
            "public_url_shared": false,
            "display_as_bot": false,
            "username": "",
            "url_private": "https:\/\/files.slack.com\/files-pri\/T53A65FDZ-F8T39LBGD\/img_1250.jpg?t=xoxe-173346185475-301971345667-302189523445-be5392310f98480a534c383e5d92ddc3",
            "url_private_download": "https:\/\/files.slack.com\/files-pri\/T53A65FDZ-F8T39LBGD\/download\/img_1250.jpg?t=xoxe-173346185475-301971345667-302189523445-be5392310f98480a534c383e5d92ddc3",
            "thumb_64": "https:\/\/files.slack.com\/files-tmb\/T53A65FDZ-F8T39LBGD-b15f5f5021\/img_1250_64.jpg?t=xoxe-173346185475-301971345667-302189523445-be5392310f98480a534c383e5d92ddc3",
            "thumb_80": "https:\/\/files.slack.com\/files-tmb\/T53A65FDZ-F8T39LBGD-b15f5f5021\/img_1250_80.jpg?t=xoxe-173346185475-301971345667-302189523445-be5392310f98480a534c383e5d92ddc3",
            "thumb_360": "https:\/\/files.slack.com\/files-tmb\/T53A65FDZ-F8T39LBGD-b15f5f5021\/img_1250_360.jpg?t=xoxe-173346185475-301971345667-302189523445-be5392310f98480a534c383e5d92ddc3",
            "thumb_360_w": 202,
            "thumb_360_h": 360,
            "thumb_480": "https:\/\/files.slack.com\/files-tmb\/T53A65FDZ-F8T39LBGD-b15f5f5021\/img_1250_480.jpg?t=xoxe-173346185475-301971345667-302189523445-be5392310f98480a534c383e5d92ddc3",
            "thumb_480_w": 270,
            "thumb_480_h": 480,
            "thumb_160": "https:\/\/files.slack.com\/files-tmb\/T53A65FDZ-F8T39LBGD-b15f5f5021\/img_1250_160.jpg?t=xoxe-173346185475-301971345667-302189523445-be5392310f98480a534c383e5d92ddc3",
            "thumb_720": "https:\/\/files.slack.com\/files-tmb\/T53A65FDZ-F8T39LBGD-b15f5f5021\/img_1250_720.jpg?t=xoxe-173346185475-301971345667-302189523445-be5392310f98480a534c383e5d92ddc3",
            "thumb_720_w": 405,
            "thumb_720_h": 720,
            "thumb_800": "https:\/\/files.slack.com\/files-tmb\/T53A65FDZ-F8T39LBGD-b15f5f5021\/img_1250_800.jpg?t=xoxe-173346185475-301971345667-302189523445-be5392310f98480a534c383e5d92ddc3",
            "thumb_800_w": 450,
            "thumb_800_h": 800,
            "thumb_960": "https:\/\/files.slack.com\/files-tmb\/T53A65FDZ-F8T39LBGD-b15f5f5021\/img_1250_960.jpg?t=xoxe-173346185475-301971345667-302189523445-be5392310f98480a534c383e5d92ddc3",
            "thumb_960_w": 540,
            "thumb_960_h": 960,
            "thumb_1024": "https:\/\/files.slack.com\/files-tmb\/T53A65FDZ-F8T39LBGD-b15f5f5021\/img_1250_1024.jpg?t=xoxe-173346185475-301971345667-302189523445-be5392310f98480a534c383e5d92ddc3",
            "thumb_1024_w": 576,
            "thumb_1024_h": 1024,
            "image_exif_rotation": 1,
            "original_w": 750,
            "original_h": 1334,
            "permalink": "https:\/\/growthhackingfrance.slack.com\/files\/U7Q1TP0NT\/F8T39LBGD\/img_1250.jpg",
            "permalink_public": "https:\/\/slack-files.com\/T53A65FDZ-F8T39LBGD-1babc68e6a",
            "channels": [],
            "groups": [],
            "ims": [],
            "comments_count": 5,
            "initial_comment": {
                "id": "Fc8SA3D2HW",
                "created": 1516025238,
                "timestamp": 1516025238,
                "user": "U7Q1TP0NT",
                "is_intro": true,
                "comment": "Hello tout le monde,\nExiste-il une procédure ou des optimisations possibles pour obtenir cela sur une google search mobile pour une app ?"
            }
        },
        "comment": {
            "id": "Fc8T463G3C",
            "created": 1516041491,
            "timestamp": 1516041491,
            "user": "U54KSDKCY",
            "is_intro": false,
            "comment": "<@U62V7G8J1> tu entends quoi par deeplinking ? Car là, il s'agit simplement de Google qui cite la fiche Apple Store, l'URL est celle de l'app, sans deeplinking, comparé à un Adwords où là on pourrait deeplink vers un point précis de l'app ? "
        },
        "is_intro": false,
        "ts": "1516041491.000146"
    },
    {
        "user": "U56Q9BV7Z",
        "text": "<@U56Q9BV7Z> has joined the channel",
        "type": "message",
        "subtype": "channel_join",
        "ts": "1516041785.000239"
    }
]