[
    {
        "type": "message",
        "user": "U54NAL317",
        "text": "<https:\/\/www.blogdumoderateur.com\/google-search-console-nouvelle-version\/>",
        "edited": {
            "user": "U54NAL317",
            "ts": "1515763713.000000"
        },
        "thread_ts": "1515763709.000049",
        "reply_count": 1,
        "replies": [
            {
                "user": "U56A4ULMV",
                "ts": "1515763855.000454"
            }
        ],
        "unread_count": 1,
        "ts": "1515763709.000049"
    },
    {
        "type": "message",
        "user": "U56A4ULMV",
        "text": "J’ai envie de dire que c’est pas trop tôt, mais je vais avoir le seum comme pour la MàJ d’Adword",
        "thread_ts": "1515763709.000049",
        "parent_user_id": "U54NAL317",
        "ts": "1515763855.000454",
        "reactions": [
            {
                "name": "joy",
                "users": [
                    "U542GFW85",
                    "U54NAL317"
                ],
                "count": 2
            }
        ]
    },
    {
        "type": "message",
        "user": "U5C86111D",
        "text": "Pourquoi google te donnerai du boost ? si c’était ça tu n’aurai qu’à investir 1 millions pour être 1er sur google",
        "thread_ts": "1515665122.000426",
        "parent_user_id": "U6ET16EKV",
        "ts": "1515765625.000484",
        "reactions": [
            {
                "name": "+1",
                "users": [
                    "U6ET16EKV"
                ],
                "count": 1
            }
        ]
    },
    {
        "type": "message",
        "user": "U5AV671TK",
        "text": "Yo, j'ai besoin de PGMs du SEO. De nos jours la vieille guerre du blog en sous-domaine vs le blog en path (\/blog), ça a encore une importance ?",
        "thread_ts": "1515766795.000354",
        "reply_count": 8,
        "replies": [
            {
                "user": "U80MTJ93N",
                "ts": "1515766888.000037"
            },
            {
                "user": "U5AV671TK",
                "ts": "1515766912.000134"
            },
            {
                "user": "U5C86111D",
                "ts": "1515767214.000259"
            },
            {
                "user": "U5AV671TK",
                "ts": "1515767251.000628"
            },
            {
                "user": "U62V7G8J1",
                "ts": "1515775306.000218"
            },
            {
                "user": "U5AV671TK",
                "ts": "1515775977.000095"
            },
            {
                "user": "U5AV671TK",
                "ts": "1515775979.000199"
            },
            {
                "user": "U5AV671TK",
                "ts": "1515775981.000142"
            }
        ],
        "unread_count": 8,
        "ts": "1515766795.000354"
    },
    {
        "type": "message",
        "user": "U80MTJ93N",
        "text": "En sous rep sans hésitation. Ca ramène le jus direct sur ton domaine.",
        "thread_ts": "1515766795.000354",
        "parent_user_id": "U5AV671TK",
        "ts": "1515766888.000037"
    },
    {
        "type": "message",
        "user": "U5AV671TK",
        "text": "pareil pour les langues, mieux vaut un path, un sous-domaine ou un tld ?",
        "ts": "1515766896.000404"
    },
    {
        "type": "message",
        "user": "U5AV671TK",
        "text": "sous rep ?",
        "thread_ts": "1515766795.000354",
        "parent_user_id": "U5AV671TK",
        "ts": "1515766912.000134"
    },
    {
        "type": "message",
        "user": "U5C86111D",
        "text": "=&gt; \/blog",
        "thread_ts": "1515766795.000354",
        "parent_user_id": "U5AV671TK",
        "ts": "1515767214.000259"
    },
    {
        "type": "message",
        "user": "U5C86111D",
        "text": "le mieux c’est TLD mais x10 difficulté à gérer",
        "ts": "1515767230.000448"
    },
    {
        "type": "message",
        "user": "U5AV671TK",
        "text": "En fait ma question principale c'est un peu un mix des deux. Je vais devoir refaire le blog de Dolead, et j'aimerai utiliser le path pour faire ranker mon domaine principal. Le truc, c'est qu'un path \/fr\/blog je trouve ça :poop:",
        "ts": "1515767234.000328"
    },
    {
        "type": "message",
        "user": "U5AV671TK",
        "text": "ty",
        "thread_ts": "1515766795.000354",
        "parent_user_id": "U5AV671TK",
        "ts": "1515767251.000628"
    },
    {
        "type": "message",
        "user": "U5AV671TK",
        "text": "après j'avoue <@U5C86111D> que .fr\/blog c'est plus logique et classieux",
        "ts": "1515767328.000106"
    },
    {
        "type": "message",
        "subtype": "file_share",
        "text": "<@U5C86111D> uploaded a file: <https:\/\/growthhackingfrance.slack.com\/files\/U5C86111D\/F8SSMBTFG\/international.pdf|International.pdf>",
        "file": {
            "id": "F8SSMBTFG",
            "created": 1515767379,
            "timestamp": 1515767379,
            "name": "International.pdf",
            "title": "International.pdf",
            "mimetype": "application\/pdf",
            "filetype": "pdf",
            "pretty_type": "PDF",
            "user": "U5C86111D",
            "editable": false,
            "size": 7893109,
            "mode": "hosted",
            "is_external": false,
            "external_type": "",
            "is_public": true,
            "public_url_shared": false,
            "display_as_bot": false,
            "username": "",
            "url_private": "https:\/\/files.slack.com\/files-pri\/T53A65FDZ-F8SSMBTFG\/international.pdf?t=xoxe-173346185475-301971345667-302189523445-be5392310f98480a534c383e5d92ddc3",
            "url_private_download": "https:\/\/files.slack.com\/files-pri\/T53A65FDZ-F8SSMBTFG\/download\/international.pdf?t=xoxe-173346185475-301971345667-302189523445-be5392310f98480a534c383e5d92ddc3",
            "thumb_pdf": "https:\/\/files.slack.com\/files-tmb\/T53A65FDZ-F8SSMBTFG-86e3adab03\/international_thumb_pdf.png?t=xoxe-173346185475-301971345667-302189523445-be5392310f98480a534c383e5d92ddc3",
            "thumb_pdf_w": 1286,
            "thumb_pdf_h": 909,
            "permalink": "https:\/\/growthhackingfrance.slack.com\/files\/U5C86111D\/F8SSMBTFG\/international.pdf",
            "permalink_public": "https:\/\/slack-files.com\/T53A65FDZ-F8SSMBTFG-05972353a3",
            "channels": [],
            "groups": [],
            "ims": [],
            "comments_count": 2,
            "reactions": [
                {
                    "name": "heart",
                    "users": [
                        "U580PR7C2",
                        "U5AV671TK"
                    ],
                    "count": 2
                }
            ]
        },
        "user": "U5C86111D",
        "upload": true,
        "display_as_bot": false,
        "username": "robin",
        "bot_id": null,
        "ts": "1515767380.000460"
    },
    {
        "type": "message",
        "subtype": "file_comment",
        "text": "<@U5AV671TK> commented on <@U5C86111D>’s file <https:\/\/growthhackingfrance.slack.com\/files\/U5C86111D\/F8SSMBTFG\/international.pdf|International.pdf>: Amour sur twa",
        "file": {
            "id": "F8SSMBTFG",
            "created": 1515767379,
            "timestamp": 1515767379,
            "name": "International.pdf",
            "title": "International.pdf",
            "mimetype": "application\/pdf",
            "filetype": "pdf",
            "pretty_type": "PDF",
            "user": "U5C86111D",
            "editable": false,
            "size": 7893109,
            "mode": "hosted",
            "is_external": false,
            "external_type": "",
            "is_public": true,
            "public_url_shared": false,
            "display_as_bot": false,
            "username": "",
            "url_private": "https:\/\/files.slack.com\/files-pri\/T53A65FDZ-F8SSMBTFG\/international.pdf?t=xoxe-173346185475-301971345667-302189523445-be5392310f98480a534c383e5d92ddc3",
            "url_private_download": "https:\/\/files.slack.com\/files-pri\/T53A65FDZ-F8SSMBTFG\/download\/international.pdf?t=xoxe-173346185475-301971345667-302189523445-be5392310f98480a534c383e5d92ddc3",
            "thumb_pdf": "https:\/\/files.slack.com\/files-tmb\/T53A65FDZ-F8SSMBTFG-86e3adab03\/international_thumb_pdf.png?t=xoxe-173346185475-301971345667-302189523445-be5392310f98480a534c383e5d92ddc3",
            "thumb_pdf_w": 1286,
            "thumb_pdf_h": 909,
            "permalink": "https:\/\/growthhackingfrance.slack.com\/files\/U5C86111D\/F8SSMBTFG\/international.pdf",
            "permalink_public": "https:\/\/slack-files.com\/T53A65FDZ-F8SSMBTFG-05972353a3",
            "channels": [],
            "groups": [],
            "ims": [],
            "comments_count": 2,
            "reactions": [
                {
                    "name": "heart",
                    "users": [
                        "U580PR7C2",
                        "U5AV671TK"
                    ],
                    "count": 2
                }
            ]
        },
        "comment": {
            "id": "Fc8S50GNFP",
            "created": 1515767533,
            "timestamp": 1515767533,
            "user": "U5AV671TK",
            "is_intro": false,
            "comment": "Amour sur twa"
        },
        "is_intro": false,
        "ts": "1515767533.000197"
    },
    {
        "type": "message",
        "subtype": "file_comment",
        "text": "<@U5AV671TK> commented on <@U5C86111D>’s file <https:\/\/growthhackingfrance.slack.com\/files\/U5C86111D\/F8SSMBTFG\/international.pdf|International.pdf>: Je pars sur TLD + path du coup",
        "file": {
            "id": "F8SSMBTFG",
            "created": 1515767379,
            "timestamp": 1515767379,
            "name": "International.pdf",
            "title": "International.pdf",
            "mimetype": "application\/pdf",
            "filetype": "pdf",
            "pretty_type": "PDF",
            "user": "U5C86111D",
            "editable": false,
            "size": 7893109,
            "mode": "hosted",
            "is_external": false,
            "external_type": "",
            "is_public": true,
            "public_url_shared": false,
            "display_as_bot": false,
            "username": "",
            "url_private": "https:\/\/files.slack.com\/files-pri\/T53A65FDZ-F8SSMBTFG\/international.pdf?t=xoxe-173346185475-301971345667-302189523445-be5392310f98480a534c383e5d92ddc3",
            "url_private_download": "https:\/\/files.slack.com\/files-pri\/T53A65FDZ-F8SSMBTFG\/download\/international.pdf?t=xoxe-173346185475-301971345667-302189523445-be5392310f98480a534c383e5d92ddc3",
            "thumb_pdf": "https:\/\/files.slack.com\/files-tmb\/T53A65FDZ-F8SSMBTFG-86e3adab03\/international_thumb_pdf.png?t=xoxe-173346185475-301971345667-302189523445-be5392310f98480a534c383e5d92ddc3",
            "thumb_pdf_w": 1286,
            "thumb_pdf_h": 909,
            "permalink": "https:\/\/growthhackingfrance.slack.com\/files\/U5C86111D\/F8SSMBTFG\/international.pdf",
            "permalink_public": "https:\/\/slack-files.com\/T53A65FDZ-F8SSMBTFG-05972353a3",
            "channels": [],
            "groups": [],
            "ims": [],
            "comments_count": 2,
            "reactions": [
                {
                    "name": "heart",
                    "users": [
                        "U580PR7C2",
                        "U5AV671TK"
                    ],
                    "count": 2
                }
            ]
        },
        "comment": {
            "id": "Fc8S16FMFE",
            "created": 1515767544,
            "timestamp": 1515767544,
            "user": "U5AV671TK",
            "is_intro": false,
            "comment": "Je pars sur TLD + path du coup"
        },
        "is_intro": false,
        "ts": "1515767544.000038"
    },
    {
        "type": "message",
        "user": "U5C86111D",
        "text": "(!) au BL du coup",
        "ts": "1515767558.000439"
    },
    {
        "type": "message",
        "user": "U546L44SJ",
        "text": "<@U5AV671TK> il n’y a plus grande différence auouord’hui apparement entre sous domaine et tld",
        "ts": "1515774413.000229"
    },
    {
        "type": "message",
        "user": "U5C86111D",
        "text": "si ça reste assez grand le gap",
        "ts": "1515774517.000148"
    },
    {
        "type": "message",
        "user": "U5C86111D",
        "text": "rien qu’en terme d’IP",
        "ts": "1515774522.000535"
    },
    {
        "type": "message",
        "user": "U5C86111D",
        "text": "et de trust",
        "ts": "1515774526.000043"
    },
    {
        "type": "message",
        "user": "U546L44SJ",
        "text": "bah c’est pas ce que je lisais dernierement",
        "ts": "1515774661.000747"
    },
    {
        "type": "message",
        "user": "U546L44SJ",
        "text": "enfin aujourd’hui quand tu lis la “littérature” ce n’est pas ce qui ressort mais après personne n’est dans le secret des dieux. ENfin d’après ce que j’ai lu moi tu as ptet plus d’insight mais je serais intéressé de les avoir",
        "ts": "1515774706.000024"
    },
    {
        "type": "message",
        "user": "U62V7G8J1",
        "text": "sous-rep = subfolder = ce que t'appelles en path",
        "thread_ts": "1515766795.000354",
        "parent_user_id": "U5AV671TK",
        "ts": "1515775306.000218"
    },
    {
        "type": "message",
        "user": "U62V7G8J1",
        "text": "J'ai encore fait le test. Un site en .com\/fr, on le duplique en .fr, au bout d'un mois et demi le site en .fr est déjà largement mieux positionner que ne l'était le .com\/fr",
        "ts": "1515775378.000601"
    },
    {
        "type": "message",
        "user": "U5AV671TK",
        "text": "ah yes sous-répertoire",
        "thread_ts": "1515766795.000354",
        "parent_user_id": "U5AV671TK",
        "ts": "1515775977.000095"
    },
    {
        "type": "message",
        "user": "U5AV671TK",
        "text": "je suis con",
        "thread_ts": "1515766795.000354",
        "parent_user_id": "U5AV671TK",
        "ts": "1515775979.000199"
    },
    {
        "type": "message",
        "user": "U5AV671TK",
        "text": ":heart:",
        "thread_ts": "1515766795.000354",
        "parent_user_id": "U5AV671TK",
        "ts": "1515775981.000142"
    },
    {
        "type": "message",
        "user": "U546L44SJ",
        "text": "<@U6ET16EKV> attention ce n’est pas pck tu recois du trafic que ca a  un impact sur ton SEO c’est deux choses différentes. Sinon tous ceux qui font du SEA aurait du bonus",
        "thread_ts": "1515665122.000426",
        "parent_user_id": "U6ET16EKV",
        "ts": "1515777539.000627"
    },
    {
        "type": "message",
        "user": "U546L44SJ",
        "text": "<@U5C86111D> je vois qu’on est sur l meme longueur d’ondes :wink:",
        "edited": {
            "user": "U546L44SJ",
            "ts": "1515778729.000000"
        },
        "thread_ts": "1515665122.000426",
        "parent_user_id": "U6ET16EKV",
        "ts": "1515777549.000703"
    },
    {
        "type": "message",
        "user": "U6ET16EKV",
        "text": "Je sais bien que c'est différent, mais je pensai vraiment que le SEA (Adwords) avait un effet de boost sur le SEO (Google) même très minime. L'impact est certainement limité au nom de marque. SEA &gt; Requête sur la marque &gt; SEO. D'après vous aucun j'isole mes LP de mon domaine pour plus de souplesse et j'aurai donc zéro incidence ou BONUS :grinning: sur mon SEO",
        "thread_ts": "1515665122.000426",
        "parent_user_id": "U6ET16EKV",
        "ts": "1515778794.000120"
    },
    {
        "type": "message",
        "user": "U546L44SJ",
        "text": "en gros SEA != SEO",
        "thread_ts": "1515665122.000426",
        "parent_user_id": "U6ET16EKV",
        "ts": "1515778832.000205",
        "reactions": [
            {
                "name": "wink",
                "users": [
                    "U6ET16EKV"
                ],
                "count": 1
            }
        ]
    },
    {
        "type": "message",
        "user": "U6ET16EKV",
        "text": "Ah bon :joy:",
        "thread_ts": "1515665122.000426",
        "parent_user_id": "U6ET16EKV",
        "ts": "1515779252.000065"
    },
    {
        "type": "message",
        "user": "U5C86111D",
        "text": "Si google prends 6 mois pour un nouveau BL, combien de temps pour du sea alors ? Faudrait faire tourner ton sea pendant 4 mois minimum ",
        "thread_ts": "1515665122.000426",
        "parent_user_id": "U6ET16EKV",
        "ts": "1515779473.000380"
    },
    {
        "type": "message",
        "user": "U6ET16EKV",
        "text": "Mon SEA tourne H24 7\/7 ahah :joy:",
        "edited": {
            "user": "U6ET16EKV",
            "ts": "1515780473.000000"
        },
        "thread_ts": "1515665122.000426",
        "parent_user_id": "U6ET16EKV",
        "ts": "1515780459.000831"
    }
]