[
    {
        "type": "message",
        "user": "U57DAHPE1",
        "text": "Salut à tous, mon boss voudrait réaliser un partenariat avec une autre startup dont le site à un DA assez intéressant. Notamment de l’échange de liens dans des posts sur nos sites respectifs et autres joyeusetés. J’ai pas fait ça depuis un bail et il me semble que l’échange de liens directs c’est pas quelque chose que google kiffe désormais. Comment je peux exécuter ça à votre avis ?",
        "edited": {
            "user": "U57DAHPE1",
            "ts": "1515094247.000000"
        },
        "ts": "1515094229.000080"
    },
    {
        "type": "message",
        "user": "U5C86111D",
        "text": "Tu fais du A&lt;=&gt;B ?",
        "ts": "1515094846.000607"
    },
    {
        "type": "message",
        "user": "U57DAHPE1",
        "text": "Mais attends il me semblait que google kiffait plus du tout ça non ?",
        "ts": "1515097601.000700"
    },
    {
        "type": "message",
        "user": "U57DAHPE1",
        "text": "Que c’était de l’échange de liens, donc non organique donc pourris.",
        "ts": "1515097629.000020"
    },
    {
        "type": "message",
        "user": "U62V7G8J1",
        "text": "Bah en gros faut que tu fasses plus ou moins du tiered links (enfin ça revient au même principe)\n\nA ==&gt; B ==&gt; C\nC ==&gt; D ==&gt; A \n\nSi tu fais C ==&gt; B ==&gt; A Google finira par le capter :slightly_smiling_face:\n\nA étant ta boîte, C celle de ton partenaire (en gros)",
        "ts": "1515100150.000326",
        "reactions": [
            {
                "name": "ok_hand",
                "users": [
                    "U80MTJ93N"
                ],
                "count": 1
            }
        ]
    },
    {
        "type": "message",
        "user": "U5C86111D",
        "text": "SEO :heart:",
        "ts": "1515105280.000457",
        "reactions": [
            {
                "name": "joy",
                "users": [
                    "U55FFTX6J",
                    "U80MTJ93N"
                ],
                "count": 2
            }
        ]
    },
    {
        "type": "message",
        "user": "U57DAHPE1",
        "text": "Faut qu’on fasse un échange avec un troisième voir 4eme site je m’en doutais....",
        "edited": {
            "user": "U57DAHPE1",
            "ts": "1515105373.000000"
        },
        "ts": "1515105326.000539"
    },
    {
        "type": "message",
        "user": "U57DAHPE1",
        "text": "On va tenter de faire un échange de bon procédés sur autre chose",
        "ts": "1515105391.000030"
    }
]