[
    {
        "user": "U7ZTG27N1",
        "text": "<@U7ZTG27N1> has joined the channel",
        "type": "message",
        "subtype": "channel_join",
        "ts": "1516113554.000290"
    },
    {
        "type": "message",
        "user": "U7ZTG27N1",
        "text": "Hello <#C54JX6R62|seo>, une petite question: est-ce que les liens internes (liens vers d'autres pages du même site) comptent pour le référencement ? Si oui, est-ce que vous conseillez l'usage de solution automatique de liens vers d'autres contenu pour chaque mot clé présent dans les pages ? Merci !",
        "edited": {
            "user": "U7ZTG27N1",
            "ts": "1516113644.000000"
        },
        "ts": "1516113612.000683"
    },
    {
        "type": "message",
        "user": "U5C86111D",
        "text": "oui ça compte beaucoup",
        "ts": "1516115907.000244"
    },
    {
        "type": "message",
        "user": "U5C86111D",
        "text": "dépends de ton plugin",
        "ts": "1516115923.000882"
    },
    {
        "type": "message",
        "user": "U5C86111D",
        "text": "j’aurais tendance à le faire à la main pour garder le silo étanche",
        "ts": "1516115933.000606",
        "reactions": [
            {
                "name": "white_check_mark",
                "users": [
                    "U54KSDKCY",
                    "U6ET16EKV"
                ],
                "count": 2
            }
        ]
    },
    {
        "type": "message",
        "user": "U7ZTG27N1",
        "text": "Ok merci !",
        "ts": "1516116001.000394"
    },
    {
        "type": "message",
        "user": "U7ZTG27N1",
        "text": "Qu'entends-tu par \"garder le silo étanche\" ?",
        "ts": "1516116022.000082"
    },
    {
        "type": "message",
        "user": "U5C86111D",
        "text": "ton contenu le plus souvent tu le fais en silo de thématique",
        "ts": "1516116111.000298"
    },
    {
        "type": "message",
        "user": "U5C86111D",
        "text": "wait 2sec",
        "ts": "1516116114.000663"
    },
    {
        "type": "message",
        "user": "U5C86111D",
        "text": "<https:\/\/www.creanico.fr\/wordpress\/mettre-place-structure-silos-wordpress\/>",
        "attachments": [
            {
                "service_name": "CreaNico",
                "title": "Comment mettre en place une structure en silos avec WordPress ?",
                "title_link": "https:\/\/www.creanico.fr\/wordpress\/mettre-place-structure-silos-wordpress\/",
                "text": "Je vous donne dans cet article toutes les astuces pour passer un site WordPress sur une structure en siloing thématique qui va plaire à Google.",
                "fallback": "CreaNico: Comment mettre en place une structure en silos avec WordPress ?",
                "image_url": "https:\/\/www.creanico.fr\/wp-content\/uploads\/structurer-site-wordpress-en-silos.jpg",
                "image_width": 319,
                "image_height": 250,
                "ts": 1501235934,
                "from_url": "https:\/\/www.creanico.fr\/wordpress\/mettre-place-structure-silos-wordpress\/",
                "image_bytes": 55428,
                "service_icon": "https:\/\/www.creanico.fr\/wp-content\/uploads\/fbrfg\/apple-touch-icon-57x57.png",
                "id": 1
            }
        ],
        "ts": "1516116147.000956",
        "reactions": [
            {
                "name": "+1",
                "users": [
                    "U53GAFF8R",
                    "U6ET16EKV",
                    "U7ZTG27N1"
                ],
                "count": 3
            }
        ]
    },
    {
        "type": "message",
        "user": "U7ZTG27N1",
        "text": "Merci !",
        "ts": "1516133490.000527"
    },
    {
        "type": "message",
        "user": "U54KSDKCY",
        "text": "Ouaip vérifie bien ça avec Xenu ou un tool qui te map l'architecture pour vérifier qu'il n'y ai pas de liens entre tes articles. Wordpress peut vite faire n'importe quoi par exemple.",
        "ts": "1516144519.000266",
        "reactions": [
            {
                "name": "pray",
                "users": [
                    "U7ZTG27N1"
                ],
                "count": 1
            }
        ]
    },
    {
        "type": "message",
        "subtype": "file_comment",
        "text": "<@U62V7G8J1> commented on <@U7Q1TP0NT>’s file <https:\/\/growthhackingfrance.slack.com\/files\/U7Q1TP0NT\/F8T39LBGD\/img_1250.jpg|IMG_1250.JPG>: Deeplinking pas pour apparaître dans les SERPs, mais si t'as un site pou renvoyer directement à ton page et à la bonne page",
        "file": {
            "id": "F8T39LBGD",
            "created": 1516025238,
            "timestamp": 1516025238,
            "name": "IMG_1250.JPG",
            "title": "IMG_1250.JPG",
            "mimetype": "image\/jpeg",
            "filetype": "jpg",
            "pretty_type": "JPEG",
            "user": "U7Q1TP0NT",
            "editable": false,
            "size": 196926,
            "mode": "hosted",
            "is_external": false,
            "external_type": "",
            "is_public": true,
            "public_url_shared": false,
            "display_as_bot": false,
            "username": "",
            "url_private": "https:\/\/files.slack.com\/files-pri\/T53A65FDZ-F8T39LBGD\/img_1250.jpg?t=xoxe-173346185475-301971345667-302189523445-be5392310f98480a534c383e5d92ddc3",
            "url_private_download": "https:\/\/files.slack.com\/files-pri\/T53A65FDZ-F8T39LBGD\/download\/img_1250.jpg?t=xoxe-173346185475-301971345667-302189523445-be5392310f98480a534c383e5d92ddc3",
            "thumb_64": "https:\/\/files.slack.com\/files-tmb\/T53A65FDZ-F8T39LBGD-b15f5f5021\/img_1250_64.jpg?t=xoxe-173346185475-301971345667-302189523445-be5392310f98480a534c383e5d92ddc3",
            "thumb_80": "https:\/\/files.slack.com\/files-tmb\/T53A65FDZ-F8T39LBGD-b15f5f5021\/img_1250_80.jpg?t=xoxe-173346185475-301971345667-302189523445-be5392310f98480a534c383e5d92ddc3",
            "thumb_360": "https:\/\/files.slack.com\/files-tmb\/T53A65FDZ-F8T39LBGD-b15f5f5021\/img_1250_360.jpg?t=xoxe-173346185475-301971345667-302189523445-be5392310f98480a534c383e5d92ddc3",
            "thumb_360_w": 202,
            "thumb_360_h": 360,
            "thumb_480": "https:\/\/files.slack.com\/files-tmb\/T53A65FDZ-F8T39LBGD-b15f5f5021\/img_1250_480.jpg?t=xoxe-173346185475-301971345667-302189523445-be5392310f98480a534c383e5d92ddc3",
            "thumb_480_w": 270,
            "thumb_480_h": 480,
            "thumb_160": "https:\/\/files.slack.com\/files-tmb\/T53A65FDZ-F8T39LBGD-b15f5f5021\/img_1250_160.jpg?t=xoxe-173346185475-301971345667-302189523445-be5392310f98480a534c383e5d92ddc3",
            "thumb_720": "https:\/\/files.slack.com\/files-tmb\/T53A65FDZ-F8T39LBGD-b15f5f5021\/img_1250_720.jpg?t=xoxe-173346185475-301971345667-302189523445-be5392310f98480a534c383e5d92ddc3",
            "thumb_720_w": 405,
            "thumb_720_h": 720,
            "thumb_800": "https:\/\/files.slack.com\/files-tmb\/T53A65FDZ-F8T39LBGD-b15f5f5021\/img_1250_800.jpg?t=xoxe-173346185475-301971345667-302189523445-be5392310f98480a534c383e5d92ddc3",
            "thumb_800_w": 450,
            "thumb_800_h": 800,
            "thumb_960": "https:\/\/files.slack.com\/files-tmb\/T53A65FDZ-F8T39LBGD-b15f5f5021\/img_1250_960.jpg?t=xoxe-173346185475-301971345667-302189523445-be5392310f98480a534c383e5d92ddc3",
            "thumb_960_w": 540,
            "thumb_960_h": 960,
            "thumb_1024": "https:\/\/files.slack.com\/files-tmb\/T53A65FDZ-F8T39LBGD-b15f5f5021\/img_1250_1024.jpg?t=xoxe-173346185475-301971345667-302189523445-be5392310f98480a534c383e5d92ddc3",
            "thumb_1024_w": 576,
            "thumb_1024_h": 1024,
            "image_exif_rotation": 1,
            "original_w": 750,
            "original_h": 1334,
            "permalink": "https:\/\/growthhackingfrance.slack.com\/files\/U7Q1TP0NT\/F8T39LBGD\/img_1250.jpg",
            "permalink_public": "https:\/\/slack-files.com\/T53A65FDZ-F8T39LBGD-1babc68e6a",
            "channels": [],
            "groups": [],
            "ims": [],
            "comments_count": 5,
            "initial_comment": {
                "id": "Fc8SA3D2HW",
                "created": 1516025238,
                "timestamp": 1516025238,
                "user": "U7Q1TP0NT",
                "is_intro": true,
                "comment": "Hello tout le monde,\nExiste-il une procédure ou des optimisations possibles pour obtenir cela sur une google search mobile pour une app ?"
            }
        },
        "comment": {
            "id": "Fc8TTCC7FV",
            "created": 1516172620,
            "timestamp": 1516172620,
            "user": "U62V7G8J1",
            "is_intro": false,
            "comment": "Deeplinking pas pour apparaître dans les SERPs, mais si t'as un site pou renvoyer directement à ton page et à la bonne page"
        },
        "is_intro": false,
        "ts": "1516172620.000075"
    }
]