[
    {
        "type": "message",
        "user": "U54NAL317",
        "text": "Hello, ces prochaines semaines je vais me concentrer sur l'acquisition de backlinks",
        "ts": "1516270965.000267"
    },
    {
        "type": "message",
        "user": "U54NAL317",
        "text": "toutes vos idées de stratégie sont les bienvenues :slightly_smiling_face:",
        "thread_ts": "1516270976.000592",
        "reply_count": 16,
        "replies": [
            {
                "user": "U54KSDKCY",
                "ts": "1516288844.000717"
            },
            {
                "user": "U54NAL317",
                "ts": "1516291043.000389"
            },
            {
                "user": "U54KSDKCY",
                "ts": "1516291574.000398"
            },
            {
                "user": "U54NAL317",
                "ts": "1516291669.000102"
            },
            {
                "user": "U54KSDKCY",
                "ts": "1516293781.000973"
            },
            {
                "user": "U7ZTG27N1",
                "ts": "1516374191.000640"
            },
            {
                "user": "U54KSDKCY",
                "ts": "1516374263.000214"
            },
            {
                "user": "U5C86111D",
                "ts": "1516377719.000730"
            },
            {
                "user": "U54NAL317",
                "ts": "1516378936.000750"
            },
            {
                "user": "U7ZTG27N1",
                "ts": "1516379115.000400"
            },
            {
                "user": "U54NAL317",
                "ts": "1516379569.000555"
            },
            {
                "user": "U54KSDKCY",
                "ts": "1516379679.000465"
            },
            {
                "user": "U54KSDKCY",
                "ts": "1516379684.000636"
            },
            {
                "user": "U5C86111D",
                "ts": "1516379760.000637"
            },
            {
                "user": "U54KSDKCY",
                "ts": "1516380030.000445"
            },
            {
                "user": "U5C86111D",
                "ts": "1516385319.000165"
            }
        ],
        "unread_count": 16,
        "ts": "1516270976.000592"
    },
    {
        "type": "message",
        "user": "U54KSDKCY",
        "text": "J'ai lu deux gros articles intéressants que j'ai bookmarké : \n<https:\/\/kaiserthesage.com\/enterprise-link-building\/>\n<https:\/\/www.semrush.com\/blog\/11-advanced-link-building-techniques-future-seo\/>\n\nEt niveau tool j'ai listé : \n\n    - Majestic : La référence d’analyse linking\n    - BuzzSumo : Analyse les contenus, les influenceurs, .. = Période d’essai.\n    - Ahrefs : Keyword, content, link, monitor\n    - OpenLinkProfiler : Lien entrant \n    - Peacock : Link checker\n    - DomainHunter : Link Checker\n    - MoonSearch : Check les backlinks\n    - WebmeUp : Check backlink\n    - WikiGrabber : Outil gratuit pour trouver des liens morts dans WikiPédia\n    - HelpAReporter : Créer du contenu pour des reporters : Link ! \n    - Linkody : Vérifiez les liens entrants\n\nPerso j'utilise au boulot SemRush qui te permet tellement de choses que la version 30 jours free est indispensable pour bosser :slightly_smiling_face:",
        "edited": {
            "user": "U54KSDKCY",
            "ts": "1516288848.000000"
        },
        "thread_ts": "1516270976.000592",
        "parent_user_id": "U54NAL317",
        "ts": "1516288844.000717"
    },
    {
        "type": "message",
        "user": "U54NAL317",
        "text": "Thanks !\nYes j'ai semrush en payant",
        "thread_ts": "1516270976.000592",
        "parent_user_id": "U54NAL317",
        "ts": "1516291043.000389"
    },
    {
        "type": "message",
        "user": "U54KSDKCY",
        "text": "Top toute la gestion, recommandation, études des concurrents permet bcp.. ",
        "thread_ts": "1516270976.000592",
        "parent_user_id": "U54NAL317",
        "ts": "1516291574.000398"
    },
    {
        "type": "message",
        "user": "U54NAL317",
        "text": "Yes, j'en ai gagné....1 aujourd'hui :slightly_smiling_face:",
        "thread_ts": "1516270976.000592",
        "parent_user_id": "U54NAL317",
        "ts": "1516291669.000102"
    },
    {
        "type": "message",
        "user": "U54KSDKCY",
        "text": "Champagne :clinking_glasses: ",
        "thread_ts": "1516270976.000592",
        "parent_user_id": "U54NAL317",
        "ts": "1516293781.000973"
    }
]