[
    {
        "type": "message",
        "user": "U54NAL317",
        "text": "<https:\/\/www.marketingprofs.com\/articles\/2017\/33236\/your-2018-technical-seo-checklist>",
        "attachments": [
            {
                "service_name": "MarketingProfs",
                "title": "Your 2018 Technical SEO Checklist",
                "title_link": "https:\/\/www.marketingprofs.com\/articles\/2017\/33236\/your-2018-technical-seo-checklist",
                "text": "If you forgot about technical SEO amid all the Google algorithm updates, who can blame you? But now is the time to shore up your technical SEO fundamentals you need in place for 2018.",
                "fallback": "MarketingProfs: Your 2018 Technical SEO Checklist",
                "image_url": "https:\/\/i.marketingprofs.com\/assets\/images\/articles\/lg\/171204-technical-checklist-lg.jpg",
                "from_url": "https:\/\/www.marketingprofs.com\/articles\/2017\/33236\/your-2018-technical-seo-checklist",
                "image_width": 300,
                "image_height": 200,
                "image_bytes": 13522,
                "service_icon": "https:\/\/www.marketingprofs.com\/assets\/images\/site\/icons\/iphone_icon_www.png",
                "id": 1
            }
        ],
        "ts": "1515489742.000247",
        "reactions": [
            {
                "name": "ok_hand",
                "users": [
                    "U56R541TJ",
                    "U8B4Z6D8A"
                ],
                "count": 2
            }
        ]
    },
    {
        "type": "message",
        "user": "U53T3FKPD",
        "text": "Hello ! Pour un site qui a un sous domaine du style <http:\/\/maps.lesite.com|maps.lesite.com>, avec très peu de contenu (puisque c’est une map) mais pas mal de visiteurs, vous recommanderiez quoi ? J’ai bien envie de le mettre en noindex car aujourd’hui il n’apporte rien en SEO mais je me demande si je perds pas une opportunité de profiter du traffic :confused:",
        "ts": "1515494944.000105"
    },
    {
        "type": "message",
        "user": "U704DHU58",
        "text": "ça dépend, tu veux en faire quoi ? ça renvoie vers un autre site ? (ex: un store locator)",
        "edited": {
            "user": "U704DHU58",
            "ts": "1515497336.000000"
        },
        "thread_ts": "1515497318.000104",
        "reply_count": 1,
        "replies": [
            {
                "user": "U53T3FKPD",
                "ts": "1515499933.000255"
            }
        ],
        "unread_count": 1,
        "ts": "1515497318.000104"
    },
    {
        "type": "message",
        "user": "U53T3FKPD",
        "text": "Non ça ne renvoie même pas sur le site principal aujourd’hui car j’ai peur que ça pénalise plus qu’autre chose. Le site display juste des plans intérieurs de différentes entreprises dans le monde ( <https:\/\/maps.mapwize.io\/#\/> )",
        "thread_ts": "1515497318.000104",
        "parent_user_id": "U704DHU58",
        "ts": "1515499933.000255"
    },
    {
        "type": "message",
        "user": "U5479AJQH",
        "text": "semrush",
        "thread_ts": "1513170864.000371",
        "parent_user_id": "U54NAL317",
        "ts": "1515503122.000376"
    }
]