[
    {
        "type": "message",
        "subtype": "file_share",
        "text": "<@U6ET16EKV> uploaded a file: <https:\/\/growthhackingfrance.slack.com\/files\/U6ET16EKV\/F8MBA7XMZ\/sparkler-dashboard.png|Sparkler-Dashboard.png> and commented: Discover RsparkleR : a web crawler powered by @Spark &amp; @OVH Cloud\nThe package installs @Sparkler, traverses and parses all web pages of a website, and extracts all data you need from them at once with only 5 commands .<https:\/\/github.com\/USCDataScience\/sparkler>",
        "file": {
            "id": "F8MBA7XMZ",
            "created": 1514969753,
            "timestamp": 1514969753,
            "name": "Sparkler-Dashboard.png",
            "title": "Sparkler-Dashboard.png",
            "mimetype": "image\/png",
            "filetype": "png",
            "pretty_type": "PNG",
            "user": "U6ET16EKV",
            "editable": false,
            "size": 443008,
            "mode": "hosted",
            "is_external": false,
            "external_type": "",
            "is_public": true,
            "public_url_shared": false,
            "display_as_bot": false,
            "username": "",
            "url_private": "https:\/\/files.slack.com\/files-pri\/T53A65FDZ-F8MBA7XMZ\/sparkler-dashboard.png?t=xoxe-173346185475-301971345667-302189523445-be5392310f98480a534c383e5d92ddc3",
            "url_private_download": "https:\/\/files.slack.com\/files-pri\/T53A65FDZ-F8MBA7XMZ\/download\/sparkler-dashboard.png?t=xoxe-173346185475-301971345667-302189523445-be5392310f98480a534c383e5d92ddc3",
            "thumb_64": "https:\/\/files.slack.com\/files-tmb\/T53A65FDZ-F8MBA7XMZ-0459b8263f\/sparkler-dashboard_64.png?t=xoxe-173346185475-301971345667-302189523445-be5392310f98480a534c383e5d92ddc3",
            "thumb_80": "https:\/\/files.slack.com\/files-tmb\/T53A65FDZ-F8MBA7XMZ-0459b8263f\/sparkler-dashboard_80.png?t=xoxe-173346185475-301971345667-302189523445-be5392310f98480a534c383e5d92ddc3",
            "thumb_360": "https:\/\/files.slack.com\/files-tmb\/T53A65FDZ-F8MBA7XMZ-0459b8263f\/sparkler-dashboard_360.png?t=xoxe-173346185475-301971345667-302189523445-be5392310f98480a534c383e5d92ddc3",
            "thumb_360_w": 360,
            "thumb_360_h": 178,
            "thumb_480": "https:\/\/files.slack.com\/files-tmb\/T53A65FDZ-F8MBA7XMZ-0459b8263f\/sparkler-dashboard_480.png?t=xoxe-173346185475-301971345667-302189523445-be5392310f98480a534c383e5d92ddc3",
            "thumb_480_w": 480,
            "thumb_480_h": 237,
            "thumb_160": "https:\/\/files.slack.com\/files-tmb\/T53A65FDZ-F8MBA7XMZ-0459b8263f\/sparkler-dashboard_160.png?t=xoxe-173346185475-301971345667-302189523445-be5392310f98480a534c383e5d92ddc3",
            "thumb_720": "https:\/\/files.slack.com\/files-tmb\/T53A65FDZ-F8MBA7XMZ-0459b8263f\/sparkler-dashboard_720.png?t=xoxe-173346185475-301971345667-302189523445-be5392310f98480a534c383e5d92ddc3",
            "thumb_720_w": 720,
            "thumb_720_h": 355,
            "thumb_800": "https:\/\/files.slack.com\/files-tmb\/T53A65FDZ-F8MBA7XMZ-0459b8263f\/sparkler-dashboard_800.png?t=xoxe-173346185475-301971345667-302189523445-be5392310f98480a534c383e5d92ddc3",
            "thumb_800_w": 800,
            "thumb_800_h": 395,
            "thumb_960": "https:\/\/files.slack.com\/files-tmb\/T53A65FDZ-F8MBA7XMZ-0459b8263f\/sparkler-dashboard_960.png?t=xoxe-173346185475-301971345667-302189523445-be5392310f98480a534c383e5d92ddc3",
            "thumb_960_w": 960,
            "thumb_960_h": 474,
            "thumb_1024": "https:\/\/files.slack.com\/files-tmb\/T53A65FDZ-F8MBA7XMZ-0459b8263f\/sparkler-dashboard_1024.png?t=xoxe-173346185475-301971345667-302189523445-be5392310f98480a534c383e5d92ddc3",
            "thumb_1024_w": 1024,
            "thumb_1024_h": 505,
            "image_exif_rotation": 1,
            "original_w": 2846,
            "original_h": 1404,
            "permalink": "https:\/\/growthhackingfrance.slack.com\/files\/U6ET16EKV\/F8MBA7XMZ\/sparkler-dashboard.png",
            "permalink_public": "https:\/\/slack-files.com\/T53A65FDZ-F8MBA7XMZ-41e73535ab",
            "channels": [],
            "groups": [],
            "ims": [],
            "comments_count": 2,
            "initial_comment": {
                "id": "Fc8NFDDQ79",
                "created": 1514969753,
                "timestamp": 1514969753,
                "user": "U6ET16EKV",
                "is_intro": true,
                "comment": "Discover RsparkleR : a web crawler powered by @Spark &amp; @OVH Cloud\nThe package installs @Sparkler, traverses and parses all web pages of a website, and extracts all data you need from them at once with only 5 commands .<https:\/\/github.com\/USCDataScience\/sparkler>"
            }
        },
        "user": "U6ET16EKV",
        "upload": true,
        "display_as_bot": false,
        "username": "wladimirdelcros",
        "bot_id": null,
        "ts": "1514969757.000149"
    },
    {
        "type": "message",
        "user": "U5AV671TK",
        "text": "C'est bon ça <@U6ET16EKV>",
        "thread_ts": "1514970504.000149",
        "reply_count": 11,
        "replies": [
            {
                "user": "U6ET16EKV",
                "ts": "1514975872.000109"
            },
            {
                "user": "U5AV671TK",
                "ts": "1514975940.000241"
            },
            {
                "user": "U6ET16EKV",
                "ts": "1514978343.000194"
            },
            {
                "user": "U5AV671TK",
                "ts": "1514978798.000272"
            },
            {
                "user": "U6ET16EKV",
                "ts": "1514978876.000054"
            },
            {
                "user": "U5AV671TK",
                "ts": "1514978897.000008"
            },
            {
                "user": "U80MTJ93N",
                "ts": "1514983847.000061"
            },
            {
                "user": "U5AV671TK",
                "ts": "1514984013.000219"
            },
            {
                "user": "U80MTJ93N",
                "ts": "1514984210.000083"
            },
            {
                "user": "U57DAHPE1",
                "ts": "1516381705.000200"
            },
            {
                "user": "U80MTJ93N",
                "ts": "1516381763.000581"
            }
        ],
        "unread_count": 11,
        "ts": "1514970504.000149",
        "reactions": [
            {
                "name": "+1",
                "users": [
                    "U6ET16EKV"
                ],
                "count": 1
            }
        ]
    },
    {
        "type": "message",
        "user": "U6ET16EKV",
        "text": "Tu as testé ?",
        "thread_ts": "1514970504.000149",
        "parent_user_id": "U5AV671TK",
        "ts": "1514975872.000109"
    },
    {
        "type": "message",
        "user": "U5AV671TK",
        "text": "nope mais ça me dit bien",
        "thread_ts": "1514970504.000149",
        "parent_user_id": "U5AV671TK",
        "ts": "1514975940.000241"
    },
    {
        "type": "message",
        "subtype": "file_comment",
        "text": "<@U62V7G8J1> commented on <@U6ET16EKV>’s file <https:\/\/growthhackingfrance.slack.com\/files\/U6ET16EKV\/F8MBA7XMZ\/sparkler-dashboard.png|Sparkler-Dashboard.png>: <@U80MTJ93N>",
        "file": {
            "id": "F8MBA7XMZ",
            "created": 1514969753,
            "timestamp": 1514969753,
            "name": "Sparkler-Dashboard.png",
            "title": "Sparkler-Dashboard.png",
            "mimetype": "image\/png",
            "filetype": "png",
            "pretty_type": "PNG",
            "user": "U6ET16EKV",
            "editable": false,
            "size": 443008,
            "mode": "hosted",
            "is_external": false,
            "external_type": "",
            "is_public": true,
            "public_url_shared": false,
            "display_as_bot": false,
            "username": "",
            "url_private": "https:\/\/files.slack.com\/files-pri\/T53A65FDZ-F8MBA7XMZ\/sparkler-dashboard.png?t=xoxe-173346185475-301971345667-302189523445-be5392310f98480a534c383e5d92ddc3",
            "url_private_download": "https:\/\/files.slack.com\/files-pri\/T53A65FDZ-F8MBA7XMZ\/download\/sparkler-dashboard.png?t=xoxe-173346185475-301971345667-302189523445-be5392310f98480a534c383e5d92ddc3",
            "thumb_64": "https:\/\/files.slack.com\/files-tmb\/T53A65FDZ-F8MBA7XMZ-0459b8263f\/sparkler-dashboard_64.png?t=xoxe-173346185475-301971345667-302189523445-be5392310f98480a534c383e5d92ddc3",
            "thumb_80": "https:\/\/files.slack.com\/files-tmb\/T53A65FDZ-F8MBA7XMZ-0459b8263f\/sparkler-dashboard_80.png?t=xoxe-173346185475-301971345667-302189523445-be5392310f98480a534c383e5d92ddc3",
            "thumb_360": "https:\/\/files.slack.com\/files-tmb\/T53A65FDZ-F8MBA7XMZ-0459b8263f\/sparkler-dashboard_360.png?t=xoxe-173346185475-301971345667-302189523445-be5392310f98480a534c383e5d92ddc3",
            "thumb_360_w": 360,
            "thumb_360_h": 178,
            "thumb_480": "https:\/\/files.slack.com\/files-tmb\/T53A65FDZ-F8MBA7XMZ-0459b8263f\/sparkler-dashboard_480.png?t=xoxe-173346185475-301971345667-302189523445-be5392310f98480a534c383e5d92ddc3",
            "thumb_480_w": 480,
            "thumb_480_h": 237,
            "thumb_160": "https:\/\/files.slack.com\/files-tmb\/T53A65FDZ-F8MBA7XMZ-0459b8263f\/sparkler-dashboard_160.png?t=xoxe-173346185475-301971345667-302189523445-be5392310f98480a534c383e5d92ddc3",
            "thumb_720": "https:\/\/files.slack.com\/files-tmb\/T53A65FDZ-F8MBA7XMZ-0459b8263f\/sparkler-dashboard_720.png?t=xoxe-173346185475-301971345667-302189523445-be5392310f98480a534c383e5d92ddc3",
            "thumb_720_w": 720,
            "thumb_720_h": 355,
            "thumb_800": "https:\/\/files.slack.com\/files-tmb\/T53A65FDZ-F8MBA7XMZ-0459b8263f\/sparkler-dashboard_800.png?t=xoxe-173346185475-301971345667-302189523445-be5392310f98480a534c383e5d92ddc3",
            "thumb_800_w": 800,
            "thumb_800_h": 395,
            "thumb_960": "https:\/\/files.slack.com\/files-tmb\/T53A65FDZ-F8MBA7XMZ-0459b8263f\/sparkler-dashboard_960.png?t=xoxe-173346185475-301971345667-302189523445-be5392310f98480a534c383e5d92ddc3",
            "thumb_960_w": 960,
            "thumb_960_h": 474,
            "thumb_1024": "https:\/\/files.slack.com\/files-tmb\/T53A65FDZ-F8MBA7XMZ-0459b8263f\/sparkler-dashboard_1024.png?t=xoxe-173346185475-301971345667-302189523445-be5392310f98480a534c383e5d92ddc3",
            "thumb_1024_w": 1024,
            "thumb_1024_h": 505,
            "image_exif_rotation": 1,
            "original_w": 2846,
            "original_h": 1404,
            "permalink": "https:\/\/growthhackingfrance.slack.com\/files\/U6ET16EKV\/F8MBA7XMZ\/sparkler-dashboard.png",
            "permalink_public": "https:\/\/slack-files.com\/T53A65FDZ-F8MBA7XMZ-41e73535ab",
            "channels": [],
            "groups": [],
            "ims": [],
            "comments_count": 2,
            "initial_comment": {
                "id": "Fc8NFDDQ79",
                "created": 1514969753,
                "timestamp": 1514969753,
                "user": "U6ET16EKV",
                "is_intro": true,
                "comment": "Discover RsparkleR : a web crawler powered by @Spark &amp; @OVH Cloud\nThe package installs @Sparkler, traverses and parses all web pages of a website, and extracts all data you need from them at once with only 5 commands .<https:\/\/github.com\/USCDataScience\/sparkler>"
            }
        },
        "comment": {
            "id": "Fc8NAM3GMC",
            "created": 1514976945,
            "timestamp": 1514976945,
            "user": "U62V7G8J1",
            "is_intro": false,
            "comment": "<@U80MTJ93N>",
            "reactions": [
                {
                    "name": "hushed",
                    "users": [
                        "U80MTJ93N"
                    ],
                    "count": 1
                }
            ]
        },
        "is_intro": false,
        "ts": "1514976945.000210"
    },
    {
        "type": "message",
        "user": "U6ET16EKV",
        "text": "Je galère a faire tourner avec Solr",
        "thread_ts": "1514970504.000149",
        "parent_user_id": "U5AV671TK",
        "ts": "1514978343.000194"
    },
    {
        "type": "message",
        "user": "U5AV671TK",
        "text": "c'est en Java en plus ces trucs non ?",
        "thread_ts": "1514970504.000149",
        "parent_user_id": "U5AV671TK",
        "ts": "1514978798.000272"
    },
    {
        "type": "message",
        "user": "U6ET16EKV",
        "text": "Yes",
        "thread_ts": "1514970504.000149",
        "parent_user_id": "U5AV671TK",
        "ts": "1514978876.000054"
    },
    {
        "type": "message",
        "user": "U5AV671TK",
        "text": "haha relou, je vais tester sur un serveur perso, je te dirai",
        "thread_ts": "1514970504.000149",
        "parent_user_id": "U5AV671TK",
        "ts": "1514978897.000008"
    },
    {
        "type": "message",
        "user": "U80MTJ93N",
        "text": "<@U5AV671TK> pas besoin de serveur, tu installes Docker. J’ai du update pas mal de packages pour tout installer mais là ca tourne chez moi :+1: \nJe vous dis quand j’ai le résultat :slightly_smiling_face:",
        "thread_ts": "1514970504.000149",
        "parent_user_id": "U5AV671TK",
        "ts": "1514983847.000061"
    },
    {
        "type": "message",
        "user": "U5AV671TK",
        "text": "ouais je connais <@U80MTJ93N>;) mais le fait est que si tu veux le laisser tourner, ton Docker aussi doit être sur un serveur. Et j'ai encore du crédit sur DigitalOcean :wink:",
        "thread_ts": "1514970504.000149",
        "parent_user_id": "U5AV671TK",
        "ts": "1514984013.000219"
    },
    {
        "type": "message",
        "user": "U80MTJ93N",
        "text": "Ah oui bien sur. Écoute on verra si ça se fini dans la journée ahah",
        "thread_ts": "1514970504.000149",
        "parent_user_id": "U5AV671TK",
        "ts": "1514984210.000083"
    }
]