[
    {
        "type": "message",
        "user": "U6ET16EKV",
        "text": "Yo ! J'ai une question LP SEA \/ SEO. D'un point de vue SEO est-il préférable d'intégrer les LP SEA générant beaucoup de trafic sur le même domaine que le site ? Les LP SEA générant beaucoup de trafic, celui-ci donne t-il du poid à notre domaine ? A contrario mes LP SEA actuelle sont en sous domaine  (donc moins de poids pour le domaine ?)  et non indéxé. Thanks",
        "edited": {
            "user": "U6ET16EKV",
            "ts": "1515665187.000000"
        },
        "thread_ts": "1515665122.000426",
        "reply_count": 11,
        "replies": [
            {
                "user": "U5635E9JN",
                "ts": "1515675768.000296"
            },
            {
                "user": "U546L44SJ",
                "ts": "1515681150.000507"
            },
            {
                "user": "U6ET16EKV",
                "ts": "1515688984.000055"
            },
            {
                "user": "U5C86111D",
                "ts": "1515765625.000484"
            },
            {
                "user": "U546L44SJ",
                "ts": "1515777539.000627"
            },
            {
                "user": "U546L44SJ",
                "ts": "1515777549.000703"
            },
            {
                "user": "U6ET16EKV",
                "ts": "1515778794.000120"
            },
            {
                "user": "U546L44SJ",
                "ts": "1515778832.000205"
            },
            {
                "user": "U6ET16EKV",
                "ts": "1515779252.000065"
            },
            {
                "user": "U5C86111D",
                "ts": "1515779473.000380"
            },
            {
                "user": "U6ET16EKV",
                "ts": "1515780459.000831"
            }
        ],
        "unread_count": 11,
        "ts": "1515665122.000426",
        "reactions": [
            {
                "name": "eyes",
                "users": [
                    "U54KSDKCY"
                ],
                "count": 1
            }
        ]
    },
    {
        "type": "message",
        "user": "U5635E9JN",
        "text": "avec quoi tu dev tes pages ? Si elles ont faites à la main avec un code propre j'imagine que ca peut être bon pour du SEO",
        "thread_ts": "1515665122.000426",
        "parent_user_id": "U6ET16EKV",
        "ts": "1515675768.000296"
    },
    {
        "type": "message",
        "user": "U546L44SJ",
        "text": "<@U6ET16EKV> si tes sous domaines sont liés à ton domaine principal google compte le tout comme 1 domaine",
        "thread_ts": "1515665122.000426",
        "parent_user_id": "U6ET16EKV",
        "ts": "1515681150.000507"
    },
    {
        "type": "message",
        "user": "U6ET16EKV",
        "text": "Les futures LP seront sur un environnement WP optimisé (Vagrant). Tu conseille <@U5635E9JN>  d'indexer les LP SEA ? Super <@U546L44SJ> du coup le flux de visites sur les LP SEA doit booster le SEO du domaine.",
        "edited": {
            "user": "U6ET16EKV",
            "ts": "1515689402.000000"
        },
        "thread_ts": "1515665122.000426",
        "parent_user_id": "U6ET16EKV",
        "ts": "1515688984.000055"
    }
]