[
    {
        "type": "message",
        "user": "U7ZTG27N1",
        "text": "Autre question, la MAJ de Wordpress permet d'ajouter des trackbacks (exemple sur cet article à la fin: <https:\/\/www.lalanguefrancaise.com\/parmi-ou-parmis\/>) Est-ce une bonne idée de les ajouter selon vous ?",
        "attachments": [
            {
                "service_name": "La Langue Française",
                "title": "Parmi ou parmis ? | La Langue Française",
                "title_link": "https:\/\/www.lalanguefrancaise.com\/parmi-ou-parmis\/",
                "text": "Découvre la bonne orthographe entre \"parmi\" et \"parmis\". La règle expliquée simplement.",
                "fallback": "La Langue Française: Parmi ou parmis ? | La Langue Française",
                "image_url": "https:\/\/lalanguefrancaise.com\/wp-content\/plugins\/all-in-one-seo-pack\/images\/default-user-image.png",
                "ts": 1440710745,
                "from_url": "https:\/\/www.lalanguefrancaise.com\/parmi-ou-parmis\/",
                "image_width": 250,
                "image_height": 250,
                "image_bytes": 1497,
                "service_icon": "https:\/\/www.lalanguefrancaise.com\/wp-content\/uploads\/2018\/01\/cropped-favicon-180x180.png",
                "id": 1
            }
        ],
        "edited": {
            "user": "U7ZTG27N1",
            "ts": "1516177707.000000"
        },
        "thread_ts": "1516177338.000093",
        "reply_count": 1,
        "replies": [
            {
                "user": "U54KSDKCY",
                "ts": "1516188528.000350"
            }
        ],
        "unread_count": 1,
        "ts": "1516177338.000093"
    },
    {
        "type": "message",
        "user": "U54KSDKCY",
        "text": "Je connaissais pas le mot mais c'est quoi finalement ? Un lien vers un article sensiblement proche ? Genre même silo ? ",
        "thread_ts": "1516177338.000093",
        "parent_user_id": "U7ZTG27N1",
        "ts": "1516188528.000350"
    },
    {
        "type": "message",
        "subtype": "file_comment",
        "text": "<@U54KSDKCY> commented on <@U7Q1TP0NT>’s file <https:\/\/growthhackingfrance.slack.com\/files\/U7Q1TP0NT\/F8T39LBGD\/img_1250.jpg|IMG_1250.JPG>: Ah oui bien entendu OK :) Deeplinking + Dynamic Link aussi ",
        "file": {
            "id": "F8T39LBGD",
            "created": 1516025238,
            "timestamp": 1516025238,
            "name": "IMG_1250.JPG",
            "title": "IMG_1250.JPG",
            "mimetype": "image\/jpeg",
            "filetype": "jpg",
            "pretty_type": "JPEG",
            "user": "U7Q1TP0NT",
            "editable": false,
            "size": 196926,
            "mode": "hosted",
            "is_external": false,
            "external_type": "",
            "is_public": true,
            "public_url_shared": false,
            "display_as_bot": false,
            "username": "",
            "url_private": "https:\/\/files.slack.com\/files-pri\/T53A65FDZ-F8T39LBGD\/img_1250.jpg?t=xoxe-173346185475-301971345667-302189523445-be5392310f98480a534c383e5d92ddc3",
            "url_private_download": "https:\/\/files.slack.com\/files-pri\/T53A65FDZ-F8T39LBGD\/download\/img_1250.jpg?t=xoxe-173346185475-301971345667-302189523445-be5392310f98480a534c383e5d92ddc3",
            "thumb_64": "https:\/\/files.slack.com\/files-tmb\/T53A65FDZ-F8T39LBGD-b15f5f5021\/img_1250_64.jpg?t=xoxe-173346185475-301971345667-302189523445-be5392310f98480a534c383e5d92ddc3",
            "thumb_80": "https:\/\/files.slack.com\/files-tmb\/T53A65FDZ-F8T39LBGD-b15f5f5021\/img_1250_80.jpg?t=xoxe-173346185475-301971345667-302189523445-be5392310f98480a534c383e5d92ddc3",
            "thumb_360": "https:\/\/files.slack.com\/files-tmb\/T53A65FDZ-F8T39LBGD-b15f5f5021\/img_1250_360.jpg?t=xoxe-173346185475-301971345667-302189523445-be5392310f98480a534c383e5d92ddc3",
            "thumb_360_w": 202,
            "thumb_360_h": 360,
            "thumb_480": "https:\/\/files.slack.com\/files-tmb\/T53A65FDZ-F8T39LBGD-b15f5f5021\/img_1250_480.jpg?t=xoxe-173346185475-301971345667-302189523445-be5392310f98480a534c383e5d92ddc3",
            "thumb_480_w": 270,
            "thumb_480_h": 480,
            "thumb_160": "https:\/\/files.slack.com\/files-tmb\/T53A65FDZ-F8T39LBGD-b15f5f5021\/img_1250_160.jpg?t=xoxe-173346185475-301971345667-302189523445-be5392310f98480a534c383e5d92ddc3",
            "thumb_720": "https:\/\/files.slack.com\/files-tmb\/T53A65FDZ-F8T39LBGD-b15f5f5021\/img_1250_720.jpg?t=xoxe-173346185475-301971345667-302189523445-be5392310f98480a534c383e5d92ddc3",
            "thumb_720_w": 405,
            "thumb_720_h": 720,
            "thumb_800": "https:\/\/files.slack.com\/files-tmb\/T53A65FDZ-F8T39LBGD-b15f5f5021\/img_1250_800.jpg?t=xoxe-173346185475-301971345667-302189523445-be5392310f98480a534c383e5d92ddc3",
            "thumb_800_w": 450,
            "thumb_800_h": 800,
            "thumb_960": "https:\/\/files.slack.com\/files-tmb\/T53A65FDZ-F8T39LBGD-b15f5f5021\/img_1250_960.jpg?t=xoxe-173346185475-301971345667-302189523445-be5392310f98480a534c383e5d92ddc3",
            "thumb_960_w": 540,
            "thumb_960_h": 960,
            "thumb_1024": "https:\/\/files.slack.com\/files-tmb\/T53A65FDZ-F8T39LBGD-b15f5f5021\/img_1250_1024.jpg?t=xoxe-173346185475-301971345667-302189523445-be5392310f98480a534c383e5d92ddc3",
            "thumb_1024_w": 576,
            "thumb_1024_h": 1024,
            "image_exif_rotation": 1,
            "original_w": 750,
            "original_h": 1334,
            "permalink": "https:\/\/growthhackingfrance.slack.com\/files\/U7Q1TP0NT\/F8T39LBGD\/img_1250.jpg",
            "permalink_public": "https:\/\/slack-files.com\/T53A65FDZ-F8T39LBGD-1babc68e6a",
            "channels": [],
            "groups": [],
            "ims": [],
            "comments_count": 5,
            "initial_comment": {
                "id": "Fc8SA3D2HW",
                "created": 1516025238,
                "timestamp": 1516025238,
                "user": "U7Q1TP0NT",
                "is_intro": true,
                "comment": "Hello tout le monde,\nExiste-il une procédure ou des optimisations possibles pour obtenir cela sur une google search mobile pour une app ?"
            }
        },
        "comment": {
            "id": "Fc8V5N8HMM",
            "created": 1516188645,
            "timestamp": 1516188645,
            "user": "U54KSDKCY",
            "is_intro": false,
            "comment": "Ah oui bien entendu OK :) Deeplinking + Dynamic Link aussi "
        },
        "is_intro": false,
        "ts": "1516188645.000209"
    },
    {
        "type": "message",
        "user": "U7ZTG27N1",
        "text": "Top! Je vais creuser ça pour 2018",
        "ts": "1516196050.000439"
    }
]