[
    {
        "type": "message",
        "user": "U54NAL317",
        "text": "<http:\/\/paris.seo-campus.org\/>",
        "attachments": [
            {
                "service_name": "SEO Campus, l'événement search",
                "title": "Le SEO Campus Paris fête ses 10 ans les 22 et 23 mars 2018",
                "title_link": "http:\/\/paris.seo-campus.org\/",
                "text": "Ne ratez pas l'événement de référence du SEO Search marketing : le SEO Campus Paris les 22 et 23 mars 2018.",
                "fallback": "SEO Campus, l'événement search: Le SEO Campus Paris fête ses 10 ans les 22 et 23 mars 2018",
                "from_url": "http:\/\/paris.seo-campus.org\/",
                "service_icon": "http:\/\/paris.seo-campus.org\/wp-content\/themes\/seocampus\/assets\/img\/icons\/apple-touch-icon-57x57.png",
                "id": 1
            }
        ],
        "ts": "1515436327.000088"
    }
]