[
    {
        "type": "message",
        "user": "U545Q0JR1",
        "text": "Hello les Bordelais :wave: \nJe fait un talk au Wagon sur le Growth Hacking BtoB le 25 Juillet à 19h ! Bière &amp; Hack :slightly_smiling_face:\n\n<https:\/\/www.meetup.com\/fr-FR\/Le-Wagon-Bordeaux-Coding-Station-Bootcamp\/events\/241783303\/>",
        "attachments": [
            {
                "service_name": "Meetup",
                "title": "Le Wagon Bordeaux - Coding Station Bootcamp",
                "title_link": "https:\/\/www.meetup.com\/fr-FR\/Le-Wagon-Bordeaux-Coding-Station-Bootcamp\/events\/241783303\/",
                "text": "ApéroTalk Wagon « Growth Hacking BtoB – Hack your Sales » Responsable de la croissance pour Spendesk, Jérémy Goillot, véritable autodidacte du web se passionne depuis quelques années pour le Growth Ha",
                "fallback": "Meetup: Le Wagon Bordeaux - Coding Station Bootcamp",
                "thumb_url": "https:\/\/secure.meetupstatic.com\/photos\/event\/4\/3\/e\/9\/highres_462557385.jpeg",
                "from_url": "https:\/\/www.meetup.com\/fr-FR\/Le-Wagon-Bordeaux-Coding-Station-Bootcamp\/events\/241783303\/",
                "thumb_width": 1200,
                "thumb_height": 1200,
                "service_icon": "https:\/\/secure.meetupstatic.com\/s\/img\/144395054627769971357\/logo\/swarm\/m_swarm_120x120.png",
                "id": 1
            }
        ],
        "ts": "1500367723.562754",
        "reactions": [
            {
                "name": "+1",
                "users": [
                    "U54PQ74HF",
                    "U5AHB5SQ3"
                ],
                "count": 2
            }
        ]
    },
    {
        "type": "message",
        "user": "U57DKJR5F",
        "text": "Super, j’y serais :slightly_smiling_face:",
        "thread_ts": "1500368596.922129",
        "reply_count": 1,
        "replies": [
            {
                "user": "U545Q0JR1",
                "ts": "1500478573.200755"
            }
        ],
        "unread_count": 1,
        "ts": "1500368596.922129"
    }
]