[
    {
        "user": "U546L44SJ",
        "text": "<@U546L44SJ> has joined the channel",
        "type": "message",
        "subtype": "channel_join",
        "ts": "1496302669.566353"
    },
    {
        "user": "U546L44SJ",
        "purpose": "self explanatory",
        "text": "<@U546L44SJ> set the channel purpose: self explanatory",
        "type": "message",
        "subtype": "channel_purpose",
        "ts": "1496302670.566476"
    },
    {
        "type": "message",
        "user": "U546L44SJ",
        "text": "<@U5LJUKG4D> <@U57DKJR5F> <@U5AHB5SQ3> <@U54PQ74HF>",
        "ts": "1496302711.575152"
    },
    {
        "user": "U5LJUKG4D",
        "inviter": "U546L44SJ",
        "text": "<@U5LJUKG4D> has joined the channel",
        "type": "message",
        "subtype": "channel_join",
        "ts": "1496302716.576257"
    },
    {
        "user": "U57DKJR5F",
        "inviter": "U546L44SJ",
        "text": "<@U57DKJR5F> has joined the channel",
        "type": "message",
        "subtype": "channel_join",
        "ts": "1496302716.576269"
    },
    {
        "user": "U5AHB5SQ3",
        "inviter": "U546L44SJ",
        "text": "<@U5AHB5SQ3> has joined the channel",
        "type": "message",
        "subtype": "channel_join",
        "ts": "1496302716.576286"
    },
    {
        "user": "U54PQ74HF",
        "inviter": "U546L44SJ",
        "text": "<@U54PQ74HF> has joined the channel",
        "type": "message",
        "subtype": "channel_join",
        "ts": "1496302716.576300"
    },
    {
        "type": "message",
        "user": "U546L44SJ",
        "text": "<@U5KURF3QR>",
        "ts": "1496302744.582325"
    },
    {
        "user": "U5KURF3QR",
        "inviter": "U546L44SJ",
        "text": "<@U5KURF3QR> has joined the channel",
        "type": "message",
        "subtype": "channel_join",
        "ts": "1496302747.582778"
    },
    {
        "type": "message",
        "user": "U546L44SJ",
        "text": "<@U5L8ANHUK>",
        "ts": "1496302757.585118"
    },
    {
        "type": "message",
        "user": "U5LJUKG4D",
        "text": "Top !",
        "ts": "1496302770.588015"
    },
    {
        "type": "message",
        "user": "U546L44SJ",
        "text": "bienvenue à vous !",
        "ts": "1496302795.593227"
    },
    {
        "type": "message",
        "user": "U546L44SJ",
        "text": "<@U53T94L7N>",
        "ts": "1496302798.593894"
    },
    {
        "user": "U53T94L7N",
        "inviter": "U546L44SJ",
        "text": "<@U53T94L7N> has joined the channel",
        "type": "message",
        "subtype": "channel_join",
        "ts": "1496302800.594407"
    },
    {
        "type": "message",
        "user": "U57DKJR5F",
        "text": "Great, merci !",
        "ts": "1496302898.615729"
    },
    {
        "type": "message",
        "user": "U5AHB5SQ3",
        "text": "Salut tous le monde!\nC'est cool d'avoir créé ce channel, thanks :slightly_smiling_face:",
        "edited": {
            "user": "U5AHB5SQ3",
            "ts": "1496302934.000000"
        },
        "ts": "1496302918.619964"
    },
    {
        "type": "message",
        "user": "U546L44SJ",
        "text": "avec plaisir",
        "ts": "1496303012.639957"
    },
    {
        "type": "message",
        "user": "U546L44SJ",
        "text": "et à votre dispo",
        "ts": "1496303014.640404"
    },
    {
        "type": "message",
        "user": "U5LJUKG4D",
        "text": "merci, alors un café s'il te plaît :wink:",
        "ts": "1496303176.676490",
        "reactions": [
            {
                "name": "beer",
                "users": [
                    "U53T94L7N"
                ],
                "count": 1
            },
            {
                "name": "ok_hand",
                "users": [
                    "U546L44SJ"
                ],
                "count": 1
            }
        ]
    },
    {
        "type": "message",
        "user": "U54PQ74HF",
        "text": ":wine_glass:",
        "ts": "1496305676.293053"
    }
]