[
    {
        "type": "message",
        "user": "U7TQ5FHT4",
        "text": "tu as également <http:\/\/theophraste.io\/>",
        "thread_ts": "1508599929.000012",
        "parent_user_id": "U53CMNPR7",
        "ts": "1510762299.000331"
    },
    {
        "type": "message",
        "user": "U7TQ5FHT4",
        "text": "ça fait parti du groupe Sud Ouest pour accompagner les Start Ups",
        "thread_ts": "1508599929.000012",
        "parent_user_id": "U53CMNPR7",
        "ts": "1510762316.000401"
    },
    {
        "type": "message",
        "user": "U7TQ5FHT4",
        "text": "Perso, on est accompagnés par Unitec, la Pépipinière éco créative, Aquitaine Amorçage, la Région, et la BPI. donc si je peux aider hésite pas.",
        "thread_ts": "1508599929.000012",
        "parent_user_id": "U53CMNPR7",
        "ts": "1510762362.000866"
    }
]