[
    {
        "type": "message",
        "user": "U53T94L7N",
        "text": "Paris \/ Régions \/ France \/ Etranger : Qui mettra le plus de marques ? <https:\/\/drive.google.com\/open?id=1uIME-use8Ue6YJPZPqwyWNG6GFw&amp;usp=sharing>",
        "thread_ts": "1497523089.393973",
        "reply_count": 2,
        "replies": [
            {
                "user": "U54PQ74HF",
                "ts": "1497523748.527376"
            },
            {
                "user": "U53T94L7N",
                "ts": "1497523957.568570"
            }
        ],
        "unread_count": 2,
        "ts": "1497523089.393973"
    },
    {
        "type": "message",
        "user": "U54PQ74HF",
        "text": "david-admin: pertinent de renommer les calques par Villes ? Cool comme idée en tout cas :+1:",
        "edited": {
            "user": "U54PQ74HF",
            "ts": "1497523763.000000"
        },
        "thread_ts": "1497523089.393973",
        "parent_user_id": "U53T94L7N",
        "ts": "1497523748.527376"
    },
    {
        "type": "message",
        "user": "U53T94L7N",
        "text": "L'idée vient de <@U54NAL317> je l'ai juste devancée sur la création. C'est à dire ? J'ai pas trop exploré l'outil",
        "thread_ts": "1497523089.393973",
        "parent_user_id": "U53T94L7N",
        "ts": "1497523957.568570"
    }
]