[
    {
        "user": "U6JGKSFPV",
        "inviter": "U53T94L7N",
        "text": "<@U6JGKSFPV> has joined the channel",
        "type": "message",
        "subtype": "channel_join",
        "ts": "1501928638.242786"
    },
    {
        "type": "message",
        "user": "U6JGKSFPV",
        "text": "",
        "bot_id": "B6JGKSFNX",
        "attachments": [
            {
                "callback_id": "optin_channel_join",
                "title": "Hey humans :wave: nice to be added here too.\nI organize all the links you share on <https:\/\/web.paperbot.ai\/>.\nI also send a digest by email, do you want a copy?",
                "id": 1,
                "color": "00CEB2",
                "actions": [
                    {
                        "id": "1",
                        "name": "button-daily",
                        "text": "Yes, daily",
                        "type": "button",
                        "value": "daily",
                        "style": ""
                    },
                    {
                        "id": "2",
                        "name": "button-weekly",
                        "text": "Yes, weekly",
                        "type": "button",
                        "value": "weekly",
                        "style": ""
                    }
                ],
                "fallback": "Hey humans :wave: nice to be added here too.\nI organize all the links you share on <https:\/\/web.paperbot.ai\/>.\nI also send a digest by email, do you want a copy?"
            }
        ],
        "ts": "1501928641.242933"
    }
]