[
    {
        "type": "message",
        "user": "U53CMNPR7",
        "text": "Hello ! Je recherche des infos, avis et contacts concernant l’écosystème start-up sur Bordeaux. Pour l’instant, on bosse depuis Paris mais l’objectif est de retourner dans le Sud-Ouest &amp; je ne connais pas trop le milieu entrepreneurial local. On bosse sur un chatbot vétérinaire (conseil aux propriétaires d’animaux et à terme l’idée c’est de créer un outil d’aide au diagnostic). Je suis déjà en contact avec TIC&amp;Santé, Invest In Bordeaux &amp; Bdx Unitec. Merci :slightly_smiling_face:",
        "thread_ts": "1508599929.000012",
        "reply_count": 4,
        "replies": [
            {
                "user": "U7N572PK6",
                "ts": "1508918017.000249"
            },
            {
                "user": "U7TQ5FHT4",
                "ts": "1510762299.000331"
            },
            {
                "user": "U7TQ5FHT4",
                "ts": "1510762316.000401"
            },
            {
                "user": "U7TQ5FHT4",
                "ts": "1510762362.000866"
            }
        ],
        "unread_count": 4,
        "ts": "1508599929.000012"
    }
]