[
    {
        "user": "U7N572PK6",
        "text": "<@U7N572PK6> has joined the channel",
        "type": "message",
        "subtype": "channel_join",
        "ts": "1508917955.000039"
    },
    {
        "type": "message",
        "user": "U7N572PK6",
        "text": "Je suis à Darwin qui regroupe quelques startups, dont une sur des produits destinés aux animaux (entretien, etc).\nIl existe d’autres lieux de coworking, si jamais je peux avoir quelques infos",
        "thread_ts": "1508599929.000012",
        "parent_user_id": "U53CMNPR7",
        "ts": "1508918017.000249"
    },
    {
        "user": "U55K1FA69",
        "text": "<@U55K1FA69> has left the channel",
        "type": "message",
        "subtype": "channel_leave",
        "ts": "1508970296.000018"
    }
]