[
    {
        "user": "U57DKJR5F",
        "text": "<@U57DKJR5F> has joined the channel",
        "type": "message",
        "subtype": "channel_join",
        "ts": "1513757005.000253"
    },
    {
        "type": "message",
        "user": "U546L44SJ",
        "text": "<@U704DHU58> elle a bien eu lieu :slightly_smiling_face: et j’ai eu la chance de revendre 100%de mes bitcoins hier à 19H pour du BCH :heart:",
        "thread_ts": "1513080992.000144",
        "parent_user_id": "U6ET16EKV",
        "ts": "1513757777.000106"
    },
    {
        "type": "message",
        "user": "U704DHU58",
        "text": "<@U546L44SJ> il y a un leak hier d'où le mega pump, c'est même monté à 8500$ dans la nuit",
        "thread_ts": "1513080992.000144",
        "parent_user_id": "U6ET16EKV",
        "ts": "1513758479.000170"
    },
    {
        "type": "message",
        "user": "U704DHU58",
        "text": "j'en ai aussi converti dans la journée (btc -&gt; bch)",
        "thread_ts": "1513080992.000144",
        "parent_user_id": "U6ET16EKV",
        "ts": "1513758502.000247"
    },
    {
        "type": "message",
        "user": "U704DHU58",
        "text": "(leak sur twitter sur coinbase où le bch était proposé en achat API)",
        "thread_ts": "1513080992.000144",
        "parent_user_id": "U6ET16EKV",
        "ts": "1513758528.000126"
    },
    {
        "user": "U56KDGG9W",
        "text": "<@U56KDGG9W> has joined the channel",
        "type": "message",
        "subtype": "channel_join",
        "ts": "1513758730.000182"
    },
    {
        "type": "message",
        "user": "U546L44SJ",
        "text": "en rentrnat chez moi j’ai regardé la gueule du BTC je me suis dit “mouai” on va plutot prendre du BCH moralité de l’histoire j’ai pas perdu 1 centime mais j’ai gagné pas mal de BTC. (puisque désormais je parie sur une remontada ^^)",
        "thread_ts": "1513080992.000144",
        "parent_user_id": "U6ET16EKV",
        "ts": "1513758829.000069"
    },
    {
        "type": "message",
        "user": "U546L44SJ",
        "text": "<https:\/\/www.lesechos.fr\/finance-marches\/marches-financiers\/0301049044863-le-cours-du-bitcoin-chute-apres-la-faillite-dune-plateforme-en-coree-du-sud-2139958.php#xtor=CS1-25>",
        "attachments": [
            {
                "service_name": "lesechos.fr",
                "title": "Le cours du bitcoin chute après la faillite d'une plateforme en Corée du Sud",
                "title_link": "https:\/\/www.lesechos.fr\/finance-marches\/marches-financiers\/0301049044863-le-cours-du-bitcoin-chute-apres-la-faillite-dune-plateforme-en-coree-du-sud-2139958.php#xtor=CS1-25",
                "text": "Alors que  le bitcoin n'en finissait plus de monter, il a subi un brusque coup d'arrêt. Ce mercredi matin, le cours de la cryptomonnaie a...",
                "fallback": "lesechos.fr: Le cours du bitcoin chute après la faillite d'une plateforme en Corée du Sud",
                "image_url": "https:\/\/www.lesechos.fr\/medias\/2017\/12\/20\/2139958_le-cours-du-bitcoin-chute-apres-la-faillite-dune-plateforme-en-coree-du-sud-web-0301049045867.jpg",
                "image_width": 477,
                "image_height": 250,
                "ts": 1513748520,
                "from_url": "https:\/\/www.lesechos.fr\/finance-marches\/marches-financiers\/0301049044863-le-cours-du-bitcoin-chute-apres-la-faillite-dune-plateforme-en-coree-du-sud-2139958.php#xtor=CS1-25",
                "image_bytes": 27440,
                "service_icon": "https:\/\/assets.lesechos.com\/lesechos\/pics-news\/images\/favicons\/ico_echos.ico?186",
                "id": 1
            }
        ],
        "thread_ts": "1513080992.000144",
        "parent_user_id": "U6ET16EKV",
        "ts": "1513758966.000134"
    },
    {
        "user": "U79R5UC4E",
        "text": "<@U79R5UC4E> has joined the channel",
        "type": "message",
        "subtype": "channel_join",
        "ts": "1513762817.000352"
    },
    {
        "type": "message",
        "user": "U704DHU58",
        "text": "XVG (Verge) est en train de flamber",
        "ts": "1513778720.000228"
    },
    {
        "type": "message",
        "user": "U704DHU58",
        "text": "<https:\/\/twitter.com\/markchadwick67\/status\/943450961888120832>",
        "attachments": [
            {
                "fallback": "<https:\/\/twitter.com\/markchadwick67|@markchadwick67>: Get on the $XVG Verge Rocket :rocket: Forbes are onboard and we're all strapped in! :woman:‍:rocket: <https:\/\/www.forbes.com\/sites\/jessedamiani\/2017\/12\/19\/crypto-watch-verge-xvg-price-climbs-800-in-a-week-what-is-xvg-and-why-is-it-growing-so-fast\/#19e8b202444e>",
                "ts": 1513771212,
                "author_name": "Mark Chadwick",
                "author_link": "https:\/\/twitter.com\/markchadwick67\/status\/943450961888120832",
                "author_icon": "https:\/\/pbs.twimg.com\/profile_images\/938488577117302785\/1bngPpZl_normal.jpg",
                "author_subname": "@markchadwick67",
                "text": "Get on the $XVG Verge Rocket :rocket: Forbes are onboard and we're all strapped in! :woman:‍:rocket: <https:\/\/www.forbes.com\/sites\/jessedamiani\/2017\/12\/19\/crypto-watch-verge-xvg-price-climbs-800-in-a-week-what-is-xvg-and-why-is-it-growing-so-fast\/#19e8b202444e>",
                "service_name": "twitter",
                "service_url": "https:\/\/twitter.com\/",
                "from_url": "https:\/\/twitter.com\/markchadwick67\/status\/943450961888120832",
                "id": 1,
                "footer": "Twitter",
                "footer_icon": "https:\/\/a.slack-edge.com\/6e067\/img\/services\/twitter_pixel_snapped_32.png"
            }
        ],
        "ts": "1513778723.000062"
    },
    {
        "type": "message",
        "user": "U55AEG97A",
        "text": "&amp; Bitcoin Cash qui fait x3 en 10 jours <https:\/\/coinmarketcap.com\/currencies\/bitcoin-cash\/#charts> :grin:",
        "attachments": [
            {
                "title": "Bitcoin Cash (BCH) price, charts, market cap, and other metrics | CoinMarketCap",
                "title_link": "https:\/\/coinmarketcap.com\/currencies\/bitcoin-cash\/#charts",
                "text": "Get Bitcoin Cash price, charts, and other cryptocurrency info",
                "fallback": "Bitcoin Cash (BCH) price, charts, market cap, and other metrics | CoinMarketCap",
                "from_url": "https:\/\/coinmarketcap.com\/currencies\/bitcoin-cash\/#charts",
                "thumb_url": "http:\/\/files.coinmarketcap.com.s3-website-us-east-1.amazonaws.com\/static\/img\/coins\/200x200\/bitcoin-cash.png",
                "thumb_width": 200,
                "thumb_height": 200,
                "service_icon": "https:\/\/coinmarketcap.com\/static\/img\/CoinMarketCap.png",
                "service_name": "coinmarketcap.com",
                "id": 1
            }
        ],
        "ts": "1513779081.000276"
    },
    {
        "type": "message",
        "user": "U546L44SJ",
        "text": "J’ai vendu mes BTC à 19h pour tout acheter en BCH et revendu tous les BCH à 1h30 du matin pour racheter du BTC",
        "ts": "1513779116.000068"
    },
    {
        "type": "message",
        "user": "U546L44SJ",
        "text": "J’ai fait MONEY MONEY",
        "ts": "1513779124.000243",
        "reactions": [
            {
                "name": "parrot",
                "users": [
                    "U55AEG97A"
                ],
                "count": 1
            }
        ]
    },
    {
        "type": "message",
        "user": "U55AEG97A",
        "text": "Plus besoin de travailler",
        "ts": "1513779399.000308"
    },
    {
        "user": "U792LV72S",
        "text": "<@U792LV72S> has joined the channel",
        "type": "message",
        "subtype": "channel_join",
        "ts": "1513785764.000524"
    },
    {
        "type": "message",
        "user": "U704DHU58",
        "text": "btc continue de baisser et bch monter :slightly_smiling_face:",
        "ts": "1513786003.000629"
    },
    {
        "type": "message",
        "user": "U5AV671TK",
        "text": "gdax en PLS ...",
        "ts": "1513786025.000304"
    },
    {
        "type": "message",
        "user": "U5AV671TK",
        "text": "putain je vais tout passer sur Bittrex ou Poloniex",
        "ts": "1513786039.000616"
    },
    {
        "type": "message",
        "user": "U792LV72S",
        "text": "Perso j'utilise Gdax et Bittrex",
        "ts": "1513786076.000028"
    },
    {
        "type": "message",
        "user": "U792LV72S",
        "text": "Et je fais Coinbase -&gt; Gdax -&gt; Bittrex pour withdraw en altcoins",
        "ts": "1513786095.000229"
    },
    {
        "type": "message",
        "user": "U792LV72S",
        "text": "Globalement je prends du Stellar (XLM), la seule vraie monnaie qui a de l'avenir sur du très long terme (imo)",
        "edited": {
            "user": "U792LV72S",
            "ts": "1513786223.000000"
        },
        "ts": "1513786200.000251"
    },
    {
        "type": "message",
        "user": "U704DHU58",
        "text": "j'ai pris du XLM aussi, j'ai pris du xlm le 11 revendu le 15 ça a encore monté apres :disappointed:",
        "attachments": [
            {
                "fallback": "[December 20th, 2017 5:07 PM] anthony.damota: Perso j'utilise Gdax et Bittrex",
                "ts": "1513786076.000028",
                "author_id": "U792LV72S",
                "author_subname": "Anthony Da Mota",
                "channel_id": "C8AJMDGD6",
                "channel_name": "crypto",
                "is_msg_unfurl": true,
                "text": "Perso j'utilise Gdax et Bittrex",
                "author_name": "Anthony Da Mota",
                "author_link": "https:\/\/growthhackingfrance.slack.com\/team\/U792LV72S",
                "author_icon": "https:\/\/avatars.slack-edge.com\/2017-10-02\/249178194656_4e83d3c5e2fbe1fc132c_48.jpg",
                "mrkdwn_in": [
                    "text"
                ],
                "color": "D0D0D0",
                "from_url": "https:\/\/growthhackingfrance.slack.com\/archives\/C8AJMDGD6\/p1513786076000028",
                "is_share": true,
                "footer": "Posted in #crypto"
            }
        ],
        "ts": "1513789307.000454"
    },
    {
        "type": "message",
        "user": "U704DHU58",
        "text": "rahhhh <https:\/\/docs.gdax.com\/>",
        "attachments": [
            {
                "title": "GDAX API Reference",
                "title_link": "https:\/\/docs.gdax.com\/",
                "text": "GDAX trader and developer documentation.",
                "fallback": "GDAX API Reference",
                "from_url": "https:\/\/docs.gdax.com\/",
                "service_icon": "https:\/\/docs.gdax.com\/favicon.ico",
                "service_name": "docs.gdax.com",
                "id": 1
            }
        ],
        "ts": "1513789364.000047"
    },
    {
        "type": "message",
        "user": "U5AV671TK",
        "text": "Gdax plante trop, ragequit",
        "ts": "1513790958.000065"
    },
    {
        "type": "message",
        "user": "U792LV72S",
        "text": "<@U704DHU58> si tu suis un peu l'actu sur le Stellar, ça va monter pas mal en 2018, normalement dans les $1",
        "ts": "1513792870.000060"
    }
]