[
    {
        "user": "U558R6GCA",
        "text": "<@U558R6GCA> has joined the channel",
        "type": "message",
        "subtype": "channel_join",
        "ts": "1513698242.000181"
    },
    {
        "type": "message",
        "user": "U558R6GCA",
        "text": "Hello je viens de créer des groupes Facebook assez tasty pour les news, tips et opportunités :rotating_light:Voici la liste des groupes par topic\/crypto :point_down:\n\n:white_check_mark:LITECOIN\n<https:\/\/www.facebook.com\/groups\/177666152821736\/>\n\n:white_check_mark:TRON \n<https:\/\/www.facebook.com\/groups\/1533614050091155\/>\n\n:white_check_mark:XVG\n<https:\/\/www.facebook.com\/groups\/1773801076257131\/>\n\n:white_check_mark:CARDANO\n<https:\/\/www.facebook.com\/groups\/2481982732027721\/>\n\n:white_check_mark:IOTA \n<https:\/\/www.facebook.com\/groups\/140261586678318\/>\n\n:white_check_mark:DASH \n<https:\/\/www.facebook.com\/groups\/562796060730859\/>\n\n:white_check_mark:MONERO\n<https:\/\/www.facebook.com\/groups\/766761016852339\/>\n\n:white_check_mark:NEO\n<https:\/\/www.facebook.com\/groups\/175367269872098\/>\n\n:white_check_mark:EOS\n<https:\/\/www.facebook.com\/groups\/1572538579528846\/>\n\n:white_check_mark:QTUM\n<https:\/\/www.facebook.com\/groups\/1801329800159893\/>\n\n:white_check_mark:XRP\n<https:\/\/www.facebook.com\/groups\/752202441652645\/>",
        "edited": {
            "user": "U558R6GCA",
            "ts": "1513698295.000000"
        },
        "ts": "1513698279.000144"
    },
    {
        "user": "U7CKKP8D9",
        "text": "<@U7CKKP8D9> has joined the channel",
        "type": "message",
        "subtype": "channel_join",
        "ts": "1513698642.000228"
    },
    {
        "user": "U60DUGA9X",
        "text": "<@U60DUGA9X> has joined the channel",
        "type": "message",
        "subtype": "channel_join",
        "ts": "1513698762.000325"
    },
    {
        "user": "U5AV671TK",
        "text": "<@U5AV671TK> has joined the channel",
        "type": "message",
        "subtype": "channel_join",
        "ts": "1513699510.000856"
    },
    {
        "user": "U544GB0JF",
        "text": "<@U544GB0JF> has joined the channel",
        "type": "message",
        "subtype": "channel_join",
        "ts": "1513701879.000373"
    },
    {
        "user": "U54PR7DFW",
        "text": "<@U54PR7DFW> has joined the channel",
        "type": "message",
        "subtype": "channel_join",
        "ts": "1513706375.000286"
    },
    {
        "user": "U612RQTSR",
        "text": "<@U612RQTSR> has joined the channel",
        "type": "message",
        "subtype": "channel_join",
        "ts": "1513707925.000342"
    },
    {
        "user": "U59C3HJEA",
        "text": "<@U59C3HJEA> has joined the channel",
        "type": "message",
        "subtype": "channel_join",
        "ts": "1513722661.000272"
    },
    {
        "user": "U546L44SJ",
        "text": "<@U546L44SJ> has joined the channel",
        "type": "message",
        "subtype": "channel_join",
        "ts": "1513723197.000122"
    },
    {
        "user": "U76223C6Q",
        "text": "<@U76223C6Q> has joined the channel",
        "type": "message",
        "subtype": "channel_join",
        "ts": "1513752588.000171"
    }
]