[
    {
        "type": "message",
        "user": "U704DHU58",
        "text": "XVG quasiment *3 depuis le plus bas hier : <https:\/\/www.coingecko.com\/fr\/graphiques_cours\/verge\/eur#panel>",
        "ts": "1514023579.000024"
    },
    {
        "type": "message",
        "user": "U704DHU58",
        "text": "0.06 =&gt; 0.17",
        "ts": "1514023586.000051"
    },
    {
        "type": "message",
        "user": "U704DHU58",
        "text": "to ze moooooon",
        "ts": "1514023599.000031"
    },
    {
        "user": "U7K9WG3ST",
        "text": "<@U7K9WG3ST> has joined the channel",
        "type": "message",
        "subtype": "channel_join",
        "ts": "1514039483.000040"
    }
]