[
    {
        "type": "message",
        "user": "U546L44SJ",
        "text": "HIER j’ai acheté le RIPPLE",
        "ts": "1513857437.000174"
    },
    {
        "type": "message",
        "user": "U546L44SJ",
        "text": "ehehehe putin je fais tous les good moves je suis bon la",
        "ts": "1513857449.000250"
    },
    {
        "user": "U81JLG72R",
        "text": "<@U81JLG72R> has joined the channel",
        "type": "message",
        "subtype": "channel_join",
        "ts": "1513862841.000092"
    },
    {
        "type": "message",
        "user": "U792LV72S",
        "text": "Alors achète des Stellar si tu veux continuer des good moves :slightly_smiling_face:",
        "ts": "1513867002.000332"
    },
    {
        "type": "message",
        "user": "U7TQ5FHT4",
        "text": "Hello, Quels sont vos sites d'infos pour suivre les tendances ?",
        "ts": "1513870435.000058"
    },
    {
        "type": "message",
        "user": "U792LV72S",
        "text": "CoinmarketCap; Reddit",
        "ts": "1513870767.000652",
        "reactions": [
            {
                "name": "+1",
                "users": [
                    "U57DKJR5F"
                ],
                "count": 1
            }
        ]
    },
    {
        "type": "message",
        "user": "U80MTJ93N",
        "text": "<https:\/\/www.tradingview.com\/>\nFaut y passé un peu de temps au début. Mais ca m’a permis de comprendre pas mal de concept",
        "edited": {
            "user": "U80MTJ93N",
            "ts": "1513870831.000000"
        },
        "ts": "1513870769.000214",
        "reactions": [
            {
                "name": "heart",
                "users": [
                    "U55AEG97A",
                    "U62V7G8J1",
                    "U6ET16EKV"
                ],
                "count": 3
            }
        ]
    },
    {
        "type": "message",
        "user": "U7TQ5FHT4",
        "text": "Ok nickel merci les gars :slightly_smiling_face:",
        "ts": "1513870902.000202"
    },
    {
        "type": "message",
        "user": "U546L44SJ",
        "text": "<@U792LV72S> j’ai acheté un peu de stellar. Si ton tips est mauvais .... tu seras responsable :smile:. Si il est bon en revanche... ce sera grâce à moi :wink:",
        "ts": "1513876944.000661"
    },
    {
        "type": "message",
        "user": "U792LV72S",
        "text": "Nice! N'oublie pas de mettre l'adresse d'inflation pour gagner l'inflation chaque semaine :slightly_smiling_face:",
        "ts": "1513877110.000445"
    },
    {
        "type": "message",
        "user": "U546L44SJ",
        "text": ":slightly_smiling_face:",
        "ts": "1513877148.000190"
    },
    {
        "type": "message",
        "user": "U792LV72S",
        "text": "T'es sur quelle adresse pour l'inflation du coup ?",
        "edited": {
            "user": "U792LV72S",
            "ts": "1513877288.000000"
        },
        "ts": "1513877284.000536"
    },
    {
        "type": "message",
        "user": "U612RQTSR",
        "text": "hey, juste comme ça, vous êtes à combien de profits depuis que vous avez commencé à jouer avec la cryptomonnaie ?",
        "thread_ts": "1513877426.000222",
        "reply_count": 5,
        "replies": [
            {
                "user": "U7CKKP8D9",
                "ts": "1513877530.000027"
            },
            {
                "user": "U792LV72S",
                "ts": "1513877792.000296"
            },
            {
                "user": "U5AV671TK",
                "ts": "1513877823.000080"
            },
            {
                "user": "U612RQTSR",
                "ts": "1513877929.000181"
            },
            {
                "user": "U792LV72S",
                "ts": "1513878273.000055"
            }
        ],
        "unread_count": 5,
        "ts": "1513877426.000222",
        "reactions": [
            {
                "name": "+1",
                "users": [
                    "U6ET16EKV"
                ],
                "count": 1
            }
        ]
    },
    {
        "type": "message",
        "user": "U7CKKP8D9",
        "text": "90€ -&gt; 150€ donc +60€ en une semaine\nLTC, BTC &amp; ETH en commençant sur CoinBase puis passage sur Kraken avec le XRP",
        "edited": {
            "user": "U7CKKP8D9",
            "ts": "1513877712.000000"
        },
        "thread_ts": "1513877426.000222",
        "parent_user_id": "U612RQTSR",
        "ts": "1513877530.000027"
    },
    {
        "type": "message",
        "user": "U792LV72S",
        "text": "~1k, pour 0 d'investissement",
        "edited": {
            "user": "U792LV72S",
            "ts": "1513877809.000000"
        },
        "thread_ts": "1513877426.000222",
        "parent_user_id": "U612RQTSR",
        "ts": "1513877792.000296"
    },
    {
        "type": "message",
        "user": "U5AV671TK",
        "text": "350€ -&gt; 750€ en une semaine en faisant juste joujou avec BTC, ETH et LTC au bon moment",
        "thread_ts": "1513877426.000222",
        "parent_user_id": "U612RQTSR",
        "ts": "1513877823.000080"
    },
    {
        "type": "message",
        "user": "U612RQTSR",
        "text": "<@U792LV72S> faut qu'on m'explique le 0 investissement :stuck_out_tongue:",
        "thread_ts": "1513877426.000222",
        "parent_user_id": "U612RQTSR",
        "ts": "1513877929.000181"
    },
    {
        "type": "message",
        "user": "U792LV72S",
        "text": "J’étais sur <http:\/\/earn.com|earn.com> (anciennement <http:\/\/21.co|21.co>), j’avais payout $150 de BTC vers septembre lorsqu’il était à ~3-4k, depuis j’ai joué avec ",
        "thread_ts": "1513877426.000222",
        "parent_user_id": "U612RQTSR",
        "ts": "1513878273.000055"
    },
    {
        "user": "U54N19JH1",
        "text": "<@U54N19JH1> has joined the channel",
        "type": "message",
        "subtype": "channel_join",
        "ts": "1513879791.000268"
    },
    {
        "type": "message",
        "user": "U792LV72S",
        "text": "Bon sinon vous connaissez un pays qui ne considère pas la crypto monnaie comme un gain pour éviter de se faire taxer ? :D",
        "thread_ts": "1513882338.000096",
        "reply_count": 1,
        "replies": [
            {
                "user": "U56KDGG9W",
                "ts": "1514113550.000028"
            }
        ],
        "unread_count": 1,
        "ts": "1513882338.000096"
    },
    {
        "type": "message",
        "user": "U6ET16EKV",
        "text": "Hello, je vais me lancer dans la crypto. Étant débutant je suis Mickalamasse sur Snap vous connaissez ? <https:\/\/www.snapchat.com\/add\/mickalamasse>  \nIl a de très bon gain en général. Des avis ? Le pseudo laisse pensif... Ahah",
        "attachments": [
            {
                "service_name": "Add me on Snapchat",
                "title": "Add me on Snapchat!",
                "title_link": "https:\/\/www.snapchat.com\/add\/mickalamasse",
                "text": "Snapchat lets you easily talk with friends, view Live Stories from around the world, and explore news in Discover. Life's more fun when you live in the moment!",
                "fallback": "Add me on Snapchat: Add me on Snapchat!",
                "image_url": "https:\/\/snap-deepseafish.appspot.com\/deeplink\/add\/card\/mickalamasse",
                "from_url": "https:\/\/www.snapchat.com\/add\/mickalamasse",
                "image_width": 469,
                "image_height": 250,
                "image_bytes": 36853,
                "service_icon": "https:\/\/www.snapchat.com\/favicon.ico",
                "id": 1
            }
        ],
        "edited": {
            "user": "U6ET16EKV",
            "ts": "1513886419.000000"
        },
        "thread_ts": "1513886331.000241",
        "reply_count": 5,
        "replies": [
            {
                "user": "U792LV72S",
                "ts": "1513886835.000319"
            },
            {
                "user": "U6ET16EKV",
                "ts": "1513887310.000184"
            },
            {
                "user": "U5AV671TK",
                "ts": "1513888058.000303"
            },
            {
                "user": "U5AV671TK",
                "ts": "1513888162.000309"
            },
            {
                "user": "U792LV72S",
                "ts": "1513888417.000279"
            }
        ],
        "unread_count": 5,
        "ts": "1513886331.000241"
    },
    {
        "type": "message",
        "user": "U792LV72S",
        "text": "Qui c’est ce mec ?",
        "thread_ts": "1513886331.000241",
        "parent_user_id": "U6ET16EKV",
        "ts": "1513886835.000319"
    },
    {
        "type": "message",
        "user": "U6ET16EKV",
        "text": "Il fait le buzz...  Je sais pas si il est pas influenceur pour eToro... Je cherche... mais d'après les screens il a de bon gains ! Il est très présent sur les réseaux sociaux : <https:\/\/m.facebook.com\/Trad4youOfficiel\/>  . Personne le connait ?",
        "attachments": [
            {
                "title": "Trad4you",
                "title_link": "https:\/\/m.facebook.com\/Trad4youOfficiel\/",
                "text": "Trad4you. 59,016 likes · 438 talking about this. Finance Company",
                "fallback": "Trad4you",
                "image_url": "https:\/\/scontent-iad3-1.xx.fbcdn.net\/v\/t1.0-1\/fr\/cp0\/e15\/q65\/18301232_212800999221286_266843369963705319_n.png.jpg?oh=77d82bdf1dfb05682eb1c84b967d04c5&oe=5AB8DBD2",
                "from_url": "https:\/\/m.facebook.com\/Trad4youOfficiel\/",
                "image_width": 250,
                "image_height": 250,
                "image_bytes": 8595,
                "service_icon": "https:\/\/m.facebook.com\/favicon.ico",
                "service_name": "m.facebook.com",
                "id": 1
            }
        ],
        "edited": {
            "user": "U6ET16EKV",
            "ts": "1513887395.000000"
        },
        "thread_ts": "1513886331.000241",
        "parent_user_id": "U6ET16EKV",
        "ts": "1513887310.000184"
    },
    {
        "type": "message",
        "user": "U5AV671TK",
        "text": "Nope, j'ai tendance à me ficher des avis des autres en terme de crypto, c'est encore plus trendy et bullshit que le Growth Hacking, tout le monde y va de son avis... ",
        "thread_ts": "1513886331.000241",
        "parent_user_id": "U6ET16EKV",
        "ts": "1513888058.000303"
    },
    {
        "type": "message",
        "user": "U5AV671TK",
        "text": "Après le mec est sûrement bon, mais fait gaffe aux lanceurs d'alerte qui cherchent juste à pump and dump leurs propres investissements ",
        "thread_ts": "1513886331.000241",
        "parent_user_id": "U6ET16EKV",
        "ts": "1513888162.000309"
    },
    {
        "type": "message",
        "user": "U792LV72S",
        "text": "Mieux vaut se faire son propre avis en y passant du temps, sans pour autant prendre trop en compte les avis des autres",
        "thread_ts": "1513886331.000241",
        "parent_user_id": "U6ET16EKV",
        "ts": "1513888417.000279",
        "reactions": [
            {
                "name": "+1",
                "users": [
                    "U5AV671TK",
                    "U6ET16EKV"
                ],
                "count": 2
            }
        ]
    }
]