[
    {
        "type": "message",
        "user": "U56A4ULMV",
        "text": "Non, mon KYC est fait",
        "ts": "1512723760.000189"
    },
    {
        "type": "message",
        "user": "U56A4ULMV",
        "text": "c’est juste la Revolut",
        "ts": "1512723764.000206"
    },
    {
        "type": "message",
        "user": "U56A4ULMV",
        "text": "j’ai d’autres cartes dessus",
        "ts": "1512723769.000157"
    },
    {
        "user": "U580PR7C2",
        "text": "<@U580PR7C2> has joined the channel",
        "type": "message",
        "subtype": "channel_join",
        "ts": "1512724172.000355"
    },
    {
        "user": "U6ET16EKV",
        "text": "<@U6ET16EKV> has joined the channel",
        "type": "message",
        "subtype": "channel_join",
        "ts": "1512724636.000261"
    },
    {
        "user": "U55EAMFQ9",
        "text": "<@U55EAMFQ9> has joined the channel",
        "type": "message",
        "subtype": "channel_join",
        "ts": "1512737121.000004"
    },
    {
        "user": "U560CMYGL",
        "text": "<@U560CMYGL> has joined the channel",
        "type": "message",
        "subtype": "channel_join",
        "ts": "1512743050.000426"
    },
    {
        "type": "message",
        "user": "U80MTJ93N",
        "text": "Oui",
        "thread_ts": "1512664234.000619",
        "parent_user_id": "U80MTJ93N",
        "ts": "1512752305.000480"
    },
    {
        "type": "message",
        "subtype": "file_share",
        "text": "<@U55AEG97A> uploaded a file: <https:\/\/growthhackingfrance.slack.com\/files\/U55AEG97A\/F8C4K7490\/pasted_image_at_2017_12_09_01_34_am.png|Best tuto pour les débutants>",
        "file": {
            "id": "F8C4K7490",
            "created": 1512779666,
            "timestamp": 1512779666,
            "name": "Pasted image at 2017_12_09 01_34 AM.png",
            "title": "Best tuto pour les débutants",
            "mimetype": "image\/png",
            "filetype": "png",
            "pretty_type": "PNG",
            "user": "U55AEG97A",
            "editable": false,
            "size": 5172132,
            "mode": "hosted",
            "is_external": false,
            "external_type": "",
            "is_public": true,
            "public_url_shared": false,
            "display_as_bot": false,
            "username": "",
            "url_private": "https:\/\/files.slack.com\/files-pri\/T53A65FDZ-F8C4K7490\/pasted_image_at_2017_12_09_01_34_am.png?t=xoxe-173346185475-301971345667-302189523445-be5392310f98480a534c383e5d92ddc3",
            "url_private_download": "https:\/\/files.slack.com\/files-pri\/T53A65FDZ-F8C4K7490\/download\/pasted_image_at_2017_12_09_01_34_am.png?t=xoxe-173346185475-301971345667-302189523445-be5392310f98480a534c383e5d92ddc3",
            "thumb_64": "https:\/\/files.slack.com\/files-tmb\/T53A65FDZ-F8C4K7490-ab1dbab1e5\/pasted_image_at_2017_12_09_01_34_am_64.png?t=xoxe-173346185475-301971345667-302189523445-be5392310f98480a534c383e5d92ddc3",
            "thumb_80": "https:\/\/files.slack.com\/files-tmb\/T53A65FDZ-F8C4K7490-ab1dbab1e5\/pasted_image_at_2017_12_09_01_34_am_80.png?t=xoxe-173346185475-301971345667-302189523445-be5392310f98480a534c383e5d92ddc3",
            "thumb_360": "https:\/\/files.slack.com\/files-tmb\/T53A65FDZ-F8C4K7490-ab1dbab1e5\/pasted_image_at_2017_12_09_01_34_am_360.png?t=xoxe-173346185475-301971345667-302189523445-be5392310f98480a534c383e5d92ddc3",
            "thumb_360_w": 75,
            "thumb_360_h": 360,
            "thumb_480": "https:\/\/files.slack.com\/files-tmb\/T53A65FDZ-F8C4K7490-ab1dbab1e5\/pasted_image_at_2017_12_09_01_34_am_480.png?t=xoxe-173346185475-301971345667-302189523445-be5392310f98480a534c383e5d92ddc3",
            "thumb_480_w": 100,
            "thumb_480_h": 480,
            "thumb_160": "https:\/\/files.slack.com\/files-tmb\/T53A65FDZ-F8C4K7490-ab1dbab1e5\/pasted_image_at_2017_12_09_01_34_am_160.png?t=xoxe-173346185475-301971345667-302189523445-be5392310f98480a534c383e5d92ddc3",
            "thumb_720": "https:\/\/files.slack.com\/files-tmb\/T53A65FDZ-F8C4K7490-ab1dbab1e5\/pasted_image_at_2017_12_09_01_34_am_720.png?t=xoxe-173346185475-301971345667-302189523445-be5392310f98480a534c383e5d92ddc3",
            "thumb_720_w": 149,
            "thumb_720_h": 720,
            "thumb_800": "https:\/\/files.slack.com\/files-tmb\/T53A65FDZ-F8C4K7490-ab1dbab1e5\/pasted_image_at_2017_12_09_01_34_am_800.png?t=xoxe-173346185475-301971345667-302189523445-be5392310f98480a534c383e5d92ddc3",
            "thumb_800_w": 800,
            "thumb_800_h": 3855,
            "thumb_960": "https:\/\/files.slack.com\/files-tmb\/T53A65FDZ-F8C4K7490-ab1dbab1e5\/pasted_image_at_2017_12_09_01_34_am_960.png?t=xoxe-173346185475-301971345667-302189523445-be5392310f98480a534c383e5d92ddc3",
            "thumb_960_w": 199,
            "thumb_960_h": 960,
            "thumb_1024": "https:\/\/files.slack.com\/files-tmb\/T53A65FDZ-F8C4K7490-ab1dbab1e5\/pasted_image_at_2017_12_09_01_34_am_1024.png?t=xoxe-173346185475-301971345667-302189523445-be5392310f98480a534c383e5d92ddc3",
            "thumb_1024_w": 213,
            "thumb_1024_h": 1024,
            "image_exif_rotation": 1,
            "original_w": 1700,
            "original_h": 8192,
            "permalink": "https:\/\/growthhackingfrance.slack.com\/files\/U55AEG97A\/F8C4K7490\/pasted_image_at_2017_12_09_01_34_am.png",
            "permalink_public": "https:\/\/slack-files.com\/T53A65FDZ-F8C4K7490-a6f1cb59da",
            "channels": [],
            "groups": [],
            "ims": [],
            "comments_count": 0,
            "reactions": [
                {
                    "name": "+1",
                    "users": [
                        "U57DAHPE1"
                    ],
                    "count": 1
                }
            ]
        },
        "user": "U55AEG97A",
        "upload": true,
        "display_as_bot": false,
        "username": "mhdtfr",
        "bot_id": null,
        "ts": "1512779674.000081"
    }
]