[
    {
        "type": "message",
        "user": "U6ET16EKV",
        "text": "Hello, vous en savez un peu plus sur le LiteCoin ? <http:\/\/www.capital.fr\/entreprises-marches\/litecoin-la-monnaie-virtuelle-qui-ridiculise-le-bitcoin-1260501>",
        "attachments": [
            {
                "service_name": "Capital.fr",
                "title": "Litecoin : la monnaie virtuelle qui ridiculise le Bitcoin",
                "title_link": "http:\/\/www.capital.fr\/entreprises-marches\/litecoin-la-monnaie-virtuelle-qui-ridiculise-le-bitcoin-1260501",
                "text": "Beaucoup moins connu que le Bitcoin, le Litecoin partage une architecture commune et a l’avantage d’être technologiquement plus avancé. La croissance de son cours est deux fois supérieure., Il suffit de",
                "fallback": "Capital.fr: Litecoin : la monnaie virtuelle qui ridiculise le Bitcoin",
                "image_url": "https:\/\/cap.img.pmdstatic.net\/fit\/http.3A.2F.2Fprd2-bone-image.2Es3-website-eu-west-1.2Eamazonaws.2Ecom.2Fcap.2F2017.2F12.2F12.2F80344251-ce80-4910-a6bb-d536802b73a5.2Ejpeg\/1200x630\/quality\/70\/80344251-ce80-4910-a6bb-d536802b73a5.jpeg",
                "image_width": 476,
                "image_height": 250,
                "ts": 1513079292,
                "from_url": "http:\/\/www.capital.fr\/entreprises-marches\/litecoin-la-monnaie-virtuelle-qui-ridiculise-le-bitcoin-1260501",
                "image_bytes": 35677,
                "service_icon": "http:\/\/www.capital.fr\/apple-touch-icon.png",
                "id": 1
            }
        ],
        "thread_ts": "1513080992.000144",
        "reply_count": 11,
        "replies": [
            {
                "user": "U56A4ULMV",
                "ts": "1513087599.000428"
            },
            {
                "user": "U6ET16EKV",
                "ts": "1513089148.000001"
            },
            {
                "user": "U56A4ULMV",
                "ts": "1513090893.000287"
            },
            {
                "user": "U704DHU58",
                "ts": "1513092240.000253"
            },
            {
                "user": "U80MTJ93N",
                "ts": "1513172867.000093"
            },
            {
                "user": "U546L44SJ",
                "ts": "1513757777.000106"
            },
            {
                "user": "U704DHU58",
                "ts": "1513758479.000170"
            },
            {
                "user": "U704DHU58",
                "ts": "1513758502.000247"
            },
            {
                "user": "U704DHU58",
                "ts": "1513758528.000126"
            },
            {
                "user": "U546L44SJ",
                "ts": "1513758829.000069"
            },
            {
                "user": "U546L44SJ",
                "ts": "1513758966.000134"
            }
        ],
        "unread_count": 11,
        "ts": "1513080992.000144"
    },
    {
        "type": "message",
        "user": "U56A4ULMV",
        "text": "Moi je sais qu’il me rend riche :slightly_smiling_face:",
        "thread_ts": "1513080992.000144",
        "parent_user_id": "U6ET16EKV",
        "ts": "1513087599.000428",
        "reactions": [
            {
                "name": "white_check_mark",
                "users": [
                    "U6ET16EKV",
                    "U80MTJ93N"
                ],
                "count": 2
            }
        ]
    },
    {
        "type": "message",
        "user": "U6ET16EKV",
        "text": "<@U56A4ULMV> le Litecoin ?",
        "thread_ts": "1513080992.000144",
        "parent_user_id": "U6ET16EKV",
        "ts": "1513089148.000001"
    },
    {
        "type": "message",
        "user": "U56A4ULMV",
        "text": "yes",
        "thread_ts": "1513080992.000144",
        "parent_user_id": "U6ET16EKV",
        "ts": "1513090893.000287"
    },
    {
        "user": "U87F33WQ7",
        "text": "<@U87F33WQ7> has joined the channel",
        "type": "message",
        "subtype": "channel_join",
        "ts": "1513092075.000547"
    },
    {
        "type": "message",
        "user": "U704DHU58",
        "text": "acheté à 100$ fin nov, je viens de revendre là.... j'attends la percée du BCH désormais qui végète",
        "thread_ts": "1513080992.000144",
        "parent_user_id": "U6ET16EKV",
        "ts": "1513092240.000253"
    }
]