[
    {
        "type": "message",
        "user": "U80MTJ93N",
        "text": "<https:\/\/basicattentiontoken.org\/>\n\nLe BAT semble propre aussi. L’équipe a l’air solide.",
        "attachments": [
            {
                "service_name": "BasicAttentionToken",
                "title": "Home",
                "title_link": "https:\/\/basicattentiontoken.org\/",
                "text": "Home",
                "fallback": "BasicAttentionToken: Home",
                "from_url": "https:\/\/basicattentiontoken.org\/",
                "service_icon": "https:\/\/basicattentiontoken.org\/images\/BAT_logo_color_sansBAT.png",
                "id": 1
            }
        ],
        "ts": "1514454736.000175"
    },
    {
        "type": "message",
        "user": "U5AV671TK",
        "text": "J'avoue Brendan Eich ça pue la classe",
        "ts": "1514455242.000188"
    },
    {
        "type": "message",
        "user": "U5AV671TK",
        "text": "après c'est des technos blockchain, en soi le token n'aura pas d'intérêt financier",
        "ts": "1514455271.000003"
    },
    {
        "type": "message",
        "user": "U5AV671TK",
        "text": "c'est comme pour <https:\/\/peculium.io\/> qui est pas mal aussi",
        "ts": "1514455297.000168"
    },
    {
        "type": "message",
        "user": "U80MTJ93N",
        "text": "Erf, ils sont encore en ICO",
        "ts": "1514460180.000120"
    },
    {
        "type": "message",
        "user": "U80MTJ93N",
        "text": "J’ai mis en pause les ICO de mon coté",
        "ts": "1514460214.000067"
    },
    {
        "type": "message",
        "user": "U5AV671TK",
        "text": "ouais mais j'ai un pote qui y travaille, y'a du beau monde qui a déjà investi",
        "ts": "1514460221.000082"
    },
    {
        "type": "message",
        "user": "U80MTJ93N",
        "text": "Ah, ca change tout si tu connais quelqu’un",
        "ts": "1514460232.000060"
    },
    {
        "type": "message",
        "user": "U62V7G8J1",
        "text": "Ah, du délit d'initié là ça m'intéresse",
        "edited": {
            "user": "U62V7G8J1",
            "ts": "1514460245.000000"
        },
        "ts": "1514460233.000092"
    },
    {
        "type": "message",
        "user": "U80MTJ93N",
        "text": "c’est serieux ?",
        "ts": "1514460236.000010"
    },
    {
        "type": "message",
        "user": "U5AV671TK",
        "text": "yes",
        "ts": "1514460240.000075"
    },
    {
        "type": "message",
        "user": "U5AV671TK",
        "text": "c'est pas une ICO merdique juste pour lever des fonds en mode yolo",
        "ts": "1514460251.000082"
    },
    {
        "type": "message",
        "user": "U5AV671TK",
        "text": "ils vont faire du prédictif sur les investissements financiers",
        "ts": "1514460266.000151"
    },
    {
        "type": "message",
        "user": "U5AV671TK",
        "text": "ils ont dû repousser l'ICO plusieurs fois vu le nombre d'investisseurs",
        "ts": "1514460292.000078"
    },
    {
        "type": "message",
        "user": "U5AV671TK",
        "text": "j'ai pas les noms of course, mais y'a de la banque et des grands groupes",
        "ts": "1514460304.000071"
    },
    {
        "type": "message",
        "user": "U80MTJ93N",
        "text": "Y’a quelques noms sur le site déjà",
        "ts": "1514460378.000140"
    },
    {
        "type": "message",
        "user": "U80MTJ93N",
        "text": "La CCO à 1,01€ en Juillet avec une ICO à 0,01€ en Janvier ca fait rêver",
        "edited": {
            "user": "U80MTJ93N",
            "ts": "1514460405.000000"
        },
        "ts": "1514460402.000096"
    },
    {
        "type": "message",
        "user": "U80MTJ93N",
        "text": "x100 c’est beau",
        "ts": "1514460412.000089"
    },
    {
        "type": "message",
        "user": "U5AV671TK",
        "text": "haha j'étais aux private sales, j'ai touché à 1cent avec 55% de bonus tokens",
        "ts": "1514460426.000157"
    },
    {
        "type": "message",
        "user": "U80MTJ93N",
        "text": "x)",
        "ts": "1514460506.000110"
    },
    {
        "type": "message",
        "user": "U5AV671TK",
        "text": "bon en vrai dérrière mon pump &amp; dump éhonté se cache une belle techno je pense",
        "ts": "1514460527.000039"
    },
    {
        "type": "message",
        "user": "U80MTJ93N",
        "text": "Petite note au passage, vous comptez faire comment pour éviter les 30% du fisc ?",
        "ts": "1514460531.000141"
    },
    {
        "type": "message",
        "user": "U80MTJ93N",
        "text": "Les virements depuis Coinbase marchent vers Revolute",
        "ts": "1514460542.000114"
    },
    {
        "type": "message",
        "user": "U5AV671TK",
        "text": "foutre la thune sur N26 ? :smile:",
        "ts": "1514460543.000050"
    },
    {
        "type": "message",
        "user": "U80MTJ93N",
        "text": "Mais c’est limité à 30K€ sur Revolute",
        "ts": "1514460552.000024"
    },
    {
        "type": "message",
        "user": "U80MTJ93N",
        "text": "Y’a une limite sur N26 ?",
        "ts": "1514460579.000040"
    },
    {
        "type": "message",
        "user": "U5AV671TK",
        "text": "i don't know",
        "ts": "1514466572.000057"
    },
    {
        "type": "message",
        "user": "U5AV671TK",
        "text": "mais perso je suis pas à 30k haha",
        "ts": "1514466578.000002"
    },
    {
        "type": "message",
        "user": "U6ET16EKV",
        "text": "Et le minage du Dash c'est un bon petit investissement ?",
        "ts": "1514467999.000160"
    },
    {
        "type": "message",
        "user": "U612RQTSR",
        "text": "petite info : un mec de 21 ans a découvert qu'il avait 4.8 millions d'€ grâce à des bitcoins oubliés dans le passé \nil est en train de vendre 300k bitcoin \/ jour actuellement pour les rapatrier sur son compte perso",
        "ts": "1514468013.000076"
    },
    {
        "type": "message",
        "user": "U80MTJ93N",
        "text": "#LiveTheDream",
        "ts": "1514470691.000112"
    }
]