[
    {
        "user": "U54NAL317",
        "text": "<@U54NAL317> has joined the channel",
        "type": "message",
        "subtype": "channel_join",
        "ts": "1512663702.000185"
    },
    {
        "user": "U54NAL317",
        "purpose": "discussions sur les crypto-monnaies",
        "text": "<@U54NAL317> set the channel purpose: discussions sur les crypto-monnaies",
        "type": "message",
        "subtype": "channel_purpose",
        "ts": "1512663703.000156"
    },
    {
        "user": "U54NAL317",
        "text": "<@U54NAL317> has left the channel",
        "type": "message",
        "subtype": "channel_leave",
        "ts": "1512663749.000088"
    },
    {
        "user": "U54PQ74HF",
        "text": "<@U54PQ74HF> has joined the channel",
        "type": "message",
        "subtype": "channel_join",
        "ts": "1512663777.000486"
    },
    {
        "user": "U62V7G8J1",
        "text": "<@U62V7G8J1> has joined the channel",
        "type": "message",
        "subtype": "channel_join",
        "ts": "1512663811.000801"
    },
    {
        "user": "U704DHU58",
        "text": "<@U704DHU58> has joined the channel",
        "type": "message",
        "subtype": "channel_join",
        "ts": "1512663962.000621"
    },
    {
        "type": "message",
        "user": "U704DHU58",
        "text": "merci <@U54NAL317>",
        "ts": "1512663970.000418"
    },
    {
        "user": "U80MTJ93N",
        "inviter": "U62V7G8J1",
        "text": "<@U80MTJ93N> has joined the channel",
        "type": "message",
        "subtype": "channel_join",
        "ts": "1512663994.000232"
    },
    {
        "user": "U57DAHPE1",
        "inviter": "U62V7G8J1",
        "text": "<@U57DAHPE1> has joined the channel",
        "type": "message",
        "subtype": "channel_join",
        "ts": "1512664008.000171"
    },
    {
        "type": "message",
        "user": "U80MTJ93N",
        "text": "Top, merci !",
        "ts": "1512664042.000279"
    },
    {
        "type": "message",
        "user": "U80MTJ93N",
        "text": "Tu veux savoir quoi <@U704DHU58>?",
        "ts": "1512664052.000106"
    },
    {
        "type": "message",
        "user": "U704DHU58",
        "text": "comment devenir riche",
        "ts": "1512664076.000516"
    },
    {
        "type": "message",
        "user": "U704DHU58",
        "text": "je dec :wink:",
        "ts": "1512664081.000179"
    },
    {
        "type": "message",
        "user": "U704DHU58",
        "text": "plus savoir quelles sont les bonnes plateformes pour trader sans avoir des frais élevés",
        "ts": "1512664108.000429"
    },
    {
        "type": "message",
        "user": "U704DHU58",
        "text": "si vous avez des bons conseils",
        "ts": "1512664113.000288"
    },
    {
        "type": "message",
        "user": "U704DHU58",
        "text": "je suis sur binance en ce moment pr trader les iota",
        "ts": "1512664131.000672"
    },
    {
        "user": "U53T3FKPD",
        "text": "<@U53T3FKPD> has joined the channel",
        "type": "message",
        "subtype": "channel_join",
        "ts": "1512664139.000451"
    },
    {
        "type": "message",
        "user": "U80MTJ93N",
        "text": "Faut regarder la sécurité et l’ancienneté de la plateforme aussi. Y’a eu tellement de faille et de vol en crypto que c’est un facteur important je trouve.",
        "ts": "1512664153.000815"
    },
    {
        "user": "U7Q4UPE0K",
        "text": "<@U7Q4UPE0K> has joined the channel",
        "type": "message",
        "subtype": "channel_join",
        "ts": "1512664166.000050"
    },
    {
        "type": "message",
        "user": "U704DHU58",
        "text": "et blockchain pour le wallet",
        "ts": "1512664171.000336"
    },
    {
        "user": "U55AEG97A",
        "text": "<@U55AEG97A> has joined the channel",
        "type": "message",
        "subtype": "channel_join",
        "ts": "1512664173.000236"
    },
    {
        "type": "message",
        "user": "U80MTJ93N",
        "text": "Perso j’ai commencé sur Yobit et puis Bitrex",
        "ts": "1512664182.000246"
    },
    {
        "type": "message",
        "user": "U80MTJ93N",
        "text": "J’ai que de l’ether de mon coté, et j’ai tout sur MyEtherWallet.",
        "ts": "1512664199.000416"
    },
    {
        "type": "message",
        "user": "U55AEG97A",
        "text": "En tout cas faut fuir Coinbase et l’approvisionnement en CB à peu près partout :slightly_smiling_face:",
        "ts": "1512664201.000426"
    },
    {
        "type": "message",
        "user": "U80MTJ93N",
        "text": "J’avais pas envie de laisser ca sur une plateforme.",
        "ts": "1512664207.000649"
    },
    {
        "type": "message",
        "user": "U80MTJ93N",
        "text": "Je réfléchis à acheter une clé physique pour stocker tout ca.",
        "edited": {
            "user": "U80MTJ93N",
            "ts": "1512664224.000000"
        },
        "ts": "1512664220.000165"
    },
    {
        "type": "message",
        "user": "U704DHU58",
        "text": "type ledger nano ?",
        "ts": "1512664227.000913"
    },
    {
        "type": "message",
        "user": "U80MTJ93N",
        "text": "Clair, la CB c’est tellement cher !",
        "edited": {
            "user": "U80MTJ93N",
            "ts": "1512664316.000000"
        },
        "thread_ts": "1512664234.000619",
        "reply_count": 2,
        "replies": [
            {
                "user": "U704DHU58",
                "ts": "1512664786.000078"
            },
            {
                "user": "U80MTJ93N",
                "ts": "1512752305.000480"
            }
        ],
        "unread_count": 2,
        "ts": "1512664234.000619"
    },
    {
        "user": "U54QL7C5D",
        "text": "<@U54QL7C5D> has joined the channel",
        "type": "message",
        "subtype": "channel_join",
        "ts": "1512664297.000359"
    },
    {
        "type": "message",
        "user": "U55AEG97A",
        "text": "<@U704DHU58> IOTA c’était la fête cette semaine :champagne:",
        "ts": "1512664351.000069"
    },
    {
        "type": "message",
        "user": "U704DHU58",
        "text": "j'ai chargé à 1, puis à 1,2 et à 2€",
        "ts": "1512664547.000132"
    },
    {
        "type": "message",
        "user": "U704DHU58",
        "text": "c'est monté à 5 et c'est redescendu :slightly_smiling_face:",
        "ts": "1512664558.000150"
    },
    {
        "type": "message",
        "user": "U704DHU58",
        "text": "avec un peu de ventes entre temps",
        "ts": "1512664574.000843"
    },
    {
        "type": "message",
        "user": "U704DHU58",
        "text": "ça devient limite du trading...",
        "ts": "1512664582.000294"
    },
    {
        "type": "message",
        "user": "U704DHU58",
        "text": "et le BTC à quasi 14k ce jour !",
        "ts": "1512664608.000569"
    },
    {
        "type": "message",
        "user": "U704DHU58",
        "text": "€",
        "ts": "1512664612.000912"
    },
    {
        "type": "message",
        "user": "U704DHU58",
        "text": "tu fais référence aux frais de % ? Type 3% ?",
        "thread_ts": "1512664234.000619",
        "parent_user_id": "U80MTJ93N",
        "ts": "1512664786.000078"
    },
    {
        "user": "U541S59L4",
        "text": "<@U541S59L4> has joined the channel",
        "type": "message",
        "subtype": "channel_join",
        "ts": "1512665197.000599"
    },
    {
        "type": "message",
        "user": "U704DHU58",
        "text": "<https:\/\/twitter.com\/francois_remy\/status\/938809439783497728>",
        "attachments": [
            {
                "fallback": "<https:\/\/twitter.com\/francois_remy|@francois_remy>: Le #bitcoin franchit pour la première fois le seuil de 18.000 $ sur <https:\/\/twitter.com\/coinbase|@coinbase> et... la plateforme se crashe #down $BTCUSD $BTC #crypto #bubble <https:\/\/pbs.twimg.com\/media\/DQdRq__U8AAEnwe.jpg>",
                "ts": 1512664587,
                "author_name": "François Remy",
                "author_link": "https:\/\/twitter.com\/francois_remy\/status\/938809439783497728",
                "author_icon": "https:\/\/pbs.twimg.com\/profile_images\/702848708375924736\/WjKUt8Xq_normal.png",
                "author_subname": "@francois_remy",
                "text": "Le #bitcoin franchit pour la première fois le seuil de 18.000 $ sur <https:\/\/twitter.com\/coinbase|@coinbase> et... la plateforme se crashe #down $BTCUSD $BTC #crypto #bubble <https:\/\/pbs.twimg.com\/media\/DQdRq__U8AAEnwe.jpg>",
                "service_name": "twitter",
                "service_url": "https:\/\/twitter.com\/",
                "from_url": "https:\/\/twitter.com\/francois_remy\/status\/938809439783497728",
                "image_url": "https:\/\/pbs.twimg.com\/media\/DQdRq__U8AAEnwe.jpg",
                "image_width": 1200,
                "image_height": 664,
                "image_bytes": 50275,
                "id": 1,
                "footer": "Twitter",
                "footer_icon": "https:\/\/a.slack-edge.com\/6e067\/img\/services\/twitter_pixel_snapped_32.png"
            }
        ],
        "ts": "1512665263.000319"
    },
    {
        "type": "message",
        "user": "U704DHU58",
        "text": "again",
        "ts": "1512665267.000031"
    },
    {
        "type": "message",
        "user": "U541S59L4",
        "text": "<https:\/\/www.revolut.com\/fr\/cryptocurrency>",
        "attachments": [
            {
                "title": "Cryptocurrency | Revolut",
                "title_link": "https:\/\/www.revolut.com\/fr\/cryptocurrency",
                "text": "A world beyond banking - a secure, mobile-based current account that allows you to hold, exchange and transfer without fees in 26 different currencies.",
                "fallback": "Cryptocurrency | Revolut",
                "image_url": "https:\/\/revolut.com\/assets\/social\/facebook.png",
                "image_width": 476,
                "image_height": 250,
                "from_url": "https:\/\/www.revolut.com\/fr\/cryptocurrency",
                "image_bytes": 102230,
                "service_icon": "https:\/\/www.revolut.com\/assets\/favicon\/apple-touch-icon-57x57.png?v=9BaG9o5Jva",
                "service_name": "Revolut",
                "id": 1
            }
        ],
        "ts": "1512665334.000285"
    },
    {
        "type": "message",
        "user": "U541S59L4",
        "text": ":scream:",
        "ts": "1512665338.000649"
    },
    {
        "type": "message",
        "user": "U704DHU58",
        "text": "les usages vont grimper",
        "ts": "1512665365.000286"
    },
    {
        "type": "message",
        "user": "U55AEG97A",
        "text": "Trop long pour l’instant une transac cb en btc ou eth",
        "ts": "1512665419.000171"
    },
    {
        "type": "message",
        "user": "U57DAHPE1",
        "text": "<@U704DHU58> Passes par Coinbase pour créer ton Wallet",
        "ts": "1512665778.000054"
    },
    {
        "type": "message",
        "user": "U57DAHPE1",
        "text": "puis par GDAX qui est la même société",
        "ts": "1512665789.000546"
    },
    {
        "type": "message",
        "user": "U57DAHPE1",
        "text": "les fees sont beaucoup beaucoup plus bas",
        "ts": "1512665796.000393"
    },
    {
        "type": "message",
        "user": "U57DAHPE1",
        "text": "0,15% de fees pour mettre de l’argent et 0,25% par transaction",
        "ts": "1512665818.000562"
    },
    {
        "type": "message",
        "user": "U57DAHPE1",
        "text": "Donc pour 100 euros investis",
        "ts": "1512665831.000417"
    },
    {
        "type": "message",
        "user": "U57DAHPE1",
        "text": "t’as mini 0,40% de fees",
        "ts": "1512665840.000603"
    },
    {
        "type": "message",
        "user": "U57DAHPE1",
        "text": "Et tu repaieras 0,25% pour vendre",
        "ts": "1512665865.000979"
    },
    {
        "type": "message",
        "user": "U57DAHPE1",
        "text": "GDAX c’est le + user friendly. Après t’as d’autres comme Bittstamp et Poloniex",
        "ts": "1512665900.000504"
    },
    {
        "type": "message",
        "user": "U704DHU58",
        "text": "merci <@U57DAHPE1> je vais regarder ça ce weekend :slightly_smiling_face:",
        "ts": "1512666848.000339"
    },
    {
        "user": "U56A4ULMV",
        "text": "<@U56A4ULMV> has joined the channel",
        "type": "message",
        "subtype": "channel_join",
        "ts": "1512667012.000082"
    },
    {
        "type": "message",
        "user": "U56A4ULMV",
        "text": "Hello, Coinbase n’accepte pas les cartes revolut, why?",
        "ts": "1512667158.000106"
    },
    {
        "type": "message",
        "user": "U55AEG97A",
        "text": "KYC ?",
        "ts": "1512667518.000250"
    },
    {
        "user": "U54MX52KT",
        "text": "<@U54MX52KT> has joined the channel",
        "type": "message",
        "subtype": "channel_join",
        "ts": "1512670920.000692"
    },
    {
        "user": "U7N572PK6",
        "text": "<@U7N572PK6> has joined the channel",
        "type": "message",
        "subtype": "channel_join",
        "ts": "1512677334.000490"
    },
    {
        "user": "U54PV0R4L",
        "text": "<@U54PV0R4L> has joined the channel",
        "type": "message",
        "subtype": "channel_join",
        "ts": "1512679071.000064"
    },
    {
        "user": "U542GFW85",
        "text": "<@U542GFW85> has joined the channel",
        "type": "message",
        "subtype": "channel_join",
        "ts": "1512679390.000342"
    }
]