[
    {
        "user": "U5852MULX",
        "text": "<@U5852MULX> has joined the channel",
        "type": "message",
        "subtype": "channel_join",
        "ts": "1513929980.000258"
    },
    {
        "type": "message",
        "user": "U541S59L4",
        "text": "y'a une petite explosion de bulle dans l'air :wink:",
        "ts": "1513936068.000114"
    },
    {
        "type": "message",
        "subtype": "file_share",
        "text": "<@U541S59L4> uploaded a file: <https:\/\/growthhackingfrance.slack.com\/files\/U541S59L4\/F8HP8TD9N\/capture_d___e__cran_2017-12-22_a___10.42.14.png|Capture d’écran 2017-12-22 à 10.42.14.png>",
        "file": {
            "id": "F8HP8TD9N",
            "created": 1513936076,
            "timestamp": 1513936076,
            "name": "Capture d’écran 2017-12-22 à 10.42.14.png",
            "title": "Capture d’écran 2017-12-22 à 10.42.14.png",
            "mimetype": "image\/png",
            "filetype": "png",
            "pretty_type": "PNG",
            "user": "U541S59L4",
            "editable": false,
            "size": 323136,
            "mode": "hosted",
            "is_external": false,
            "external_type": "",
            "is_public": true,
            "public_url_shared": false,
            "display_as_bot": false,
            "username": "",
            "url_private": "https:\/\/files.slack.com\/files-pri\/T53A65FDZ-F8HP8TD9N\/capture_d___e__cran_2017-12-22_a___10.42.14.png?t=xoxe-173346185475-301971345667-302189523445-be5392310f98480a534c383e5d92ddc3",
            "url_private_download": "https:\/\/files.slack.com\/files-pri\/T53A65FDZ-F8HP8TD9N\/download\/capture_d___e__cran_2017-12-22_a___10.42.14.png?t=xoxe-173346185475-301971345667-302189523445-be5392310f98480a534c383e5d92ddc3",
            "thumb_64": "https:\/\/files.slack.com\/files-tmb\/T53A65FDZ-F8HP8TD9N-2bdecab7c3\/capture_d___e__cran_2017-12-22_a___10.42.14_64.png?t=xoxe-173346185475-301971345667-302189523445-be5392310f98480a534c383e5d92ddc3",
            "thumb_80": "https:\/\/files.slack.com\/files-tmb\/T53A65FDZ-F8HP8TD9N-2bdecab7c3\/capture_d___e__cran_2017-12-22_a___10.42.14_80.png?t=xoxe-173346185475-301971345667-302189523445-be5392310f98480a534c383e5d92ddc3",
            "thumb_360": "https:\/\/files.slack.com\/files-tmb\/T53A65FDZ-F8HP8TD9N-2bdecab7c3\/capture_d___e__cran_2017-12-22_a___10.42.14_360.png?t=xoxe-173346185475-301971345667-302189523445-be5392310f98480a534c383e5d92ddc3",
            "thumb_360_w": 323,
            "thumb_360_h": 360,
            "thumb_480": "https:\/\/files.slack.com\/files-tmb\/T53A65FDZ-F8HP8TD9N-2bdecab7c3\/capture_d___e__cran_2017-12-22_a___10.42.14_480.png?t=xoxe-173346185475-301971345667-302189523445-be5392310f98480a534c383e5d92ddc3",
            "thumb_480_w": 431,
            "thumb_480_h": 480,
            "thumb_160": "https:\/\/files.slack.com\/files-tmb\/T53A65FDZ-F8HP8TD9N-2bdecab7c3\/capture_d___e__cran_2017-12-22_a___10.42.14_160.png?t=xoxe-173346185475-301971345667-302189523445-be5392310f98480a534c383e5d92ddc3",
            "thumb_720": "https:\/\/files.slack.com\/files-tmb\/T53A65FDZ-F8HP8TD9N-2bdecab7c3\/capture_d___e__cran_2017-12-22_a___10.42.14_720.png?t=xoxe-173346185475-301971345667-302189523445-be5392310f98480a534c383e5d92ddc3",
            "thumb_720_w": 646,
            "thumb_720_h": 720,
            "thumb_800": "https:\/\/files.slack.com\/files-tmb\/T53A65FDZ-F8HP8TD9N-2bdecab7c3\/capture_d___e__cran_2017-12-22_a___10.42.14_800.png?t=xoxe-173346185475-301971345667-302189523445-be5392310f98480a534c383e5d92ddc3",
            "thumb_800_w": 800,
            "thumb_800_h": 892,
            "thumb_960": "https:\/\/files.slack.com\/files-tmb\/T53A65FDZ-F8HP8TD9N-2bdecab7c3\/capture_d___e__cran_2017-12-22_a___10.42.14_960.png?t=xoxe-173346185475-301971345667-302189523445-be5392310f98480a534c383e5d92ddc3",
            "thumb_960_w": 861,
            "thumb_960_h": 960,
            "thumb_1024": "https:\/\/files.slack.com\/files-tmb\/T53A65FDZ-F8HP8TD9N-2bdecab7c3\/capture_d___e__cran_2017-12-22_a___10.42.14_1024.png?t=xoxe-173346185475-301971345667-302189523445-be5392310f98480a534c383e5d92ddc3",
            "thumb_1024_w": 919,
            "thumb_1024_h": 1024,
            "image_exif_rotation": 1,
            "original_w": 1344,
            "original_h": 1498,
            "permalink": "https:\/\/growthhackingfrance.slack.com\/files\/U541S59L4\/F8HP8TD9N\/capture_d___e__cran_2017-12-22_a___10.42.14.png",
            "permalink_public": "https:\/\/slack-files.com\/T53A65FDZ-F8HP8TD9N-7c07ecfe3b",
            "channels": [],
            "groups": [],
            "ims": [],
            "comments_count": 0
        },
        "user": "U541S59L4",
        "upload": true,
        "display_as_bot": false,
        "username": "crazyunikorn",
        "bot_id": null,
        "ts": "1513936080.000047"
    },
    {
        "type": "message",
        "user": "U541S59L4",
        "text": "ripple, on t'aime",
        "ts": "1513936092.000088"
    },
    {
        "type": "message",
        "user": "U5AV671TK",
        "text": "haha je suis content d'en avoir repris",
        "ts": "1513937696.000128"
    },
    {
        "type": "message",
        "user": "U5AV671TK",
        "text": "en plus la techno est intéressante",
        "ts": "1513937701.000340"
    },
    {
        "type": "message",
        "user": "U57DAHPE1",
        "text": "Putain le fric que je viens de perdre",
        "ts": "1513937794.000216"
    },
    {
        "type": "message",
        "user": "U57DAHPE1",
        "text": "j’aurais trop du mettre mon cash en ripple quoi",
        "ts": "1513937803.000006"
    },
    {
        "type": "message",
        "user": "U5AV671TK",
        "text": "haha <@U57DAHPE1> j'ai bien perdu sur le BCH aussi :smile:",
        "edited": {
            "user": "U5AV671TK",
            "ts": "1513937845.000000"
        },
        "ts": "1513937832.000271"
    },
    {
        "type": "message",
        "user": "U5AV671TK",
        "text": "that's life, jamais plus de 20% de ses revenus dans les investissements risqués",
        "ts": "1513937881.000129"
    },
    {
        "type": "message",
        "user": "U5852MULX",
        "text": "Ce matin, c'était le moment de racheter un peu de BTC et de LTC, les soldes de Noël :joy:",
        "ts": "1513937992.000072"
    },
    {
        "type": "message",
        "user": "U55AEG97A",
        "text": "J’espère que ça va continuer <@U5852MULX> :parrot:",
        "ts": "1513939241.000188"
    },
    {
        "type": "message",
        "subtype": "file_share",
        "text": "<@U6ET16EKV> uploaded a file: <https:\/\/growthhackingfrance.slack.com\/files\/U6ET16EKV\/F8JH5P9HA\/drqamg9voaae4nc.jpg|DRqAMG9VoAAe4Nc.jpg>",
        "file": {
            "id": "F8JH5P9HA",
            "created": 1513952747,
            "timestamp": 1513952747,
            "name": "DRqAMG9VoAAe4Nc.jpg",
            "title": "DRqAMG9VoAAe4Nc.jpg",
            "mimetype": "image\/jpeg",
            "filetype": "jpg",
            "pretty_type": "JPEG",
            "user": "U6ET16EKV",
            "editable": false,
            "size": 152659,
            "mode": "hosted",
            "is_external": false,
            "external_type": "",
            "is_public": true,
            "public_url_shared": false,
            "display_as_bot": false,
            "username": "",
            "url_private": "https:\/\/files.slack.com\/files-pri\/T53A65FDZ-F8JH5P9HA\/drqamg9voaae4nc.jpg?t=xoxe-173346185475-301971345667-302189523445-be5392310f98480a534c383e5d92ddc3",
            "url_private_download": "https:\/\/files.slack.com\/files-pri\/T53A65FDZ-F8JH5P9HA\/download\/drqamg9voaae4nc.jpg?t=xoxe-173346185475-301971345667-302189523445-be5392310f98480a534c383e5d92ddc3",
            "thumb_64": "https:\/\/files.slack.com\/files-tmb\/T53A65FDZ-F8JH5P9HA-57e5440413\/drqamg9voaae4nc_64.jpg?t=xoxe-173346185475-301971345667-302189523445-be5392310f98480a534c383e5d92ddc3",
            "thumb_80": "https:\/\/files.slack.com\/files-tmb\/T53A65FDZ-F8JH5P9HA-57e5440413\/drqamg9voaae4nc_80.jpg?t=xoxe-173346185475-301971345667-302189523445-be5392310f98480a534c383e5d92ddc3",
            "thumb_360": "https:\/\/files.slack.com\/files-tmb\/T53A65FDZ-F8JH5P9HA-57e5440413\/drqamg9voaae4nc_360.jpg?t=xoxe-173346185475-301971345667-302189523445-be5392310f98480a534c383e5d92ddc3",
            "thumb_360_w": 360,
            "thumb_360_h": 208,
            "thumb_480": "https:\/\/files.slack.com\/files-tmb\/T53A65FDZ-F8JH5P9HA-57e5440413\/drqamg9voaae4nc_480.jpg?t=xoxe-173346185475-301971345667-302189523445-be5392310f98480a534c383e5d92ddc3",
            "thumb_480_w": 480,
            "thumb_480_h": 277,
            "thumb_160": "https:\/\/files.slack.com\/files-tmb\/T53A65FDZ-F8JH5P9HA-57e5440413\/drqamg9voaae4nc_160.jpg?t=xoxe-173346185475-301971345667-302189523445-be5392310f98480a534c383e5d92ddc3",
            "thumb_720": "https:\/\/files.slack.com\/files-tmb\/T53A65FDZ-F8JH5P9HA-57e5440413\/drqamg9voaae4nc_720.jpg?t=xoxe-173346185475-301971345667-302189523445-be5392310f98480a534c383e5d92ddc3",
            "thumb_720_w": 720,
            "thumb_720_h": 415,
            "thumb_800": "https:\/\/files.slack.com\/files-tmb\/T53A65FDZ-F8JH5P9HA-57e5440413\/drqamg9voaae4nc_800.jpg?t=xoxe-173346185475-301971345667-302189523445-be5392310f98480a534c383e5d92ddc3",
            "thumb_800_w": 800,
            "thumb_800_h": 461,
            "thumb_960": "https:\/\/files.slack.com\/files-tmb\/T53A65FDZ-F8JH5P9HA-57e5440413\/drqamg9voaae4nc_960.jpg?t=xoxe-173346185475-301971345667-302189523445-be5392310f98480a534c383e5d92ddc3",
            "thumb_960_w": 960,
            "thumb_960_h": 554,
            "thumb_1024": "https:\/\/files.slack.com\/files-tmb\/T53A65FDZ-F8JH5P9HA-57e5440413\/drqamg9voaae4nc_1024.jpg?t=xoxe-173346185475-301971345667-302189523445-be5392310f98480a534c383e5d92ddc3",
            "thumb_1024_w": 1024,
            "thumb_1024_h": 591,
            "image_exif_rotation": 1,
            "original_w": 1200,
            "original_h": 692,
            "permalink": "https:\/\/growthhackingfrance.slack.com\/files\/U6ET16EKV\/F8JH5P9HA\/drqamg9voaae4nc.jpg",
            "permalink_public": "https:\/\/slack-files.com\/T53A65FDZ-F8JH5P9HA-da998d2d43",
            "channels": [],
            "groups": [],
            "ims": [],
            "comments_count": 0
        },
        "user": "U6ET16EKV",
        "upload": true,
        "display_as_bot": false,
        "username": "wladimirdelcros",
        "bot_id": null,
        "ts": "1513952751.000202"
    },
    {
        "type": "message",
        "user": "U704DHU58",
        "text": "bien perdu aussi, HODL",
        "ts": "1513960733.000173"
    },
    {
        "type": "message",
        "user": "U704DHU58",
        "text": "et repris du neo au passage :slightly_smiling_face:",
        "ts": "1513960743.000162"
    }
]