[
    {
        "user": "U78AR6HKN",
        "text": "<@U78AR6HKN> has joined the channel",
        "type": "message",
        "subtype": "channel_join",
        "ts": "1514371000.000005"
    },
    {
        "type": "message",
        "user": "U612RQTSR",
        "text": "<https:\/\/www.coingecko.com\/fr\/graphiques_cours\/ripple\/usd#panel>",
        "attachments": [
            {
                "service_name": "CoinGecko",
                "title": "Ripple Graphique des Cours (XRP\/USD) | CoinGecko",
                "title_link": "https:\/\/www.coingecko.com\/fr\/graphiques_cours\/ripple\/usd#panel",
                "text": "Ripple historique des crypto-monnaies XRP\/USD le tableau des cours",
                "fallback": "CoinGecko: Ripple Graphique des Cours (XRP\/USD) | CoinGecko",
                "image_url": "https:\/\/www.coingecko.com\/assets\/coin-250\/ripple-6059c1a193d77bf8498c7809927194e063f105a7631dd59936528ed0c98f2b6c.png",
                "from_url": "https:\/\/www.coingecko.com\/fr\/graphiques_cours\/ripple\/usd#panel",
                "image_width": 250,
                "image_height": 250,
                "image_bytes": 7964,
                "service_icon": "https:\/\/www.coingecko.com\/apple-touch-icon-57x57.png",
                "id": 1
            }
        ],
        "ts": "1514373242.000091"
    },
    {
        "type": "message",
        "user": "U612RQTSR",
        "text": "ça grimpe ..",
        "ts": "1514373249.000104"
    },
    {
        "type": "message",
        "user": "U56KDGG9W",
        "text": "franchement le ripple c’est de la daube les gars",
        "ts": "1514383078.000271"
    },
    {
        "type": "message",
        "user": "U56KDGG9W",
        "text": "y a rien derrière, juste la mode sur les crypto qui dope sa croissance",
        "ts": "1514383101.000159"
    },
    {
        "type": "message",
        "user": "U5AV671TK",
        "text": "je dirai pas ça perso, c'est pas censé être une monnaie, mais c'est un des rares tokens qui est backup par autant de grandes institutions financières",
        "ts": "1514386321.000201"
    },
    {
        "type": "message",
        "user": "U57DAHPE1",
        "text": "Double tranchant, est-ce que ça doit être rassurant que les banques l’incluent ou plutôt inquiétant ? Bon j’aurais adoré y mettre des pions la semaine dernière pour revendre. On me parle aussi beaucoup de Dash, Mais perso ETH, Neo et XMR ça reste les seules valeurs dans lesquelles je place...",
        "ts": "1514396067.000337"
    }
]