[
    {
        "type": "message",
        "user": "U80MTJ93N",
        "text": "Intéressé aussi, j’ai poncé que le projet Etherum",
        "thread_ts": "1513080992.000144",
        "parent_user_id": "U6ET16EKV",
        "ts": "1513172867.000093"
    },
    {
        "user": "U7TQ5FHT4",
        "text": "<@U7TQ5FHT4> has joined the channel",
        "type": "message",
        "subtype": "channel_join",
        "ts": "1513193899.000007"
    },
    {
        "user": "U8DDJSMH7",
        "text": "<@U8DDJSMH7> has joined the channel",
        "type": "message",
        "subtype": "channel_join",
        "ts": "1513215401.000787"
    }
]