[
    {
        "type": "message",
        "user": "U5AV671TK",
        "text": "Petit #HODL de l'Ethereum qui se passe à merveille depuis plusieurs semaines :stuck_out_tongue:",
        "ts": "1515399952.000108"
    },
    {
        "type": "message",
        "user": "U80MTJ93N",
        "text": "Y’a une annonce prévu en Janvier il me semble?",
        "ts": "1515402586.000017"
    },
    {
        "type": "message",
        "user": "U80MTJ93N",
        "text": "Ca devrait tenir jusque là",
        "ts": "1515402591.000378"
    },
    {
        "user": "U55AKRDUK",
        "text": "<@U55AKRDUK> has joined the channel",
        "type": "message",
        "subtype": "channel_join",
        "ts": "1515403235.000188"
    },
    {
        "type": "message",
        "user": "U7N572PK6",
        "text": "J’essaye de commencer avec Ripple mais les quelques méthodes que je vois imposent de passer par plusieurs intermédiaires... Comment avez-vous procédé ?",
        "ts": "1515406303.000225"
    },
    {
        "type": "message",
        "user": "U7TQ5FHT4",
        "text": "Je viens de faire un compte Gatehub ce weekend",
        "ts": "1515406402.000178"
    },
    {
        "type": "message",
        "user": "U7TQ5FHT4",
        "text": "le kyc est activé",
        "ts": "1515406410.000357"
    },
    {
        "type": "message",
        "user": "U7TQ5FHT4",
        "text": "j'attends plus que de faire validé de leur côté",
        "ts": "1515406422.000414"
    },
    {
        "type": "message",
        "user": "U7TQ5FHT4",
        "text": "Avec la fluctuation des autres cryptos et les frais de commissions tu risques de perdre un peu d'argent sinon.",
        "ts": "1515406458.000221"
    },
    {
        "type": "message",
        "user": "U7TQ5FHT4",
        "text": "Merci ben :wink: je vais regarder",
        "thread_ts": "1515234837.000018",
        "parent_user_id": "U704DHU58",
        "ts": "1515406476.000269"
    },
    {
        "type": "message",
        "user": "U7N572PK6",
        "text": "oui avec la fluctuation des cours ça m’embêtait",
        "ts": "1515406498.000136"
    },
    {
        "type": "message",
        "user": "U7TQ5FHT4",
        "text": "On est bien d'accord :stuck_out_tongue:",
        "ts": "1515406527.000369"
    },
    {
        "type": "message",
        "user": "U7TQ5FHT4",
        "text": "sinon sur Bitstamp mais le KYC c'est 5 semaines environ :parrot:",
        "ts": "1515406548.000176"
    },
    {
        "type": "message",
        "user": "U7N572PK6",
        "text": "kyc ?",
        "ts": "1515406563.000139"
    },
    {
        "type": "message",
        "user": "U7TQ5FHT4",
        "text": "Know Your Customer, l'action obligatoire des plateformes pour te valider un compte",
        "ts": "1515406622.000063"
    },
    {
        "type": "message",
        "user": "U7N572PK6",
        "text": "oki :slightly_smiling_face:",
        "ts": "1515406628.000190"
    },
    {
        "type": "message",
        "user": "U7TQ5FHT4",
        "text": "notamment carte d'identité, justif de dom, etc.",
        "ts": "1515406634.000221"
    },
    {
        "type": "message",
        "user": "U7N572PK6",
        "text": "généralement vous mettez quoi comme somme de départ ? possible d’acheter directement les xrp via CB où il faut approvisionner via un compte (virement) ?",
        "ts": "1515406793.000176"
    },
    {
        "type": "message",
        "user": "U7TQ5FHT4",
        "text": "plutôt via Virement, les frais sont moins élévés (mais ça dépend toujours de ta plateforme) et normalement il y a un minima de XRP à garder sur son compte c'est 20XRP je crois.",
        "ts": "1515406959.000225"
    },
    {
        "type": "message",
        "user": "U7N572PK6",
        "text": "ok :slightly_smiling_face: je vais commencer avec Gatehub qui semble pas mal",
        "ts": "1515406998.000212"
    },
    {
        "type": "message",
        "user": "U7N572PK6",
        "text": "quid de la fiabilité de <http:\/\/crypto-france.com|crypto-france.com> ? d’autres sources à conseiller ? (hormis ce slack :stuck_out_tongue: )",
        "thread_ts": "1515407034.000069",
        "reply_count": 6,
        "replies": [
            {
                "user": "U7TQ5FHT4",
                "ts": "1515407187.000276"
            },
            {
                "user": "U7TQ5FHT4",
                "ts": "1515407201.000102"
            },
            {
                "user": "U80MTJ93N",
                "ts": "1515412038.000124"
            },
            {
                "user": "U5AV671TK",
                "ts": "1515416848.000311"
            },
            {
                "user": "U80MTJ93N",
                "ts": "1515419268.000044"
            },
            {
                "user": "U7N572PK6",
                "ts": "1515420432.000275"
            }
        ],
        "unread_count": 6,
        "ts": "1515407034.000069"
    },
    {
        "type": "message",
        "user": "U7TQ5FHT4",
        "text": "<https:\/\/www.tradingview.com\/>",
        "attachments": [
            {
                "title": "Free Stock Charts, Stock Quotes and Trade Ideas — TradingView",
                "title_link": "https:\/\/www.tradingview.com\/",
                "text": "Live quotes, free charts and expert trading ideas. TradingView is a social network for traders and investors on Stock and Futures and Forex markets!",
                "fallback": "Free Stock Charts, Stock Quotes and Trade Ideas — TradingView",
                "from_url": "https:\/\/www.tradingview.com\/",
                "service_icon": "https:\/\/s-new.tradingview.com\/static\/images\/favicon\/apple-touch-icon-57x57.e45984d96a9f.png",
                "service_name": "TradingView",
                "id": 1
            }
        ],
        "thread_ts": "1515407034.000069",
        "parent_user_id": "U7N572PK6",
        "ts": "1515407187.000276"
    },
    {
        "type": "message",
        "user": "U7TQ5FHT4",
        "text": "quelqu'un de ce groupe m'avait donné ce lien :wink:",
        "thread_ts": "1515407034.000069",
        "parent_user_id": "U7N572PK6",
        "ts": "1515407201.000102",
        "reactions": [
            {
                "name": "+1",
                "users": [
                    "U7N572PK6"
                ],
                "count": 1
            }
        ]
    },
    {
        "type": "message",
        "user": "U80MTJ93N",
        "text": "Tu as été plus rapide que moi :slightly_smiling_face:",
        "thread_ts": "1515407034.000069",
        "parent_user_id": "U7N572PK6",
        "ts": "1515412038.000124"
    },
    {
        "type": "message",
        "user": "U80MTJ93N",
        "text": "quelqu’un a mis en Iota?",
        "ts": "1515412060.000232",
        "reactions": [
            {
                "name": "+1",
                "users": [
                    "U79R5UC4E"
                ],
                "count": 1
            }
        ]
    },
    {
        "type": "message",
        "user": "U55AEG97A",
        "text": ":hand:",
        "ts": "1515412964.000212"
    },
    {
        "type": "message",
        "user": "U5AV671TK",
        "text": "tradingview et cointracking :wink:",
        "thread_ts": "1515407034.000069",
        "parent_user_id": "U7N572PK6",
        "ts": "1515416848.000311"
    },
    {
        "type": "message",
        "user": "U80MTJ93N",
        "text": "Binance du coup? Je viens d’ouvrir mon compte Binance là, mais le dépot prend max de temps. Tu avais eu ce problème ?",
        "ts": "1515417291.000006"
    },
    {
        "type": "message",
        "user": "U55AEG97A",
        "text": "yep mais j’ai ouvert l’année dernière il y avait pas ce genre de pb à l’époque :confused:",
        "ts": "1515417767.000100"
    },
    {
        "type": "message",
        "user": "U55AEG97A",
        "text": "enfin c’était quand même un peu plus long que les autres",
        "ts": "1515417777.000049"
    },
    {
        "type": "message",
        "user": "U55AEG97A",
        "text": "<https:\/\/twitter.com\/binance_2017\/status\/950285496172789760> :hankey:",
        "attachments": [
            {
                "fallback": "<https:\/\/twitter.com\/binance_2017|@binance_2017>: #Binance Re-opens Limited User Registrations and Adjusts Referral Program Terms\n#cryptocurrency \n<https:\/\/support.binance.com\/hc\/en-us\/articles\/115003834812>",
                "ts": 1515400692,
                "author_name": "binance",
                "author_link": "https:\/\/twitter.com\/binance_2017\/status\/950285496172789760",
                "author_icon": "https:\/\/pbs.twimg.com\/profile_images\/877809641375137792\/397UDjy4_normal.jpg",
                "author_subname": "@binance_2017",
                "text": "#Binance Re-opens Limited User Registrations and Adjusts Referral Program Terms\n#cryptocurrency \n<https:\/\/support.binance.com\/hc\/en-us\/articles\/115003834812>",
                "service_name": "twitter",
                "service_url": "https:\/\/twitter.com\/",
                "from_url": "https:\/\/twitter.com\/binance_2017\/status\/950285496172789760",
                "id": 1,
                "footer": "Twitter",
                "footer_icon": "https:\/\/a.slack-edge.com\/6e067\/img\/services\/twitter_pixel_snapped_32.png"
            }
        ],
        "ts": "1515417911.000307"
    },
    {
        "type": "message",
        "user": "U80MTJ93N",
        "text": "Je vois, je savais même pas qu’il avait réouvert aujourd’hui!",
        "ts": "1515419188.000114"
    },
    {
        "type": "message",
        "user": "U80MTJ93N",
        "text": "Cointracking à l’air vraiment cool!",
        "thread_ts": "1515407034.000069",
        "parent_user_id": "U7N572PK6",
        "ts": "1515419268.000044"
    },
    {
        "type": "message",
        "user": "U7N572PK6",
        "text": "top :slightly_smiling_face: merci",
        "thread_ts": "1515407034.000069",
        "parent_user_id": "U7N572PK6",
        "ts": "1515420432.000275"
    },
    {
        "type": "message",
        "user": "U7TQ5FHT4",
        "text": "C'est déjà refermé #TopKek",
        "ts": "1515428322.000425"
    },
    {
        "user": "U58RVQT8W",
        "text": "<@U58RVQT8W> has joined the channel",
        "type": "message",
        "subtype": "channel_join",
        "ts": "1515428364.000236"
    }
]