[
    {
        "type": "message",
        "user": "U5AV671TK",
        "text": "Haha ou sinon tu utilises juste l'API de cryptopanic pour faire de l'analyse de sentiment",
        "ts": "1515141554.000123"
    },
    {
        "type": "message",
        "user": "U5AV671TK",
        "text": "d'ailleurs je me suis dit qu'il faudrait juste inverser l'analyse des articles du monde ou du figaro :smile: quand ils disent que c'est dead, tu achètes, et vice versa",
        "ts": "1515141589.000073",
        "reactions": [
            {
                "name": "+1",
                "users": [
                    "U53T3FKPD"
                ],
                "count": 1
            }
        ]
    },
    {
        "type": "message",
        "user": "U57DAHPE1",
        "text": "Honnêtement vous analysez surtout les conséquences plutôt que les causes. A chaque fois que le Figaro, Libération parle c’est parce que y’a eu des gros mouvements, et ces gros mouvements sont en effets corrélés à des pics de flux twitter &amp; co concernant les cryptos. Mais les vrais déclencheurs de pump &amp; dump pour la plupart des monnaies c’est : “ce pays vient de légiférer en rapport avec les cryptos et cette techno progresse dans tel pays (ex : Chine, Israël, Estonie) \/ ce coin vient d’être intégré ou non dans tel système de trading ou de paiement. Les banques se mettent à en trader officiellement. Telle conf avec Vitalik gnagnagna” Les annonces officielles marquent les plus gros mouvements.",
        "ts": "1515143961.000059"
    },
    {
        "type": "message",
        "user": "U57DAHPE1",
        "text": "Mais ton système d’influence sur twitter <@U62V7G8J1> ça pourrait marcher avec un coin de merde pour le lol. \nEx : je pige rien à la remontée soudaine du Dogecoin. Je pense que c’est un whale qui trolle",
        "edited": {
            "user": "U57DAHPE1",
            "ts": "1515144064.000000"
        },
        "ts": "1515144039.000401"
    },
    {
        "type": "message",
        "user": "U57DAHPE1",
        "text": "Sinon vous connaissez un moyen d’avoir la répartition des wallets en fonction de chaque monnaie \/ coefficient Gini de la détention des coins ? Ex : XRP est détenu à 30% par les créateurs et 80% par des whales et banques, donc Coin de merde",
        "ts": "1515144140.000267"
    },
    {
        "type": "message",
        "user": "U5AV671TK",
        "text": "haha yes c'était un troll mon idée",
        "ts": "1515144141.000075"
    },
    {
        "type": "message",
        "user": "U5AV671TK",
        "text": "mais ce genre d'annonce tu l'as sur cryptopanic",
        "edited": {
            "user": "U5AV671TK",
            "ts": "1515144153.000000"
        },
        "ts": "1515144147.000376"
    },
    {
        "type": "message",
        "user": "U5AV671TK",
        "text": "ils avaient annoncé que le Ripple allait être montré sur plein de TVs asiatiques, et une heure plus tard il faisait son fameux +90%",
        "ts": "1515144189.000278"
    },
    {
        "type": "message",
        "user": "U62V7G8J1",
        "text": "Dis ça au mec qui a influencé le cours de Lafarge (il me semble que c'était Lafarge) avec à peine plus d'une centaine de compte... Certes ça a changé de 10%, mais 10% d'une boîte du CAC40?\n\nSi ça marche avec un coin de merde, que tu fais +300% en 2 jours, t'es bien après :slightly_smiling_face: Tu fais ça sur toutes celles de merde :slightly_smiling_face:",
        "attachments": [
            {
                "fallback": "[January 5th, 2018 10:20 AM] hugoperan: Mais ton système d’influence sur twitter <@U62V7G8J1> ça pourrait marcher avec un coin de merde pour le lol. \nEx : je pige rien à la remontée soudaine du Dogecoin. Je pense que c’est un whale qui trolle",
                "ts": "1515144039.000401",
                "author_id": "U57DAHPE1",
                "author_subname": "Hugo Peran",
                "channel_id": "C8AJMDGD6",
                "channel_name": "crypto",
                "is_msg_unfurl": true,
                "text": "Mais ton système d’influence sur twitter <@U62V7G8J1> ça pourrait marcher avec un coin de merde pour le lol. \nEx : je pige rien à la remontée soudaine du Dogecoin. Je pense que c’est un whale qui trolle",
                "author_name": "Hugo Peran",
                "author_link": "https:\/\/growthhackingfrance.slack.com\/team\/U57DAHPE1",
                "author_icon": "https:\/\/avatars.slack-edge.com\/2017-07-25\/216421030912_4850c6e503bc1a0083f5_48.jpg",
                "mrkdwn_in": [
                    "text"
                ],
                "color": "D0D0D0",
                "from_url": "https:\/\/growthhackingfrance.slack.com\/archives\/C8AJMDGD6\/p1515144039000401",
                "is_share": true,
                "footer": "Posted in #crypto"
            }
        ],
        "ts": "1515144746.000265"
    },
    {
        "type": "message",
        "user": "U62V7G8J1",
        "text": "Et du coup, mining et faille sur les processeurs Intel, on en parle? Pour les crypto de merde :smile:",
        "ts": "1515144861.000017"
    },
    {
        "type": "message",
        "user": "U546L44SJ",
        "text": "ahahah good idea. Non je reste sur mon Ripplz. J’arrete de faire de l’intraday. Je fais mon bet sur l’année 2018.",
        "ts": "1515145544.000237"
    },
    {
        "type": "message",
        "user": "U7TQ5FHT4",
        "text": "C'est moi où il est impossible de se créer un compte sur toutes les plateformes de trading ? :smile:",
        "ts": "1515162531.000242"
    },
    {
        "type": "message",
        "user": "U57DAHPE1",
        "text": "Ils ont énormément de requête d’inscription là en même temps",
        "ts": "1515163702.000126"
    },
    {
        "type": "message",
        "user": "U55AEG97A",
        "text": "Quote de l'année :joy:",
        "thread_ts": "1515062747.000272",
        "parent_user_id": "U546L44SJ",
        "ts": "1515164164.000675",
        "reactions": [
            {
                "name": "white_check_mark",
                "users": [
                    "U546L44SJ"
                ],
                "count": 1
            }
        ]
    },
    {
        "type": "message",
        "user": "U80MTJ93N",
        "text": "Une pote vend son compte Bitrex, si jamais",
        "ts": "1515164400.000062"
    },
    {
        "type": "message",
        "user": "U80MTJ93N",
        "text": ":stuck_out_tongue:",
        "ts": "1515164400.000493"
    }
]