[
    {
        "type": "message",
        "user": "U55AEG97A",
        "text": "Ca remonte bien j’espère que vous avez pu en profiter",
        "ts": "1516356447.003311"
    },
    {
        "type": "message",
        "user": "U704DHU58",
        "text": "j'ai renforcé au plus bas sur $VEN pour ma part",
        "ts": "1516379124.001886",
        "reactions": [
            {
                "name": "+1",
                "users": [
                    "U79R5UC4E"
                ],
                "count": 1
            }
        ]
    },
    {
        "type": "message",
        "user": "U704DHU58",
        "text": "le NEO a bien dippé aussi",
        "ts": "1516379148.001623"
    },
    {
        "type": "message",
        "user": "U704DHU58",
        "text": "pour info : <https:\/\/www.eventbrite.com\/e\/im-in-love-with-the-crypto-with-eric-larcheveque-ceo-ledger-tickets-42311072557>",
        "attachments": [
            {
                "service_name": "Eventbrite",
                "title": "I'm in love with the crypto :heart: with Eric Larcheveque, CEO @ Ledger",
                "title_link": "https:\/\/www.eventbrite.com\/e\/im-in-love-with-the-crypto-with-eric-larcheveque-ceo-ledger-tickets-42311072557",
                "text": "We have a fresh new meetup series for you: I'm in love with the Crypto :heart:Hosted by our friends at Decusis, this event series will showcase founding stories and exciting companies from the crypto world. For this 1st edition, we're psyched to welcome on stage Eric Larcheveque, CEO &amp; cofounder of Ledger.Ledger is killing it right now! One week after announcing they sold more than 1 million cryptocurrency hardware wallets in 165 countries, they just announced this week a new fundraising of $75M from top VC funds like Draper Esprit, FirstMark Capital, and others. The company develops security and infrastructure solutions for cryptocurrencies, as well as blockchain applications, through their proprietary technology. Their latest product, the Ledger Nano S is the de-facto solution for crypto investors wanting to securely store they cryptocurrencies.Ledger was founded in 2014 by an ambitious team of 8 entrepreneurs who saw the potential of blockchain technology to advance the way we live. The team realized very early on that security would be the cornerstone of the long term success for blockchain. Ledger has been growing at a fast pace since then and now employs 82 people in San Francisco, Paris and Vierzon. Eric is the CEO and cofounder of Ledger. Before that, Eric was behind several French and European projects, including the Montorgueil Group, sold to Rentabiliweb in 2007, and Prixing, a mobile price comparator bought by HighCo in 2013. Passionate about Bitcoin and the high potential of distributed consensus technologies, he founded la Maison du Bitcoin in 2014. This was a Parisian place for for startups working on implementation of Bitcoin technology and the first physical purchase counter of bitcoins in Europe.Join us for this fireside chat with Eric Larcheveque, led by Thibauld Favre - also a serial entrepreneur &amp; founder of Decusis. We will talk about the founding story of one of the hottest startups in the cryptocurrencies space and their vision for the future of the industry.About your host :sparkles:Decusis is a full-stack organization empowering crypto entrepreneurs through knowledge, network and capital.Follow them on Twitter =&gt; <https:\/\/twitter.com\/_Decusis> See you Monday!",
                "fallback": "Eventbrite: I'm in love with the crypto ❤️ with Eric Larcheveque, CEO @ Ledger",
                "image_url": "https:\/\/img.evbuc.com\/https%3A%2F%2Fcdn.evbuc.com%2Fimages%2F39765420%2F235460311829%2F1%2Foriginal.jpg?w=1000&rect=0%2C49%2C812%2C406&s=e7df2d6c92fad8ee837a812582abaaf3",
                "fields": [
                    {
                        "title": "Where",
                        "value": "25 rue du Petit Musc, 75004 Paris, France",
                        "short": true
                    },
                    {
                        "title": "When",
                        "value": "Mon, Jan 22, 2018 at 6:30 PM",
                        "short": true
                    }
                ],
                "from_url": "https:\/\/www.eventbrite.com\/e\/im-in-love-with-the-crypto-with-eric-larcheveque-ceo-ledger-tickets-42311072557",
                "image_width": 500,
                "image_height": 250,
                "image_bytes": 996797,
                "service_icon": "https:\/\/cdn.evbstatic.com\/s3-build\/perm_001\/1aab42\/django\/images\/touch_icons\/apple-touch-icon-57x57.png",
                "id": 1
            }
        ],
        "ts": "1516379201.000341"
    },
    {
        "user": "U544VLX7D",
        "text": "<@U544VLX7D> has joined the channel",
        "type": "message",
        "subtype": "channel_join",
        "ts": "1516405042.000390"
    }
]