[
    {
        "type": "message",
        "user": "U704DHU58",
        "text": "l'essentiel est de se faire de la PV et non l'inverse, bien joué quand même pour être re rentré :slightly_smiling_face:",
        "thread_ts": "1515064662.000037",
        "parent_user_id": "U704DHU58",
        "ts": "1515234633.000069"
    },
    {
        "type": "message",
        "user": "U704DHU58",
        "text": "Essaye Kucoin ( <https:\/\/www.kucoin.com\/#\/?r=1sM22> ;))",
        "edited": {
            "user": "U704DHU58",
            "ts": "1515235099.000000"
        },
        "ts": "1515234750.000011"
    },
    {
        "type": "message",
        "user": "U704DHU58",
        "text": "je crois que ça passe encore la registration",
        "ts": "1515234757.000046"
    },
    {
        "type": "message",
        "user": "U704DHU58",
        "text": "ya des bonnes gems là bas : DRGN, KCS, pas dispos ailleurs",
        "ts": "1515234777.000042"
    },
    {
        "type": "message",
        "user": "U704DHU58",
        "text": "Cryptopia aussi dispo, j'ai des ZCL et UBQ là bas",
        "thread_ts": "1515234837.000018",
        "reply_count": 1,
        "replies": [
            {
                "user": "U7TQ5FHT4",
                "ts": "1515406476.000269"
            }
        ],
        "unread_count": 1,
        "ts": "1515234837.000018"
    },
    {
        "user": "U543MU39P",
        "text": "<@U543MU39P> has joined the channel",
        "type": "message",
        "subtype": "channel_join",
        "ts": "1515243161.000056"
    }
]