[
    {
        "type": "message",
        "user": "U7N572PK6",
        "text": "Hello, j’ai envie de m’initier un peu, un site web conseillé pour détenir un portefeuille et commencer quelques transactions ? Je commencerai bien par ETH, VEN, LTC, des avis ?",
        "ts": "1514974032.000219"
    },
    {
        "type": "message",
        "user": "U546L44SJ",
        "text": "moi je reste sur le stellar et le ripple.",
        "ts": "1514975297.000202"
    },
    {
        "type": "message",
        "user": "U546L44SJ",
        "text": "je fais des bons bénéfs j’ai déjà fait X 3 et ca va continuer",
        "ts": "1514975362.000036"
    },
    {
        "type": "message",
        "user": "U7N572PK6",
        "text": "sur quels sites ?",
        "ts": "1514989747.000035"
    },
    {
        "type": "message",
        "user": "U546L44SJ",
        "text": "poloniex",
        "ts": "1514991083.000339"
    },
    {
        "type": "message",
        "user": "U546L44SJ",
        "text": "<@U7N572PK6> bcp de gens n’aiment pas le ripple. Vraiment une question de mentalité ^^mais je m’en fous que ce soit centralisé ou pas, SCAM ou pas... je fais de l’argent et c’est tout ce que je veux :slightly_smiling_face:",
        "ts": "1514991141.000543"
    },
    {
        "type": "message",
        "user": "U546L44SJ",
        "text": "ripple à 2.75",
        "ts": "1515005097.000289"
    },
    {
        "type": "message",
        "user": "U57DAHPE1",
        "text": "Ou loulou quand le Ripple va tomber on va rigouler !",
        "ts": "1515012930.000240",
        "reactions": [
            {
                "name": "baby_chick",
                "users": [
                    "U56KDGG9W",
                    "U80MTJ93N"
                ],
                "count": 2
            }
        ]
    },
    {
        "type": "message",
        "user": "U704DHU58",
        "text": "$VEN c'est du feu",
        "ts": "1515015291.000039"
    },
    {
        "type": "message",
        "user": "U704DHU58",
        "text": "$XRP aussi finalement :slightly_smiling_face:",
        "ts": "1515015299.000370"
    },
    {
        "type": "message",
        "user": "U792LV72S",
        "text": "Bon je reviens après deux petites semaines d’absence ",
        "ts": "1515018051.000396"
    },
    {
        "type": "message",
        "user": "U792LV72S",
        "text": "<@U546L44SJ>, je te l’avais dit pour le XLM, n’est-ce pas :)",
        "ts": "1515018081.000293"
    }
]