[
    {
        "user": "U54E8FNL9",
        "text": "<@U54E8FNL9> has joined the channel",
        "type": "message",
        "subtype": "channel_join",
        "ts": "1515753577.000531"
    },
    {
        "type": "message",
        "user": "U5AV671TK",
        "text": "<http:\/\/upcoin.com\/?ID=bfe12272|upcoin.com\/?ID=bfe12272>",
        "ts": "1515767882.000328"
    },
    {
        "type": "message",
        "user": "U5AV671TK",
        "text": "viendez sur mon exchange qui vous offre 500 dolls",
        "ts": "1515767897.000321",
        "reactions": [
            {
                "name": "rocket",
                "users": [
                    "U544GB0JF"
                ],
                "count": 1
            }
        ]
    },
    {
        "type": "message",
        "user": "U55AEG97A",
        "text": "wtf 500^^",
        "ts": "1515768255.000599"
    },
    {
        "type": "message",
        "user": "U5AV671TK",
        "text": "c'est un bon pote qui trade énormément qui m'a filé le lien, j'ai tendance à lui faire confiance",
        "ts": "1515768367.000133"
    },
    {
        "type": "message",
        "user": "U55AEG97A",
        "text": "Je me disais bien : “les 500$ offerts à l’inscription ne sont utilisables qu’en frais de transactions.\nDonc ni retirables en $, ni utilisables pour acheter des cryptos. Juste payer les “fee”.”",
        "ts": "1515768583.000223"
    },
    {
        "type": "message",
        "user": "U5AV671TK",
        "text": "haha",
        "ts": "1515768631.000409"
    },
    {
        "type": "message",
        "user": "U5AV671TK",
        "text": "balek je fais de la thune avec le COSS :smile:",
        "ts": "1515768646.000187"
    },
    {
        "type": "message",
        "user": "U5AV671TK",
        "text": "il pump + les dividendes",
        "ts": "1515768652.000287"
    },
    {
        "type": "message",
        "user": "U5AV671TK",
        "text": "<https:\/\/sso.coss.io\/api\/invite\/K7HH67GWZX>",
        "attachments": [
            {
                "title": "COSS.io",
                "title_link": "https:\/\/sso.coss.io\/api\/invite\/K7HH67GWZX",
                "fallback": "COSS.io",
                "image_url": "https:\/\/coss.io\/img\/logo-beta.png",
                "from_url": "https:\/\/sso.coss.io\/api\/invite\/K7HH67GWZX",
                "image_width": 705,
                "image_height": 160,
                "image_bytes": 37633,
                "service_icon": "https:\/\/sso.coss.io\/assets\/img\/favicons\/apple-icon-57x57.png",
                "service_name": "sso.coss.io",
                "id": 1
            }
        ],
        "ts": "1515768759.000093"
    },
    {
        "type": "message",
        "user": "U5AV671TK",
        "text": "Viendez tous ! Le principe =&gt; exchange crypto + achat possible en FIAT aussi + leur coin, le COSS, dont chaque détenteur reçoit toutes les deux semaines une proportion (à hauteur de # de coins détenus) des fees perçues par l'exchange toutes les deux semaines",
        "edited": {
            "user": "U5AV671TK",
            "ts": "1515768871.000000"
        },
        "ts": "1515768836.000001"
    },
    {
        "type": "message",
        "user": "U5AV671TK",
        "text": "c'est le truc qui fait fureur chez les gros traders en ce moment",
        "ts": "1515768849.000103"
    }
]