[
    {
        "type": "message",
        "user": "U544GB0JF",
        "text": "Vous avez quoi comme monnaies ici? :smile:",
        "ts": "1516270837.000206"
    },
    {
        "type": "message",
        "user": "U5AV671TK",
        "text": "Plus que de l'ETH et du NEO",
        "ts": "1516271408.000228"
    },
    {
        "type": "message",
        "user": "U57DAHPE1",
        "text": "ETH, NEO, un tout petit peu de XRP",
        "ts": "1516271437.000326"
    },
    {
        "type": "message",
        "user": "U57DAHPE1",
        "text": "Je peux plus acheter de Neo sur Bittrex",
        "ts": "1516271450.000013"
    },
    {
        "type": "message",
        "user": "U57DKJR5F",
        "text": "ETH only",
        "ts": "1516271514.000251"
    },
    {
        "type": "message",
        "user": "U54E8FNL9",
        "text": "investi 100% en Beercoin",
        "ts": "1516271646.000280"
    },
    {
        "type": "message",
        "user": "U79R5UC4E",
        "text": "#ETH, #TRX, #POE, #XLM, #XRP, #ADA, #IOTA, #ZRX, #NAS, #COB :slightly_smiling_face:",
        "ts": "1516273154.000352"
    },
    {
        "type": "message",
        "user": "U80MTJ93N",
        "text": "<https:\/\/2.bp.blogspot.com\/-OY4HTW3dCtg\/Wl5Y2mJSOZI\/AAAAAAAAB8M\/3OTt6dF3IugfHrvrPzDWXx0JjZWJppPlgCLcBGAs\/s1600\/chart.jpeg>",
        "attachments": [
            {
                "fallback": "691x1600px image",
                "image_url": "https:\/\/2.bp.blogspot.com\/-OY4HTW3dCtg\/Wl5Y2mJSOZI\/AAAAAAAAB8M\/3OTt6dF3IugfHrvrPzDWXx0JjZWJppPlgCLcBGAs\/s1600\/chart.jpeg",
                "image_width": 691,
                "image_height": 1600,
                "image_bytes": 140493,
                "from_url": "https:\/\/2.bp.blogspot.com\/-OY4HTW3dCtg\/Wl5Y2mJSOZI\/AAAAAAAAB8M\/3OTt6dF3IugfHrvrPzDWXx0JjZWJppPlgCLcBGAs\/s1600\/chart.jpeg",
                "id": 1
            }
        ],
        "ts": "1516277984.000032"
    },
    {
        "type": "message",
        "user": "U54PR7DFW",
        "text": "ETH, APPS (oups...) et BAT (as mal ca)",
        "ts": "1516280269.000384"
    },
    {
        "type": "message",
        "user": "U5AV671TK",
        "text": "<@U57DAHPE1> tu peux toujours acheter et vendre du NEO sur Bittrex, c'est juste le wallet qui est blocké",
        "ts": "1516280852.000261"
    },
    {
        "type": "message",
        "user": "U5AV671TK",
        "text": "genre tu peux plus en faire rentrer\/sortir, mais tu peux toujours trade",
        "ts": "1516280865.000242"
    },
    {
        "type": "message",
        "user": "U57DAHPE1",
        "text": "<@U5AV671TK> Je vais tester alors ci-mer",
        "ts": "1516281723.000117"
    },
    {
        "type": "message",
        "user": "U57DAHPE1",
        "text": "En effet, j’ai juste plus accès à la plateforme de trading depuis mon wallet mais on peut trader",
        "ts": "1516282031.000149"
    },
    {
        "user": "U5519FU87",
        "text": "<@U5519FU87> has joined the channel",
        "type": "message",
        "subtype": "channel_join",
        "ts": "1516292851.000501"
    }
]