[
    {
        "type": "message",
        "user": "U558R6GCA",
        "text": "Je viens d’acheter du Ven, finger crossed.",
        "thread_ts": "1514925696.000316",
        "parent_user_id": "U56KDGG9W",
        "ts": "1515057552.000162"
    },
    {
        "type": "message",
        "user": "U546L44SJ",
        "text": "<@U704DHU58> il me semble que le 20 décembre je t’ai dit XRP :slightly_smiling_face:",
        "ts": "1515062590.000088"
    },
    {
        "type": "message",
        "user": "U546L44SJ",
        "text": "<@U792LV72S> ouai j’en ai acheté well done :slightly_smiling_face:",
        "ts": "1515062606.000010"
    },
    {
        "type": "message",
        "user": "U546L44SJ",
        "text": "today ripple à 3",
        "ts": "1515062628.000265"
    },
    {
        "type": "message",
        "user": "U792LV72S",
        "text": "Il a top à 3.84 ce matin le XRP",
        "ts": "1515062662.000354"
    },
    {
        "type": "message",
        "user": "U546L44SJ",
        "text": "le problème avec le Ripple c’est que les gens sont des idéologues",
        "ts": "1515062673.000214"
    },
    {
        "type": "message",
        "user": "U546L44SJ",
        "text": "ouai j’ai vu mais il va rebondir tu vas voir",
        "ts": "1515062682.000310"
    },
    {
        "type": "message",
        "user": "U792LV72S",
        "text": "Dans quel sens ?",
        "ts": "1515062691.000249"
    },
    {
        "type": "message",
        "user": "U546L44SJ",
        "text": "comme c’est “centralisé” les puristes disent que ce n’est pas une vrai crypto et que c’est un SCAM. Mais bon.. en vrai on s’en fout",
        "ts": "1515062724.000227"
    },
    {
        "type": "message",
        "user": "U546L44SJ",
        "text": "Quand j’achète du nutella y’a pas bcp de chocolat c’est pas pour autant que j’aime pas :slightly_smiling_face:",
        "thread_ts": "1515062747.000272",
        "reply_count": 1,
        "replies": [
            {
                "user": "U55AEG97A",
                "ts": "1515164164.000675"
            }
        ],
        "unread_count": 1,
        "ts": "1515062747.000272"
    },
    {
        "type": "message",
        "user": "U792LV72S",
        "text": "Bel exemple, haha",
        "ts": "1515062873.000111"
    },
    {
        "type": "message",
        "user": "U792LV72S",
        "text": "Et la techno du Stellar, t'en penses quoi ?",
        "ts": "1515063073.000206"
    },
    {
        "type": "message",
        "user": "U792LV72S",
        "text": "Sur \/r\/Stellar sur Reddit, l'esprit c'est plutôt \"balek de la thune, la techno derrière le Stellar est ouf!\"",
        "ts": "1515063127.000302"
    },
    {
        "type": "message",
        "user": "U704DHU58",
        "text": "ça consolide bien XRP",
        "ts": "1515063825.000268"
    },
    {
        "type": "message",
        "user": "U704DHU58",
        "text": "<@U546L44SJ> ouais si j'avais su j'en aurai pris bcp plus",
        "ts": "1515064361.000066"
    },
    {
        "type": "message",
        "user": "U704DHU58",
        "text": "j'étais encore sur XVG qui flambait et mes émotions m'ont dit de les garder",
        "ts": "1515064378.000089"
    },
    {
        "type": "message",
        "user": "U704DHU58",
        "text": "faut être plus froid et vendre quand t'as fait une bonne PV je pense",
        "ts": "1515064388.000125"
    },
    {
        "type": "message",
        "user": "U704DHU58",
        "text": "résultat XVG a entamé une descente aux enfers derriere",
        "ts": "1515064407.000221"
    },
    {
        "type": "message",
        "user": "U704DHU58",
        "text": "j'ai tout largué là",
        "ts": "1515064414.000235"
    },
    {
        "type": "message",
        "user": "U704DHU58",
        "text": "t'as quelles valeurs dans ton sac ? :slightly_smiling_face:",
        "ts": "1515064472.000095"
    },
    {
        "type": "message",
        "user": "U546L44SJ",
        "text": "Si xrp est vendu sur coinbase ca va être sanglant ",
        "ts": "1515064505.000192"
    },
    {
        "type": "message",
        "user": "U546L44SJ",
        "text": "Je suis full stellar et xrp",
        "ts": "1515064521.000183"
    },
    {
        "type": "message",
        "user": "U546L44SJ",
        "text": "Plus de BTC",
        "ts": "1515064528.000339"
    },
    {
        "type": "message",
        "user": "U546L44SJ",
        "text": "ca risque de se faire interdire ",
        "ts": "1515064536.000259"
    },
    {
        "type": "message",
        "user": "U704DHU58",
        "text": "j'ai aussi largué BTC et decru ma position en BCH",
        "ts": "1515064546.000081"
    },
    {
        "type": "message",
        "user": "U704DHU58",
        "text": "il me reste :",
        "ts": "1515064557.000183"
    },
    {
        "type": "message",
        "user": "U546L44SJ",
        "text": "Bch ca fait des pics",
        "ts": "1515064564.000365"
    },
    {
        "type": "message",
        "user": "U704DHU58",
        "text": "Vechain (VEN)\nRipple (XRP)\nIcon (ICX)\nDragonChain (DRGN)\nChainlink (LINK)\nUbiq (UBIQ)\nBitcoin Cash (BCH)\nBinance (BNB)\nGenesis Vision (GVT)\nSolaris (XLR)\nZClassic (ZCL)\nRaiden (RDN)",
        "ts": "1515064566.000313"
    },
    {
        "type": "message",
        "user": "U704DHU58",
        "text": "j'avais du XLM, acheté à 0,15 vendu à 0,27",
        "ts": "1515064632.000116"
    },
    {
        "type": "message",
        "user": "U704DHU58",
        "text": "comme TRX, pris à 0,02 vendu à 0,04",
        "ts": "1515064654.000066"
    },
    {
        "type": "message",
        "user": "U704DHU58",
        "text": "on sait jamais ce qui arrive par la suite :slightly_smiling_face:",
        "thread_ts": "1515064662.000037",
        "reply_count": 4,
        "replies": [
            {
                "user": "U53T3FKPD",
                "ts": "1515072983.000049"
            },
            {
                "user": "U53T3FKPD",
                "ts": "1515072994.000105"
            },
            {
                "user": "U53T3FKPD",
                "ts": "1515073018.000118"
            },
            {
                "user": "U704DHU58",
                "ts": "1515234633.000069"
            }
        ],
        "unread_count": 4,
        "ts": "1515064662.000037"
    },
    {
        "type": "message",
        "user": "U53T3FKPD",
        "text": "Si ça peut te rassurer j’ai vendu du ripple à 1.45 y’a une semaine :sweat_smile:",
        "thread_ts": "1515064662.000037",
        "parent_user_id": "U704DHU58",
        "ts": "1515072983.000049"
    },
    {
        "type": "message",
        "user": "U53T3FKPD",
        "text": "avant de racheter à 2",
        "thread_ts": "1515064662.000037",
        "parent_user_id": "U704DHU58",
        "ts": "1515072994.000105"
    },
    {
        "type": "message",
        "user": "U53T3FKPD",
        "text": "après je peux pas me plaindre j’étais rentré à 0.6 mais bon c’est toujours dur de prendre sa PV en crypto je trouve",
        "thread_ts": "1515064662.000037",
        "parent_user_id": "U704DHU58",
        "ts": "1515073018.000118"
    },
    {
        "type": "message",
        "user": "U558R6GCA",
        "text": "Btw top le $ven <@U56KDGG9W>  merci",
        "ts": "1515088906.000838"
    },
    {
        "type": "message",
        "user": "U56KDGG9W",
        "text": ":wink:",
        "ts": "1515091261.000381"
    },
    {
        "type": "message",
        "user": "U57DAHPE1",
        "text": "Et hop Flash Crash Ripple - 30% de sa valeur perdue !",
        "ts": "1515097227.000257"
    },
    {
        "type": "message",
        "user": "U57DAHPE1",
        "text": "<@U546L44SJ> REVENDS !!",
        "ts": "1515098256.000588"
    },
    {
        "type": "message",
        "user": "U62V7G8J1",
        "text": "Côté Black Hat, c'est en train de réfléchir à influencer un peu les cours avec de la fausse hype via des centaines de fake accounts sur les réseaux sociaux (va falloir se remettre à Twitter putain)",
        "edited": {
            "user": "U62V7G8J1",
            "ts": "1515100229.000000"
        },
        "ts": "1515100218.000203"
    }
]