[
    {
        "type": "message",
        "user": "U55AEG97A",
        "text": "C’est les soldes là :slightly_smiling_face:",
        "ts": "1516091988.000187"
    },
    {
        "type": "message",
        "user": "U53T3FKPD",
        "text": "D’ailleurs si vous voulez les meilleurs fees kraken a désactivé ses fees jusque fin janvier",
        "ts": "1516093371.000106"
    },
    {
        "type": "message",
        "user": "U53T3FKPD",
        "text": "l’occasion de passer les plafonds de volumes d’échanges",
        "ts": "1516093389.000092"
    },
    {
        "type": "message",
        "user": "U53T3FKPD",
        "text": "et au délà de 1.000.000$ de volume vous êtes à 0.10% de fees :v:",
        "ts": "1516093408.000204"
    },
    {
        "type": "message",
        "user": "U704DHU58",
        "text": "j'ai pris de l'ETH sur le dip",
        "ts": "1516100847.000159"
    },
    {
        "type": "message",
        "user": "U704DHU58",
        "text": "vous connaissez la raison du mega dump ?",
        "ts": "1516100897.000142"
    },
    {
        "type": "message",
        "subtype": "file_share",
        "text": "<@U80MTJ93N> uploaded a file: <https:\/\/growthhackingfrance.slack.com\/files\/U80MTJ93N\/F8TAGLWLT\/image.png|image.png>",
        "file": {
            "id": "F8TAGLWLT",
            "created": 1516101247,
            "timestamp": 1516101247,
            "name": "image.png",
            "title": "image.png",
            "mimetype": "image\/png",
            "filetype": "png",
            "pretty_type": "PNG",
            "user": "U80MTJ93N",
            "editable": false,
            "size": 239793,
            "mode": "hosted",
            "is_external": false,
            "external_type": "",
            "is_public": true,
            "public_url_shared": false,
            "display_as_bot": false,
            "username": "",
            "url_private": "https:\/\/files.slack.com\/files-pri\/T53A65FDZ-F8TAGLWLT\/image.png?t=xoxe-173346185475-301971345667-302189523445-be5392310f98480a534c383e5d92ddc3",
            "url_private_download": "https:\/\/files.slack.com\/files-pri\/T53A65FDZ-F8TAGLWLT\/download\/image.png?t=xoxe-173346185475-301971345667-302189523445-be5392310f98480a534c383e5d92ddc3",
            "thumb_64": "https:\/\/files.slack.com\/files-tmb\/T53A65FDZ-F8TAGLWLT-1d1014c6b9\/image_64.png?t=xoxe-173346185475-301971345667-302189523445-be5392310f98480a534c383e5d92ddc3",
            "thumb_80": "https:\/\/files.slack.com\/files-tmb\/T53A65FDZ-F8TAGLWLT-1d1014c6b9\/image_80.png?t=xoxe-173346185475-301971345667-302189523445-be5392310f98480a534c383e5d92ddc3",
            "thumb_360": "https:\/\/files.slack.com\/files-tmb\/T53A65FDZ-F8TAGLWLT-1d1014c6b9\/image_360.png?t=xoxe-173346185475-301971345667-302189523445-be5392310f98480a534c383e5d92ddc3",
            "thumb_360_w": 274,
            "thumb_360_h": 360,
            "thumb_480": "https:\/\/files.slack.com\/files-tmb\/T53A65FDZ-F8TAGLWLT-1d1014c6b9\/image_480.png?t=xoxe-173346185475-301971345667-302189523445-be5392310f98480a534c383e5d92ddc3",
            "thumb_480_w": 365,
            "thumb_480_h": 480,
            "thumb_160": "https:\/\/files.slack.com\/files-tmb\/T53A65FDZ-F8TAGLWLT-1d1014c6b9\/image_160.png?t=xoxe-173346185475-301971345667-302189523445-be5392310f98480a534c383e5d92ddc3",
            "image_exif_rotation": 1,
            "original_w": 505,
            "original_h": 664,
            "permalink": "https:\/\/growthhackingfrance.slack.com\/files\/U80MTJ93N\/F8TAGLWLT\/image.png",
            "permalink_public": "https:\/\/slack-files.com\/T53A65FDZ-F8TAGLWLT-ffce9ccfb5",
            "channels": [],
            "groups": [],
            "ims": [],
            "comments_count": 0,
            "reactions": [
                {
                    "name": "clap",
                    "users": [
                        "U543MU39P",
                        "U54E8FNL9",
                        "U792LV72S"
                    ],
                    "count": 3
                }
            ]
        },
        "user": "U80MTJ93N",
        "upload": true,
        "display_as_bot": false,
        "username": "berson.quentin",
        "bot_id": null,
        "ts": "1516101248.000246"
    },
    {
        "type": "message",
        "user": "U80MTJ93N",
        "text": "Je pense que le BTC suit cette courbe et que tous les autres AltCoin suivent.",
        "ts": "1516101265.000400"
    },
    {
        "type": "message",
        "user": "U704DHU58",
        "text": "c'est la même que le XVG",
        "ts": "1516101486.000282"
    },
    {
        "type": "message",
        "user": "U704DHU58",
        "text": "qui est parti à la cave",
        "ts": "1516101491.000191"
    },
    {
        "type": "message",
        "user": "U54E8FNL9",
        "text": "l’immobilier en France (et Paris surtout) suit la même courbe",
        "ts": "1516101925.000057"
    },
    {
        "type": "message",
        "user": "U54E8FNL9",
        "text": "bravo <@U80MTJ93N> pour cette référence à la théorie économique",
        "ts": "1516101946.000116"
    },
    {
        "type": "message",
        "user": "U55AEG97A",
        "text": "C’est cyclique sur les pics, on vit une correction ^^ Ca c’est passé plusieurs fois les 6 derniers mois",
        "ts": "1516101975.000372"
    },
    {
        "type": "message",
        "user": "U57DAHPE1",
        "text": "Tout baisse sauf le NEO, mais on peut plus en acheter sur Bittrex",
        "ts": "1516103702.000278"
    },
    {
        "type": "message",
        "user": "U80MTJ93N",
        "text": "<@U54E8FNL9> tu as les courbes et sources pour l’immobilier? Ca m’intéresse",
        "ts": "1516105111.000439"
    },
    {
        "type": "message",
        "user": "U54E8FNL9",
        "text": "<https:\/\/www.immobilier-danger.com\/Immobilier-octobre-2017-les-968.html>",
        "attachments": [
            {
                "title": "Immobilier octobre 2017 : les chiffres du mois",
                "title_link": "https:\/\/www.immobilier-danger.com\/Immobilier-octobre-2017-les-968.html",
                "text": "Voici toute l'actualité de l'immobilier en octobre 2017 à travers différents chiffres : évolution des taux, des loyers, de la taxe d'habitation, des prix par rapport aux revenus, des aides...",
                "fallback": "Immobilier octobre 2017 : les chiffres du mois",
                "from_url": "https:\/\/www.immobilier-danger.com\/Immobilier-octobre-2017-les-968.html",
                "service_icon": "https:\/\/www.immobilier-danger.com\/IMG\/immobilier-danger.ico",
                "service_name": "immobilier-danger.com",
                "id": 1
            }
        ],
        "ts": "1516105320.000399",
        "reactions": [
            {
                "name": "ok_hand",
                "users": [
                    "U80MTJ93N"
                ],
                "count": 1
            }
        ]
    },
    {
        "type": "message",
        "user": "U612RQTSR",
        "text": "ça vous parle 1ere, 2eme et 3eme génération de crypto?",
        "ts": "1516108354.000525"
    },
    {
        "type": "message",
        "user": "U80MTJ93N",
        "text": "En rapport avec la tech qu’elles utilisent qui évolue de génération en génération, et qu’une génération ouvre un plus grand marché pour la suivante ?",
        "edited": {
            "user": "U80MTJ93N",
            "ts": "1516108575.000000"
        },
        "ts": "1516108552.000006"
    },
    {
        "type": "message",
        "subtype": "file_share",
        "text": "<@U55AEG97A> uploaded a file: <https:\/\/growthhackingfrance.slack.com\/files\/U55AEG97A\/F8SRAC6SU\/image.png|image.png> and commented: <@U612RQTSR> this ?",
        "file": {
            "id": "F8SRAC6SU",
            "created": 1516108571,
            "timestamp": 1516108571,
            "name": "image.png",
            "title": "image.png",
            "mimetype": "image\/png",
            "filetype": "png",
            "pretty_type": "PNG",
            "user": "U55AEG97A",
            "editable": false,
            "size": 123513,
            "mode": "hosted",
            "is_external": false,
            "external_type": "",
            "is_public": true,
            "public_url_shared": false,
            "display_as_bot": false,
            "username": "",
            "url_private": "https:\/\/files.slack.com\/files-pri\/T53A65FDZ-F8SRAC6SU\/image.png?t=xoxe-173346185475-301971345667-302189523445-be5392310f98480a534c383e5d92ddc3",
            "url_private_download": "https:\/\/files.slack.com\/files-pri\/T53A65FDZ-F8SRAC6SU\/download\/image.png?t=xoxe-173346185475-301971345667-302189523445-be5392310f98480a534c383e5d92ddc3",
            "thumb_64": "https:\/\/files.slack.com\/files-tmb\/T53A65FDZ-F8SRAC6SU-180668d517\/image_64.png?t=xoxe-173346185475-301971345667-302189523445-be5392310f98480a534c383e5d92ddc3",
            "thumb_80": "https:\/\/files.slack.com\/files-tmb\/T53A65FDZ-F8SRAC6SU-180668d517\/image_80.png?t=xoxe-173346185475-301971345667-302189523445-be5392310f98480a534c383e5d92ddc3",
            "thumb_360": "https:\/\/files.slack.com\/files-tmb\/T53A65FDZ-F8SRAC6SU-180668d517\/image_360.png?t=xoxe-173346185475-301971345667-302189523445-be5392310f98480a534c383e5d92ddc3",
            "thumb_360_w": 360,
            "thumb_360_h": 318,
            "thumb_160": "https:\/\/files.slack.com\/files-tmb\/T53A65FDZ-F8SRAC6SU-180668d517\/image_160.png?t=xoxe-173346185475-301971345667-302189523445-be5392310f98480a534c383e5d92ddc3",
            "image_exif_rotation": 1,
            "original_w": 453,
            "original_h": 400,
            "permalink": "https:\/\/growthhackingfrance.slack.com\/files\/U55AEG97A\/F8SRAC6SU\/image.png",
            "permalink_public": "https:\/\/slack-files.com\/T53A65FDZ-F8SRAC6SU-e0642d5d2b",
            "channels": [],
            "groups": [],
            "ims": [],
            "comments_count": 1,
            "initial_comment": {
                "id": "Fc8TJGVBA9",
                "created": 1516108571,
                "timestamp": 1516108571,
                "user": "U55AEG97A",
                "is_intro": true,
                "comment": "<@U612RQTSR> this ?"
            },
            "reactions": [
                {
                    "name": "ok_hand",
                    "users": [
                        "U57DAHPE1",
                        "U80MTJ93N"
                    ],
                    "count": 2
                }
            ]
        },
        "user": "U55AEG97A",
        "upload": true,
        "display_as_bot": false,
        "username": "mhdtfr",
        "bot_id": null,
        "ts": "1516108572.000399"
    },
    {
        "type": "message",
        "user": "U80MTJ93N",
        "text": "Pour 2017 on entend plus parler de Token plutôt que d’Altcoin",
        "ts": "1516108648.000123"
    },
    {
        "type": "message",
        "user": "U792LV72S",
        "text": "Pour les intéressés du Stellar",
        "ts": "1516111705.000250"
    },
    {
        "type": "message",
        "user": "U792LV72S",
        "text": "Vous pouvez désormais rejoindre la pool sans fee :slightly_smiling_face:\n<https:\/\/lumenaut.net\/>",
        "attachments": [
            {
                "title": "Lumenaut",
                "title_link": "https:\/\/lumenaut.net\/",
                "text": "Stellar inflation pool. By the community, for the community.",
                "fallback": "Lumenaut",
                "from_url": "https:\/\/lumenaut.net\/",
                "service_name": "lumenaut.net",
                "id": 1
            }
        ],
        "ts": "1516111712.000594",
        "reactions": [
            {
                "name": "+1",
                "users": [
                    "U79R5UC4E"
                ],
                "count": 1
            }
        ]
    },
    {
        "type": "message",
        "user": "U543MU39P",
        "text": "Vous avez entendu parler de l'ICO de Telegram relayé par tous les médias de la planète ? Il semblerait que ce soit un Fake. <https:\/\/journalducoin.com\/altcoins\/ico-telegram-scam\/>",
        "attachments": [
            {
                "service_name": "Journal du Coin",
                "title": "L'ICO de Telegram était en fin de compte un scam ! - Journal du Coin",
                "title_link": "https:\/\/journalducoin.com\/altcoins\/ico-telegram-scam\/",
                "text": "Parmi les ICO les plus attendues de 2018, celle de Telegram se pose aisément en tête de liste. Cependant, de gros doutes sont en train de parcourir la toile concernant l’authenticité de cette offre… Enquête du Journal du Coin sur le sujet. Le doute s’est installé… Récemment, le site <http:\/\/gramtoken.io|gramtoken.io> voyait le jour. Un design",
                "fallback": "Journal du Coin: L'ICO de Telegram était en fin de compte un scam ! - Journal du Coin",
                "thumb_url": "https:\/\/journalducoin.com\/m\/2018\/01\/ICO-Telegram-Scam-alert.jpg",
                "ts": 1516119829,
                "from_url": "https:\/\/journalducoin.com\/altcoins\/ico-telegram-scam\/",
                "thumb_width": 1920,
                "thumb_height": 1080,
                "service_icon": "https:\/\/i2.wp.com\/journalducoin.com\/m\/2017\/10\/JDC2-reseaux1-04.png?fit=180%2C180&#038;ssl=1",
                "id": 1
            }
        ],
        "edited": {
            "user": "U543MU39P",
            "ts": "1516127182.000000"
        },
        "ts": "1516125172.000325"
    },
    {
        "type": "message",
        "subtype": "file_share",
        "text": "<@U55AEG97A> uploaded a file: <https:\/\/growthhackingfrance.slack.com\/files\/U55AEG97A\/F8UUZ17L7\/image_uploaded_from_ios.jpg|Image uploaded from iOS>",
        "file": {
            "id": "F8UUZ17L7",
            "created": 1516148578,
            "timestamp": 1516148578,
            "name": "Image uploaded from iOS.jpg",
            "title": "Image uploaded from iOS",
            "mimetype": "image\/jpeg",
            "filetype": "jpg",
            "pretty_type": "JPEG",
            "user": "U55AEG97A",
            "editable": false,
            "size": 353018,
            "mode": "hosted",
            "is_external": false,
            "external_type": "",
            "is_public": true,
            "public_url_shared": false,
            "display_as_bot": false,
            "username": "",
            "url_private": "https:\/\/files.slack.com\/files-pri\/T53A65FDZ-F8UUZ17L7\/image_uploaded_from_ios.jpg?t=xoxe-173346185475-301971345667-302189523445-be5392310f98480a534c383e5d92ddc3",
            "url_private_download": "https:\/\/files.slack.com\/files-pri\/T53A65FDZ-F8UUZ17L7\/download\/image_uploaded_from_ios.jpg?t=xoxe-173346185475-301971345667-302189523445-be5392310f98480a534c383e5d92ddc3",
            "thumb_64": "https:\/\/files.slack.com\/files-tmb\/T53A65FDZ-F8UUZ17L7-063ad0ea44\/image_uploaded_from_ios_64.jpg?t=xoxe-173346185475-301971345667-302189523445-be5392310f98480a534c383e5d92ddc3",
            "thumb_80": "https:\/\/files.slack.com\/files-tmb\/T53A65FDZ-F8UUZ17L7-063ad0ea44\/image_uploaded_from_ios_80.jpg?t=xoxe-173346185475-301971345667-302189523445-be5392310f98480a534c383e5d92ddc3",
            "thumb_360": "https:\/\/files.slack.com\/files-tmb\/T53A65FDZ-F8UUZ17L7-063ad0ea44\/image_uploaded_from_ios_360.jpg?t=xoxe-173346185475-301971345667-302189523445-be5392310f98480a534c383e5d92ddc3",
            "thumb_360_w": 360,
            "thumb_360_h": 189,
            "thumb_480": "https:\/\/files.slack.com\/files-tmb\/T53A65FDZ-F8UUZ17L7-063ad0ea44\/image_uploaded_from_ios_480.jpg?t=xoxe-173346185475-301971345667-302189523445-be5392310f98480a534c383e5d92ddc3",
            "thumb_480_w": 480,
            "thumb_480_h": 252,
            "thumb_160": "https:\/\/files.slack.com\/files-tmb\/T53A65FDZ-F8UUZ17L7-063ad0ea44\/image_uploaded_from_ios_160.jpg?t=xoxe-173346185475-301971345667-302189523445-be5392310f98480a534c383e5d92ddc3",
            "thumb_720": "https:\/\/files.slack.com\/files-tmb\/T53A65FDZ-F8UUZ17L7-063ad0ea44\/image_uploaded_from_ios_720.jpg?t=xoxe-173346185475-301971345667-302189523445-be5392310f98480a534c383e5d92ddc3",
            "thumb_720_w": 720,
            "thumb_720_h": 378,
            "thumb_800": "https:\/\/files.slack.com\/files-tmb\/T53A65FDZ-F8UUZ17L7-063ad0ea44\/image_uploaded_from_ios_800.jpg?t=xoxe-173346185475-301971345667-302189523445-be5392310f98480a534c383e5d92ddc3",
            "thumb_800_w": 800,
            "thumb_800_h": 420,
            "thumb_960": "https:\/\/files.slack.com\/files-tmb\/T53A65FDZ-F8UUZ17L7-063ad0ea44\/image_uploaded_from_ios_960.jpg?t=xoxe-173346185475-301971345667-302189523445-be5392310f98480a534c383e5d92ddc3",
            "thumb_960_w": 960,
            "thumb_960_h": 504,
            "thumb_1024": "https:\/\/files.slack.com\/files-tmb\/T53A65FDZ-F8UUZ17L7-063ad0ea44\/image_uploaded_from_ios_1024.jpg?t=xoxe-173346185475-301971345667-302189523445-be5392310f98480a534c383e5d92ddc3",
            "thumb_1024_w": 1024,
            "thumb_1024_h": 538,
            "image_exif_rotation": 1,
            "original_w": 1548,
            "original_h": 813,
            "permalink": "https:\/\/growthhackingfrance.slack.com\/files\/U55AEG97A\/F8UUZ17L7\/image_uploaded_from_ios.jpg",
            "permalink_public": "https:\/\/slack-files.com\/T53A65FDZ-F8UUZ17L7-e61a340bab",
            "channels": [],
            "groups": [],
            "ims": [],
            "comments_count": 0
        },
        "user": "U55AEG97A",
        "upload": true,
        "display_as_bot": false,
        "username": "mhdtfr",
        "bot_id": null,
        "upload_reply_to": "078E2064-3D05-41F9-9C82-38801EBDC78C",
        "ts": "1516148577.000409"
    }
]