[
    {
        "type": "message",
        "user": "U55AEG97A",
        "text": "Je relance le sujet, vous utilisez quoi pour le suivi des cours ? Je suis sur plusieurs exchange et c’est relou de pas avoir tout au même endroit, mais d’un côté je n’ai rien trouvé pour faire un dashboard multi-exchange (ex: j’ai de l’eth sur kraken\/bittrex, du btc sur binance\/bittrex\/paymium... etc) sur mobile Blockfolio convient plus ou moins mais sur desktop vous avez un truc cool ?",
        "thread_ts": "1515853233.000078",
        "reply_count": 2,
        "replies": [
            {
                "user": "U580PR7C2",
                "ts": "1516008587.000013"
            },
            {
                "user": "U55AEG97A",
                "ts": "1516009454.000186"
            }
        ],
        "unread_count": 2,
        "ts": "1515853233.000078"
    },
    {
        "type": "message",
        "user": "U5AV671TK",
        "text": "Cointracking ",
        "ts": "1515857020.000053"
    },
    {
        "type": "message",
        "user": "U5AV671TK",
        "text": "C'est trop cool. Ça se log à tous les exchanges via csv ou api ",
        "ts": "1515857051.000128",
        "reactions": [
            {
                "name": "+1",
                "users": [
                    "U543MU39P"
                ],
                "count": 1
            }
        ]
    },
    {
        "type": "message",
        "user": "U55AEG97A",
        "text": "Merci je vais regarder, leur site fait peur par contre lol",
        "ts": "1515858879.000005"
    },
    {
        "type": "message",
        "user": "U543MU39P",
        "text": "Formation gratuite pour comprendre la blockchain, la crypto, les ICO et un peu plus : <https:\/\/www.youtube.com\/playlist?list=PLbe2Mm0CYmrKwL5bqDgKUjw-DgNVrCrI6>",
        "attachments": [
            {
                "service_name": "YouTube",
                "service_url": "https:\/\/www.youtube.com\/",
                "title": "[ 1 - Formation Cryptos ] Qu'est-ce que la Blockchain ?",
                "title_link": "https:\/\/www.youtube.com\/watch?v=q0_-p-PZE1c&amp;index=1",
                "author_name": "DMTrading",
                "author_link": "https:\/\/www.youtube.com\/user\/wipeopendo",
                "thumb_url": "https:\/\/i.ytimg.com\/vi\/q0_-p-PZE1c\/hqdefault.jpg",
                "thumb_width": 480,
                "thumb_height": 360,
                "fallback": "YouTube Video: [ 1 - Formation Cryptos ] Qu'est-ce que la Blockchain ?",
                "video_html": "<iframe width=\"400\" height=\"225\" src=\"https:\/\/www.youtube.com\/embed\/q0_-p-PZE1c?feature=oembed&autoplay=1&iv_load_policy=3\" frameborder=\"0\" allow=\"autoplay; encrypted-media\" allowfullscreen><\/iframe>",
                "video_html_width": 400,
                "video_html_height": 225,
                "from_url": "https:\/\/www.youtube.com\/watch?v=q0_-p-PZE1c&amp;index=1",
                "service_icon": "https:\/\/a.slack-edge.com\/2089\/img\/unfurl_icons\/youtube.png",
                "id": 1
            }
        ],
        "edited": {
            "user": "U543MU39P",
            "ts": "1515861188.000000"
        },
        "ts": "1515861141.000027"
    }
]