[
    {
        "type": "message",
        "subtype": "file_share",
        "text": "<@U53T3FKPD> uploaded a file: <https:\/\/growthhackingfrance.slack.com\/files\/U53T3FKPD\/F8V6S7G23\/image.png|image.png>",
        "file": {
            "id": "F8V6S7G23",
            "created": 1516193278,
            "timestamp": 1516193278,
            "name": "image.png",
            "title": "image.png",
            "mimetype": "image\/png",
            "filetype": "png",
            "pretty_type": "PNG",
            "user": "U53T3FKPD",
            "editable": false,
            "size": 164760,
            "mode": "hosted",
            "is_external": false,
            "external_type": "",
            "is_public": true,
            "public_url_shared": false,
            "display_as_bot": false,
            "username": "",
            "url_private": "https:\/\/files.slack.com\/files-pri\/T53A65FDZ-F8V6S7G23\/image.png?t=xoxe-173346185475-301971345667-302189523445-be5392310f98480a534c383e5d92ddc3",
            "url_private_download": "https:\/\/files.slack.com\/files-pri\/T53A65FDZ-F8V6S7G23\/download\/image.png?t=xoxe-173346185475-301971345667-302189523445-be5392310f98480a534c383e5d92ddc3",
            "thumb_64": "https:\/\/files.slack.com\/files-tmb\/T53A65FDZ-F8V6S7G23-cbbe5f8782\/image_64.png?t=xoxe-173346185475-301971345667-302189523445-be5392310f98480a534c383e5d92ddc3",
            "thumb_80": "https:\/\/files.slack.com\/files-tmb\/T53A65FDZ-F8V6S7G23-cbbe5f8782\/image_80.png?t=xoxe-173346185475-301971345667-302189523445-be5392310f98480a534c383e5d92ddc3",
            "thumb_360": "https:\/\/files.slack.com\/files-tmb\/T53A65FDZ-F8V6S7G23-cbbe5f8782\/image_360.png?t=xoxe-173346185475-301971345667-302189523445-be5392310f98480a534c383e5d92ddc3",
            "thumb_360_w": 360,
            "thumb_360_h": 311,
            "thumb_160": "https:\/\/files.slack.com\/files-tmb\/T53A65FDZ-F8V6S7G23-cbbe5f8782\/image_160.png?t=xoxe-173346185475-301971345667-302189523445-be5392310f98480a534c383e5d92ddc3",
            "image_exif_rotation": 1,
            "original_w": 476,
            "original_h": 411,
            "permalink": "https:\/\/growthhackingfrance.slack.com\/files\/U53T3FKPD\/F8V6S7G23\/image.png",
            "permalink_public": "https:\/\/slack-files.com\/T53A65FDZ-F8V6S7G23-a8138cbe29",
            "channels": [],
            "groups": [],
            "ims": [],
            "comments_count": 0,
            "reactions": [
                {
                    "name": "joy",
                    "users": [
                        "U541S59L4"
                    ],
                    "count": 1
                }
            ]
        },
        "user": "U53T3FKPD",
        "upload": true,
        "display_as_bot": false,
        "username": "gvdh",
        "bot_id": null,
        "ts": "1516193280.000074"
    },
    {
        "type": "message",
        "user": "U80MTJ93N",
        "text": "Y’a pas mieux pour résumer la situation",
        "ts": "1516193944.000106"
    }
]