[
    {
        "type": "message",
        "user": "U580PR7C2",
        "text": "<http:\/\/altpocket.io|altpocket.io> est plutôt bien foutu",
        "thread_ts": "1515853233.000078",
        "parent_user_id": "U55AEG97A",
        "ts": "1516008587.000013"
    },
    {
        "type": "message",
        "user": "U55AEG97A",
        "text": "Merci :slightly_smiling_face:",
        "thread_ts": "1515853233.000078",
        "parent_user_id": "U55AEG97A",
        "ts": "1516009454.000186"
    },
    {
        "user": "U56U52XRC",
        "text": "<@U56U52XRC> has joined the channel",
        "type": "message",
        "subtype": "channel_join",
        "ts": "1516013587.000131"
    },
    {
        "type": "message",
        "user": "U792LV72S",
        "text": "Bon les gars",
        "ts": "1516025888.000041"
    },
    {
        "type": "message",
        "user": "U792LV72S",
        "text": "John Mcafee a tweeté à propos du Stellar $XLM",
        "ts": "1516025898.000191"
    },
    {
        "type": "message",
        "user": "U792LV72S",
        "text": "C'est le moment où jamais de buy, ça va bien monter là",
        "ts": "1516025907.000601"
    },
    {
        "type": "message",
        "user": "U792LV72S",
        "text": "<https:\/\/twitter.com\/officialmcafee\/status\/952906702478864384>",
        "attachments": [
            {
                "fallback": "<https:\/\/twitter.com\/officialmcafee|@officialmcafee>: Coin of the week: Lumen (XLM) - called Stellar by some - though Stellar is the name of the network that created the coins. One of the fastest and cheapest crypto transactions. Lumens facilitate the financing of Third World projects and is called by some “The next Bitcoin”.",
                "ts": 1516025636,
                "author_name": "John McAfee",
                "author_link": "https:\/\/twitter.com\/officialmcafee\/status\/952906702478864384",
                "author_icon": "https:\/\/pbs.twimg.com\/profile_images\/722878117967036416\/2MOt13No_normal.jpg",
                "author_subname": "@officialmcafee",
                "text": "Coin of the week: Lumen (XLM) - called Stellar by some - though Stellar is the name of the network that created the coins. One of the fastest and cheapest crypto transactions. Lumens facilitate the financing of Third World projects and is called by some “The next Bitcoin”.",
                "service_name": "twitter",
                "service_url": "https:\/\/twitter.com\/",
                "from_url": "https:\/\/twitter.com\/officialmcafee\/status\/952906702478864384",
                "id": 1,
                "footer": "Twitter",
                "footer_icon": "https:\/\/a.slack-edge.com\/6e067\/img\/services\/twitter_pixel_snapped_32.png"
            }
        ],
        "ts": "1516025916.000048",
        "reactions": [
            {
                "name": "+1",
                "users": [
                    "U79R5UC4E"
                ],
                "count": 1
            }
        ]
    },
    {
        "type": "message",
        "subtype": "file_share",
        "text": "<@U792LV72S> uploaded a file: <https:\/\/growthhackingfrance.slack.com\/files\/U792LV72S\/F8U1RDVDM\/image.png|image.png>",
        "file": {
            "id": "F8U1RDVDM",
            "created": 1516025921,
            "timestamp": 1516025921,
            "name": "image.png",
            "title": "image.png",
            "mimetype": "image\/png",
            "filetype": "png",
            "pretty_type": "PNG",
            "user": "U792LV72S",
            "editable": false,
            "size": 107609,
            "mode": "hosted",
            "is_external": false,
            "external_type": "",
            "is_public": true,
            "public_url_shared": false,
            "display_as_bot": false,
            "username": "",
            "url_private": "https:\/\/files.slack.com\/files-pri\/T53A65FDZ-F8U1RDVDM\/image.png?t=xoxe-173346185475-301971345667-302189523445-be5392310f98480a534c383e5d92ddc3",
            "url_private_download": "https:\/\/files.slack.com\/files-pri\/T53A65FDZ-F8U1RDVDM\/download\/image.png?t=xoxe-173346185475-301971345667-302189523445-be5392310f98480a534c383e5d92ddc3",
            "thumb_64": "https:\/\/files.slack.com\/files-tmb\/T53A65FDZ-F8U1RDVDM-72f3bedaad\/image_64.png?t=xoxe-173346185475-301971345667-302189523445-be5392310f98480a534c383e5d92ddc3",
            "thumb_80": "https:\/\/files.slack.com\/files-tmb\/T53A65FDZ-F8U1RDVDM-72f3bedaad\/image_80.png?t=xoxe-173346185475-301971345667-302189523445-be5392310f98480a534c383e5d92ddc3",
            "thumb_360": "https:\/\/files.slack.com\/files-tmb\/T53A65FDZ-F8U1RDVDM-72f3bedaad\/image_360.png?t=xoxe-173346185475-301971345667-302189523445-be5392310f98480a534c383e5d92ddc3",
            "thumb_360_w": 360,
            "thumb_360_h": 188,
            "thumb_480": "https:\/\/files.slack.com\/files-tmb\/T53A65FDZ-F8U1RDVDM-72f3bedaad\/image_480.png?t=xoxe-173346185475-301971345667-302189523445-be5392310f98480a534c383e5d92ddc3",
            "thumb_480_w": 480,
            "thumb_480_h": 251,
            "thumb_160": "https:\/\/files.slack.com\/files-tmb\/T53A65FDZ-F8U1RDVDM-72f3bedaad\/image_160.png?t=xoxe-173346185475-301971345667-302189523445-be5392310f98480a534c383e5d92ddc3",
            "thumb_720": "https:\/\/files.slack.com\/files-tmb\/T53A65FDZ-F8U1RDVDM-72f3bedaad\/image_720.png?t=xoxe-173346185475-301971345667-302189523445-be5392310f98480a534c383e5d92ddc3",
            "thumb_720_w": 720,
            "thumb_720_h": 376,
            "thumb_800": "https:\/\/files.slack.com\/files-tmb\/T53A65FDZ-F8U1RDVDM-72f3bedaad\/image_800.png?t=xoxe-173346185475-301971345667-302189523445-be5392310f98480a534c383e5d92ddc3",
            "thumb_800_w": 800,
            "thumb_800_h": 418,
            "thumb_960": "https:\/\/files.slack.com\/files-tmb\/T53A65FDZ-F8U1RDVDM-72f3bedaad\/image_960.png?t=xoxe-173346185475-301971345667-302189523445-be5392310f98480a534c383e5d92ddc3",
            "thumb_960_w": 960,
            "thumb_960_h": 501,
            "image_exif_rotation": 1,
            "original_w": 1000,
            "original_h": 522,
            "permalink": "https:\/\/growthhackingfrance.slack.com\/files\/U792LV72S\/F8U1RDVDM\/image.png",
            "permalink_public": "https:\/\/slack-files.com\/T53A65FDZ-F8U1RDVDM-aacb38ef3b",
            "channels": [],
            "groups": [],
            "ims": [],
            "comments_count": 0
        },
        "user": "U792LV72S",
        "upload": true,
        "display_as_bot": false,
        "username": "anthony.damota",
        "bot_id": null,
        "ts": "1516025924.000060"
    },
    {
        "type": "message",
        "user": "U57DAHPE1",
        "text": "Automatiquement : micro PUmp &amp; dump dans les 15 min qui suivent",
        "thread_ts": "1516026636.000045",
        "reply_count": 1,
        "replies": [
            {
                "user": "U57DKJR5F",
                "ts": "1516026647.000187"
            }
        ],
        "unread_count": 1,
        "ts": "1516026636.000045"
    },
    {
        "type": "message",
        "user": "U57DKJR5F",
        "text": "obligé",
        "thread_ts": "1516026636.000045",
        "parent_user_id": "U57DAHPE1",
        "ts": "1516026647.000187"
    },
    {
        "type": "message",
        "user": "U57DAHPE1",
        "text": "Nouvelle stratégie court terme, scrapper 24\/24h le compte de McAfee, Regex avec toutes les monnaies du marché. Puis buy immédiatement et Sell 5 min après",
        "edited": {
            "user": "U57DAHPE1",
            "ts": "1516026925.000000"
        },
        "ts": "1516026914.000159"
    },
    {
        "type": "message",
        "user": "U55AEG97A",
        "text": "Ca marche si tu as un gros volume seulement, pour faire 5% - fees sur 1k c’est pas ultra intéressant lol",
        "ts": "1516027018.000013"
    },
    {
        "type": "message",
        "user": "U53T3FKPD",
        "text": "le pump &amp; dump se fait en moins de 30sec sur son compte",
        "ts": "1516027207.000104"
    },
    {
        "type": "message",
        "user": "U53T3FKPD",
        "text": "j’ai vu des bots tourner",
        "ts": "1516027216.000437"
    },
    {
        "type": "message",
        "subtype": "file_share",
        "text": "<@U53T3FKPD> uploaded a file: <https:\/\/growthhackingfrance.slack.com\/files\/U53T3FKPD\/F8T0BJPAN\/capture_d___e__cran_2018-01-15_a___15.40.23.png|Capture d’écran 2018-01-15 à 15.40.23.png>",
        "file": {
            "id": "F8T0BJPAN",
            "created": 1516027243,
            "timestamp": 1516027243,
            "name": "Capture d’écran 2018-01-15 à 15.40.23.png",
            "title": "Capture d’écran 2018-01-15 à 15.40.23.png",
            "mimetype": "image\/png",
            "filetype": "png",
            "pretty_type": "PNG",
            "user": "U53T3FKPD",
            "editable": false,
            "size": 30346,
            "mode": "hosted",
            "is_external": false,
            "external_type": "",
            "is_public": true,
            "public_url_shared": false,
            "display_as_bot": false,
            "username": "",
            "url_private": "https:\/\/files.slack.com\/files-pri\/T53A65FDZ-F8T0BJPAN\/capture_d___e__cran_2018-01-15_a___15.40.23.png?t=xoxe-173346185475-301971345667-302189523445-be5392310f98480a534c383e5d92ddc3",
            "url_private_download": "https:\/\/files.slack.com\/files-pri\/T53A65FDZ-F8T0BJPAN\/download\/capture_d___e__cran_2018-01-15_a___15.40.23.png?t=xoxe-173346185475-301971345667-302189523445-be5392310f98480a534c383e5d92ddc3",
            "thumb_64": "https:\/\/files.slack.com\/files-tmb\/T53A65FDZ-F8T0BJPAN-08c7253915\/capture_d___e__cran_2018-01-15_a___15.40.23_64.png?t=xoxe-173346185475-301971345667-302189523445-be5392310f98480a534c383e5d92ddc3",
            "thumb_80": "https:\/\/files.slack.com\/files-tmb\/T53A65FDZ-F8T0BJPAN-08c7253915\/capture_d___e__cran_2018-01-15_a___15.40.23_80.png?t=xoxe-173346185475-301971345667-302189523445-be5392310f98480a534c383e5d92ddc3",
            "thumb_360": "https:\/\/files.slack.com\/files-tmb\/T53A65FDZ-F8T0BJPAN-08c7253915\/capture_d___e__cran_2018-01-15_a___15.40.23_360.png?t=xoxe-173346185475-301971345667-302189523445-be5392310f98480a534c383e5d92ddc3",
            "thumb_360_w": 119,
            "thumb_360_h": 360,
            "thumb_480": "https:\/\/files.slack.com\/files-tmb\/T53A65FDZ-F8T0BJPAN-08c7253915\/capture_d___e__cran_2018-01-15_a___15.40.23_480.png?t=xoxe-173346185475-301971345667-302189523445-be5392310f98480a534c383e5d92ddc3",
            "thumb_480_w": 158,
            "thumb_480_h": 480,
            "thumb_160": "https:\/\/files.slack.com\/files-tmb\/T53A65FDZ-F8T0BJPAN-08c7253915\/capture_d___e__cran_2018-01-15_a___15.40.23_160.png?t=xoxe-173346185475-301971345667-302189523445-be5392310f98480a534c383e5d92ddc3",
            "image_exif_rotation": 1,
            "original_w": 216,
            "original_h": 656,
            "permalink": "https:\/\/growthhackingfrance.slack.com\/files\/U53T3FKPD\/F8T0BJPAN\/capture_d___e__cran_2018-01-15_a___15.40.23.png",
            "permalink_public": "https:\/\/slack-files.com\/T53A65FDZ-F8T0BJPAN-9442dcbc73",
            "channels": [],
            "groups": [],
            "ims": [],
            "comments_count": 0
        },
        "user": "U53T3FKPD",
        "upload": true,
        "display_as_bot": false,
        "username": "gvdh",
        "bot_id": null,
        "ts": "1516027246.000068"
    },
    {
        "type": "message",
        "user": "U53T3FKPD",
        "text": "vue par minute :grin:",
        "ts": "1516027258.000126"
    },
    {
        "type": "message",
        "user": "U80MTJ93N",
        "text": "Rah la vache",
        "ts": "1516028337.000586"
    },
    {
        "type": "message",
        "user": "U792LV72S",
        "text": "Non ça ne marche plus avec McAfee maintenant, <@U57DAHPE1> -&gt; <https:\/\/hype.codes\/john-mcafee-promotion-does-not-help-stellar-surge>",
        "attachments": [
            {
                "title": "John McAfee promotion does not help Stellar to surge | Hype.Codes",
                "title_link": "https:\/\/hype.codes\/john-mcafee-promotion-does-not-help-stellar-surge",
                "text": "After changing the rubrics \"Coin of the day\" to \"Coin of the Week\" John McAfee tweeted about Stellar which caused a 4% rise of the coin price within 30 minutes, but the currency started falling down again",
                "fallback": "John McAfee promotion does not help Stellar to surge | Hype.Codes",
                "from_url": "https:\/\/hype.codes\/john-mcafee-promotion-does-not-help-stellar-surge",
                "service_icon": "https:\/\/hype.codes\/apple-icon-60x60.png",
                "service_name": "hype.codes",
                "id": 1
            }
        ],
        "ts": "1516053620.000463"
    },
    {
        "type": "message",
        "user": "U792LV72S",
        "text": "Y’a eu un pump de même pas 15 minutes et puis c’est revenu à la normale",
        "ts": "1516053643.000247"
    },
    {
        "type": "message",
        "user": "U57DAHPE1",
        "text": "<@U55AEG97A> La plupart des exchanges ont des fees de placement à 0,25%. Donc si la crypto fait + de 0,50% de montée t’es gagnant.",
        "ts": "1516054161.000013"
    },
    {
        "type": "message",
        "user": "U57DAHPE1",
        "text": "Et aussi si tu places des ordres conditionnels (style stop &amp; limit) t’as pas de fees sur certaines plates-formes. Me demandes pas de t’expliquer pourquoi et comment. Mais c’est là…",
        "ts": "1516054220.000325"
    }
]