[
    {
        "type": "message",
        "user": "U57DAHPE1",
        "text": "<@U80MTJ93N> C’est pas 30% mon ami, ça va plutôt être 60%",
        "ts": "1514796982.000060"
    },
    {
        "type": "message",
        "user": "U57DAHPE1",
        "text": "Et t’as un truc à faire avec XMR, sur lequel tu peux cacher les transactions faites",
        "ts": "1514797056.000027"
    },
    {
        "type": "message",
        "user": "U57DAHPE1",
        "text": "En gros t’es techniquement protégé si tu te fais pas revirer l’argent en euros sur ton compte.",
        "ts": "1514797101.000009"
    },
    {
        "type": "message",
        "user": "U57DAHPE1",
        "text": "Je viens aussi de voir que l’Italie c’était cool pour les Whales, t’es quasi pas imposé là bas apparement.",
        "edited": {
            "user": "U57DAHPE1",
            "ts": "1514797162.000000"
        },
        "ts": "1514797142.000001"
    },
    {
        "type": "message",
        "user": "U57DAHPE1",
        "text": "Et j’ai revendu la moitié de mes XRP. Je me suis vraiment renseigné sur qui était derrière et c’est de la merde comme le disait Sacha. C’est pas de la blockchain c’est juste un gros délit d’initié détenu à 30% par les créateurs et 80% par des whales qui peuvent pump&amp;dump quand ils le souhaitent",
        "edited": {
            "user": "U57DAHPE1",
            "ts": "1514797391.000000"
        },
        "ts": "1514797286.000028"
    },
    {
        "type": "message",
        "user": "U57DAHPE1",
        "text": "J’ai revendu la moitié hier",
        "ts": "1514797314.000027"
    },
    {
        "user": "U7AF80QJC",
        "text": "<@U7AF80QJC> has joined the channel",
        "type": "message",
        "subtype": "channel_join",
        "ts": "1514815167.000043"
    }
]