[
    {
        "type": "message",
        "user": "U704DHU58",
        "text": "<@U57DAHPE1> pour te cacher encore plus tu peux passer par la TenX, carte bancaire localisé à gibraltar",
        "ts": "1514908793.000423"
    },
    {
        "type": "message",
        "user": "U704DHU58",
        "text": "tu peux payer avec, retirer etc",
        "ts": "1514908801.000484"
    },
    {
        "type": "message",
        "user": "U704DHU58",
        "text": "<https:\/\/www.youtube.com\/watch?v=9z81ThmDSG0>",
        "attachments": [
            {
                "service_name": "YouTube",
                "service_url": "https:\/\/www.youtube.com\/",
                "title": "PAYER PARTOUT AVEC VOS CRYPTOS | CARTE BITCOIN | La Baleine",
                "title_link": "https:\/\/www.youtube.com\/watch?v=9z81ThmDSG0",
                "author_name": "BaleineFR - La Baleine",
                "author_link": "https:\/\/www.youtube.com\/channel\/UCdEgqcbima-Bv5jnArrXiKA",
                "thumb_url": "https:\/\/i.ytimg.com\/vi\/9z81ThmDSG0\/hqdefault.jpg",
                "thumb_width": 480,
                "thumb_height": 360,
                "fallback": "YouTube Video: PAYER PARTOUT AVEC VOS CRYPTOS | CARTE BITCOIN | La Baleine",
                "video_html": "<iframe width=\"400\" height=\"225\" src=\"https:\/\/www.youtube.com\/embed\/9z81ThmDSG0?feature=oembed&autoplay=1&iv_load_policy=3\" frameborder=\"0\" gesture=\"media\" allow=\"encrypted-media\" allowfullscreen><\/iframe>",
                "video_html_width": 400,
                "video_html_height": 225,
                "from_url": "https:\/\/www.youtube.com\/watch?v=9z81ThmDSG0",
                "service_icon": "https:\/\/a.slack-edge.com\/2089\/img\/unfurl_icons\/youtube.png",
                "id": 1
            }
        ],
        "ts": "1514908873.000698",
        "reactions": [
            {
                "name": "+1",
                "users": [
                    "U57DAHPE1"
                ],
                "count": 1
            }
        ]
    },
    {
        "type": "message",
        "user": "U704DHU58",
        "text": "au passage j'ai découvert plusieurs groupes très sympa: le discord de la baleine, et sur telegram \"the gem club\" &amp; \"bitcoin bravado\"",
        "ts": "1514908917.000110"
    },
    {
        "type": "message",
        "user": "U704DHU58",
        "text": "pour xrp j'en ai laché 50% là",
        "ts": "1514908945.000238"
    },
    {
        "type": "message",
        "user": "U704DHU58",
        "text": "c'est comme XVG où tu as 100 personnes qui controlent 70% des tokens .. <https:\/\/verge-blockchain.info\/richlist>",
        "ts": "1514908980.000090"
    },
    {
        "type": "message",
        "user": "U704DHU58",
        "text": "sinon dans mon bag: VEN, DRGN, ICX, UBIQ",
        "edited": {
            "user": "U704DHU58",
            "ts": "1514909393.000000"
        },
        "ts": "1514909378.000389"
    },
    {
        "type": "message",
        "user": "U704DHU58",
        "text": "plus de BTC",
        "ts": "1514909410.000404"
    },
    {
        "type": "message",
        "user": "U5AV671TK",
        "text": "le BTC est déjà mort niveau techno :stuck_out_tongue: \"Le bitcoin est mort, longue vie au bitcoin !\"",
        "edited": {
            "user": "U5AV671TK",
            "ts": "1514910756.000000"
        },
        "ts": "1514910071.000520"
    },
    {
        "type": "message",
        "user": "U704DHU58",
        "text": "la preuve, quasi toutes les crypto sont green, et le BTC est flat :slightly_smiling_face:",
        "ts": "1514912222.000604"
    },
    {
        "type": "message",
        "user": "U56KDGG9W",
        "text": "Ether c’est le feu :heart:",
        "ts": "1514913603.000128"
    },
    {
        "type": "message",
        "user": "U56KDGG9W",
        "text": "Ven et ether, c’est vraiment les seules qui pour moi, peuvent avoir un véritable impact sur le long terme",
        "ts": "1514913642.000229"
    },
    {
        "type": "message",
        "user": "U56KDGG9W",
        "text": "Merci <@U57DAHPE1> pour les methodes qui permettent le 0 tax",
        "edited": {
            "user": "U56KDGG9W",
            "ts": "1514913697.000000"
        },
        "thread_ts": "1514913679.000502",
        "reply_count": 1,
        "replies": [
            {
                "user": "U57DAHPE1",
                "ts": "1514915217.000375"
            }
        ],
        "unread_count": 1,
        "ts": "1514913679.000502"
    },
    {
        "type": "message",
        "user": "U5AV671TK",
        "text": "+1 pour l'ether ",
        "ts": "1514913856.000397"
    },
    {
        "type": "message",
        "user": "U62V7G8J1",
        "text": "Pourquoi VEN ?",
        "ts": "1514915077.000397"
    },
    {
        "type": "message",
        "user": "U57DAHPE1",
        "text": "Après je pas fan de l’évasion fiscale. Mais qu’un etat technophobe par nature me prenne 60% des +value, faut pas déconner",
        "edited": {
            "user": "U57DAHPE1",
            "ts": "1514915385.000000"
        },
        "thread_ts": "1514913679.000502",
        "parent_user_id": "U56KDGG9W",
        "ts": "1514915217.000375",
        "reactions": [
            {
                "name": "joy",
                "users": [
                    "U56KDGG9W",
                    "U79R5UC4E"
                ],
                "count": 2
            }
        ]
    },
    {
        "type": "message",
        "user": "U56KDGG9W",
        "text": "1. A leadership team with stellar corporate experience and previous success. Not: the first business project with inexperienced leaders. ($GVT, $POWR)\n2. An existing corporation that preceded them. (In other words, there was previous business momentum.) Not: “Oh let’s start a company to house this idea.” ($SC, $GNT)\n3. They are a corporate developer with skin in the game. Not: community developers doing a passion project. ($PART, $BLK)\n4. They have backing of a major business player in PwC. Not: trying to go it alone and not plugged in to how business really gets done. (Many.) 5: Running on own blockchain. Not: dependent upon community backed platform like Ethereum. (Every ERC20 token.)\n5. Have a hardware component and patents to expand value. Not: “muh-blockchain will save us!” (Basically everyone else.)\n6. Have working tech. Not: “it’s gonna be so cool when we build this thing.” ($POWR, $GNT, $SC)\n7. Understated leadership team. Not: hyperbole and lies. ($NEO)\n8. Existing partnerships\/customers with major business titans. Not: hoping the customers will show up or waiting to get them once the PoC is live. (many) 10: A demonstrated use case across multiple industries for nearly unlimited scale. Not: niche industry. ($FUN, $ENJ)\n9. Actual market need. 98% of clothing manufactures are moving to RFID. 10\/Counterfeit goods are a trillion dollar problem. Not: do we really need “blockchain for x”?\n11.Legitimate corporate player. Not: shady dark web. ($XMR, $PART)\n12. Already using the product. Not: waiting on PoC or future use case ($CVC)\n13. Hasn’t yet had its first major moon, increase since launch only +38%. Not: cool coin, already mooned. ($BTC, $TRIG)",
        "thread_ts": "1514925696.000316",
        "reply_count": 1,
        "replies": [
            {
                "user": "U558R6GCA",
                "ts": "1515057552.000162"
            }
        ],
        "unread_count": 1,
        "ts": "1514925696.000316",
        "reactions": [
            {
                "name": "clap",
                "users": [
                    "U558R6GCA"
                ],
                "count": 1
            }
        ]
    }
]