[
    {
        "type": "message",
        "user": "U792LV72S",
        "text": "Yop! Sur Reddit on est en train de faire une pool Stellar sans fee, donc si vous avez mis l'adresse d'inflation sur XLMPool qui vous prend 10%, venez chez nous dès que notre pool sera ready, normalement d'ici la semaine prochaine :slightly_smiling_face:",
        "ts": "1515689110.000274",
        "reactions": [
            {
                "name": "ok_hand",
                "users": [
                    "U541S59L4"
                ],
                "count": 1
            }
        ]
    },
    {
        "type": "message",
        "user": "U792LV72S",
        "text": "On a théoriquement les 52 millions de XLM requis, donc on pourra payout dès les premières semaines !",
        "ts": "1515689156.000166"
    },
    {
        "type": "message",
        "user": "U792LV72S",
        "text": "Si vous êtes chauds, envoyez moi (environ) combien de XLM vous avez dans votre wallet en DM, c'est pour nos stats et pour qu'on s'organise au mieux :rocket:",
        "ts": "1515689351.000735"
    },
    {
        "type": "message",
        "user": "U792LV72S",
        "text": "Voici le lien sur Reddit où l'on parle de ça: <https:\/\/www.reddit.com\/r\/Stellar\/comments\/7ox4jt\/stellar_community_pool\/>",
        "attachments": [
            {
                "service_name": "reddit",
                "title": "Stellar Community Pool • r\/Stellar",
                "title_link": "https:\/\/www.reddit.com\/r\/Stellar\/comments\/7ox4jt\/stellar_community_pool\/",
                "text": "#UPDATE 3# **We now have: ~53,884,835.37 Millions XLM** :hugging_face: **We now have: 1134 voters** WE MADE IT!!!! I went to the votes, cleaned them, and...",
                "fallback": "reddit: Stellar Community Pool • r\/Stellar",
                "thumb_url": "https:\/\/www.redditstatic.com\/icon.png",
                "from_url": "https:\/\/www.reddit.com\/r\/Stellar\/comments\/7ox4jt\/stellar_community_pool\/",
                "thumb_width": 256,
                "thumb_height": 256,
                "service_icon": "http:\/\/www.redditstatic.com\/desktop2x\/img\/favicon\/apple-icon-57x57.png",
                "id": 1
            }
        ],
        "ts": "1515689423.000360"
    }
]